id,country_of_origin,farm_name,lot_number,mill,ico_number,company,altitude,region,producer,number_of_bags,bag_weight,in_country_partner,harvest_year,grading_date,owner,variety,status,processing_method,aroma,flavor,aftertaste,acidity,body,balance,uniformity,clean_cup,sweetness,overall,defects,total_cup_points,moisture_percentage,category_one_defects,quakers,color,category_two_defects,expiration,certification_body,certification_address,certification_contact,country,altitude_ft_flag,elevation_band,quality_tier
0,Colombia,Finca El Paraiso,CQU2022015,Finca El Paraiso,,Coffee Quality Union,1815.0,Americas,Diego Samuel Bermudez,1,35 kg,Japan Coffee Exchange,2021 / 2022,"September 21st, 2022",Coffee Quality Union,Castillo,Completed,Double Anaerobic Washed,8.58,8.5,8.42,8.58,8.25,8.42,10.0,10.0,10.0,8.58,0.0,89.33,11.8,0,0,green,3,"September 21st, 2023",Japan Coffee Exchange,"〒413-0002 静岡県熱海市伊豆山１１７３−５８ 1173-58 Izusan, Atami, Shizuoka, 413-0002 JAPAN",松澤　宏樹　Koju Matsuzawa - +81(0)9085642901,Colombia,False,high,top_specialty
1,Taiwan,Royal Bean Geisha Estate,"The 2022 Pacific Rim Coffee Summit,T037",Royal Bean Geisha Estate,,Taiwan Coffee Laboratory,1200.0,Asia-Pacific,曾福森,1,80 kg,Taiwan Coffee Laboratory 台灣咖啡研究室,2021 / 2022,"November 15th, 2022",Taiwan Coffee Laboratory 台灣咖啡研究室,Gesha,Completed,Washed / Wet,8.5,8.5,7.92,8.0,7.92,8.25,10.0,10.0,10.0,8.5,0.0,87.58,10.5,0,0,blue-green,0,"November 15th, 2023",Taiwan Coffee Laboratory 台灣咖啡研究室,"QAHWAH CO., LTD 4F, No. 225, Sec. 3, Beixin Rd., Xindian Dist. New Taipei City, Taiwan","Lin, Jen-An Neil 林仁安 - 886-289116612",Taiwan,False,low,top_specialty
2,Laos,OKLAO coffee farms,"The 2022 Pacific Rim Coffee Summit,LA01",oklao coffee processing plant,,Taiwan Coffee Laboratory,1300.0,Asia-Pacific,WU TAO CHI,19,25 kg,Taiwan Coffee Laboratory 台灣咖啡研究室,2021 / 2022,"November 15th, 2022",Taiwan Coffee Laboratory 台灣咖啡研究室,Java,Completed,Semi Washed,8.33,8.42,8.08,8.17,7.92,8.17,10.0,10.0,10.0,8.33,0.0,87.42,10.4,0,0,yellowish,2,"November 15th, 2023",Taiwan Coffee Laboratory 台灣咖啡研究室,"QAHWAH CO., LTD 4F, No. 225, Sec. 3, Beixin Rd., Xindian Dist. New Taipei City, Taiwan","Lin, Jen-An Neil 林仁安 - 886-289116612",Laos,False,medium,top_specialty
3,Costa Rica,La Cumbre,CQU2022017,La Montana Tarrazu MIll,,Coffee Quality Union,1900.0,Americas,Santa Maria de Dota,1,22 kg,Japan Coffee Exchange,2022,"September 21st, 2022",Coffee Quality Union,Gesha,Completed,Washed / Wet,8.08,8.17,8.17,8.25,8.17,8.08,10.0,10.0,10.0,8.25,0.0,87.17,11.8,0,0,green,0,"September 21st, 2023",Japan Coffee Exchange,"〒413-0002 静岡県熱海市伊豆山１１７３−５８ 1173-58 Izusan, Atami, Shizuoka, 413-0002 JAPAN",松澤　宏樹　Koju Matsuzawa - +81(0)9085642901,Costa Rica,False,high,top_specialty
4,Colombia,Finca Santuario,CQU2023002,Finca Santuario,,Coffee Quality Union,1975.0,Americas,Camilo Merizalde,2,24 kg,Japan Coffee Exchange,2022,"March 6th, 2023",Coffee Quality Union,Red Bourbon,Completed,"Honey,Mossto",8.33,8.33,8.08,8.25,7.92,7.92,10.0,10.0,10.0,8.25,0.0,87.08,11.6,0,2,yellow-green,2,"March 5th, 2024",Japan Coffee Exchange,"〒413-0002 静岡県熱海市伊豆山１１７３−５８ 1173-58 Izusan, Atami, Shizuoka, 413-0002 JAPAN",松澤　宏樹　Koju Matsuzawa - +81(0)9085642901,Colombia,False,high,top_specialty
5,Guatemala,La Colina,"The 2022 Pacific Rim Coffee Summit,GT02",Dinámica Café,,Taiwan Coffee Laboratory,1668.0,Americas,Emilio Antonio Medina Garcia,5,30 kg,Taiwan Coffee Laboratory 台灣咖啡研究室,2022,"November 15th, 2022",Taiwan Coffee Laboratory 台灣咖啡研究室,Gesha,Completed,Washed / Wet,8.33,8.33,8.25,7.83,7.83,8.17,10.0,10.0,10.0,8.25,0.0,87.0,10.7,0,0,green,2,"November 15th, 2023",Taiwan Coffee Laboratory 台灣咖啡研究室,"QAHWAH CO., LTD 4F, No. 225, Sec. 3, Beixin Rd., Xindian Dist. New Taipei City, Taiwan","Lin, Jen-An Neil 林仁安 - 886-289116612",Guatemala,False,high,top_specialty
6,Taiwan,野牡丹咖啡莊園 Melastoma Coffee Estate,"The 2022 Pacific Rim Coffee Summit,T034",野牡丹咖啡,,Taiwan Coffee Laboratory,1250.0,Asia-Pacific,黃保錫,1,27 kg,Taiwan Coffee Laboratory 台灣咖啡研究室,2021 / 2022,"November 15th, 2022",Taiwan Coffee Laboratory 台灣咖啡研究室,Gesha,Completed,Washed / Wet,8.33,8.17,8.08,8.0,7.83,8.25,10.0,10.0,10.0,8.25,0.0,86.92,9.1,0,0,green,0,"November 15th, 2023",Taiwan Coffee Laboratory 台灣咖啡研究室,"QAHWAH CO., LTD 4F, No. 225, Sec. 3, Beixin Rd., Xindian Dist. New Taipei City, Taiwan","Lin, Jen-An Neil 林仁安 - 886-289116612",Taiwan,False,medium,top_specialty
7,Taiwan,七彩琉璃咖啡莊園 Chi Tsai Liu Li Ecological Farm,"The 2022 Pacific Rim Coffee Summit,T050",七彩琉璃咖啡莊園,,Taiwan Coffee Laboratory,1200.0,Asia-Pacific,莊家榮,1,90 kg,Taiwan Coffee Laboratory 台灣咖啡研究室,2021 / 2022,"November 15th, 2022",Taiwan Coffee Laboratory 台灣咖啡研究室,Sl34+Gesha,Completed,Natural / Dry,8.25,8.25,8.17,8.0,7.92,8.08,10.0,10.0,10.0,8.08,0.0,86.75,10.0,0,0,yellow green,1,"November 15th, 2023",Taiwan Coffee Laboratory 台灣咖啡研究室,"QAHWAH CO., LTD 4F, No. 225, Sec. 3, Beixin Rd., Xindian Dist. New Taipei City, Taiwan","Lin, Jen-An Neil 林仁安 - 886-289116612",Taiwan,False,low,top_specialty
8,Taiwan,亮軒咖啡莊園 Liang Xuan Coffee Farm,"The 2022 Pacific Rim Coffee Summit,T018",亮軒咖啡莊園,,Taiwan Coffee Laboratory,1250.0,Asia-Pacific,鍾旭亮,1,30 kg,Taiwan Coffee Laboratory 台灣咖啡研究室,2021 / 2022,"November 15th, 2022",Taiwan Coffee Laboratory 台灣咖啡研究室,SL34,Completed,Washed / Wet,8.08,8.08,8.25,8.08,7.92,8.0,10.0,10.0,10.0,8.25,0.0,86.67,10.8,0,0,greenish,0,"November 15th, 2023",Taiwan Coffee Laboratory 台灣咖啡研究室,"QAHWAH CO., LTD 4F, No. 225, Sec. 3, Beixin Rd., Xindian Dist. New Taipei City, Taiwan","Lin, Jen-An Neil 林仁安 - 886-289116612",Taiwan,False,medium,top_specialty
9,"Tanzania, United Republic Of",MASHIMA AMCOS,CN 4127230034/4189230113,GOURMET COFFEE MILL,033/DE/503/002 and 033/DE/268/002,DORMAN (T) LIMITED,1550.0,Africa,DORMAN (T) LIMITED,320,60 kg,Kenya Coffee Traders Association,2022 / 2023,"February 1st, 2023",Gilbert Maina,Bourbon,Completed,Washed / Wet,8.08,8.17,8.08,8.17,8.0,8.0,10.0,10.0,10.0,8.0,0.0,86.5,11.0,0,0,greenish,0,"February 1st, 2024",Kenya Coffee Traders Association,"P.O. Box 646 00100Nairobi, Kenya, Denniss Pritt Road, Opposite St Georges Girls Secondary School",Benson Kibicho Kamau - +254 786 821 621,"Tanzania, United Republic Of",False,medium,top_specialty
10,Ethiopia,TADE GG,010/0296/600,Moledo社　委託精選場,010/0296/600,"Marubeni corp.,",2000.0,Africa,Tesfaye Bekele Degaga,10,30 kg,Japan Coffee Exchange,2021 / 2022,"May 31st, 2022",ERI ASAEDA,Ethiopian Heirlooms,Completed,Natural / Dry,8.08,8.25,8.0,8.08,7.92,7.92,10.0,10.0,10.0,8.0,0.0,86.25,11.8,0,1,greenish,1,"May 31st, 2023",Japan Coffee Exchange,"〒413-0002 静岡県熱海市伊豆山１１７３−５８ 1173-58 Izusan, Atami, Shizuoka, 413-0002 JAPAN",松澤　宏樹　Koju Matsuzawa - +81(0)9085642901,Ethiopia,False,high,top_specialty
11,Guatemala,Karen Acajabon Coffee Farm,"The 2022 Pacific Rim Coffee Summit,GT12",Cafetoland,,Taiwan Coffee Laboratory,2000.0,Americas,Karen Acajabon,5,15 kg,Taiwan Coffee Laboratory 台灣咖啡研究室,2021,"November 15th, 2022",Full Sweet Coffee,Gesha,Completed,Natural / Dry,8.08,8.0,8.0,7.75,8.25,8.17,10.0,10.0,10.0,8.0,0.0,86.25,11.5,0,0,brownish,1,"November 15th, 2023",Taiwan Coffee Laboratory 台灣咖啡研究室,"QAHWAH CO., LTD 4F, No. 225, Sec. 3, Beixin Rd., Xindian Dist. New Taipei City, Taiwan","Lin, Jen-An Neil 林仁安 - 886-289116612",Guatemala,False,high,top_specialty
12,Taiwan,古峰咖啡莊園 Goodfun Coffee Farm,"The 2022 Pacific Rim Coffee Summit,T051",古峰咖啡莊園,,Taiwan Coffee Laboratory,1250.0,Asia-Pacific,賴彥合,1,60 kg,Taiwan Coffee Laboratory 台灣咖啡研究室,2021 / 2022,"November 15th, 2022",Goodfun,Gesha,Completed,Washed / Wet,8.08,8.0,8.08,8.08,8.0,8.0,10.0,10.0,10.0,8.0,0.0,86.25,11.9,0,0,green,0,"November 15th, 2023",Taiwan Coffee Laboratory 台灣咖啡研究室,"QAHWAH CO., LTD 4F, No. 225, Sec. 3, Beixin Rd., Xindian Dist. New Taipei City, Taiwan","Lin, Jen-An Neil 林仁安 - 886-289116612",Taiwan,False,medium,top_specialty
13,Ethiopia,Gelana Geisha,"Grade 1, Guji, Natural, Gelana Geisha",Dry Mill or Hulling Facility,010/0475/0207,Kerchanshe Trading PLC,1950.0,Africa,Kerchanshe,40,60 kg,METAD Agricultural Development plc,2021 / 2022,"August 26th, 2022",Isreal Degefa,Gesha,Completed,Natural / Dry,7.67,8.17,8.0,8.33,8.0,8.0,10.0,10.0,10.0,8.0,0.0,86.17,11.6,0,3,yellow- green,2,"August 26th, 2023",METAD Agricultural Development plc,"BAWA Center, 3rd Floor (Gerji), Addis Ababa, Ethiopia","Aman Adinew (Emebet Dinku) - +251-116-292534, +251-911-519196",Ethiopia,False,high,top_specialty
14,Colombia,La Gaitania,"The 2022 Pacific Rim Coffee Summit,CO03",La Gaitania,,Taiwan Coffee Laboratory,1850.0,Americas,Josue Enciso Suarez,70,35 kg,Taiwan Coffee Laboratory 台灣咖啡研究室,2021 / 2022,"November 15th, 2022",PeiHsun Lin,Caturra,Completed,Washed / Wet,8.08,8.0,8.08,7.92,8.08,8.0,10.0,10.0,10.0,8.0,0.0,86.17,10.6,0,0,green,0,"November 15th, 2023",Taiwan Coffee Laboratory 台灣咖啡研究室,"QAHWAH CO., LTD 4F, No. 225, Sec. 3, Beixin Rd., Xindian Dist. New Taipei City, Taiwan","Lin, Jen-An Neil 林仁安 - 886-289116612",Colombia,False,high,top_specialty
15,Taiwan,青葉咖啡莊園,"The 2022 Pacific Rim Coffee Summit,T014",青葉咖啡莊園,,Taiwan Coffee Laboratory,1100.0,Asia-Pacific,葉世遠,1,60 kg,Taiwan Coffee Laboratory 台灣咖啡研究室,2021 / 2022,"November 15th, 2022",Taiwan Coffee Laboratory 台灣咖啡研究室,SL34,Completed,Pulped natural / honey,8.17,8.08,8.0,7.92,8.0,7.92,10.0,10.0,10.0,8.0,0.0,86.08,10.2,0,0,green,0,"November 15th, 2023",Taiwan Coffee Laboratory 台灣咖啡研究室,"QAHWAH CO., LTD 4F, No. 225, Sec. 3, Beixin Rd., Xindian Dist. New Taipei City, Taiwan","Lin, Jen-An Neil 林仁安 - 886-289116612",Taiwan,False,low,top_specialty
16,Ethiopia,Halo Bariti Cooprative,CQU2023006,Halo Bariti Cooprative,,Coffee Quality Union,2000.0,Africa,Halo Bariti Cooprative,8,5 kg,Japan Coffee Exchange,2022,"April 7th, 2023",Coffee Quality Union,"Wolishalo,Kurume,Dega",Completed,Washed / Wet,8.17,8.08,7.92,8.17,7.75,7.92,10.0,10.0,10.0,8.08,0.0,86.08,11.3,0,2,green,2,"April 6th, 2024",Japan Coffee Exchange,"〒413-0002 静岡県熱海市伊豆山１１７３−５８ 1173-58 Izusan, Atami, Shizuoka, 413-0002 JAPAN",松澤　宏樹　Koju Matsuzawa - +81(0)9085642901,Ethiopia,False,high,top_specialty
17,Taiwan,東璧咖啡莊園,202203,yes,non,Dongbi coffee,1300.0,Asia-Pacific,陳景立,5,2 kg,Blossom Valley International宸嶧國際,2022,"October 24th, 2022",Dongbi,Gesha,Completed,Natural / Dry,8.0,8.17,8.0,7.92,7.92,7.92,10.0,10.0,10.0,8.17,0.0,86.08,10.3,0,0,yellow-green,0,"October 24th, 2023",Blossom Valley International宸嶧國際,No.72 Mo-Fan St. Taiwan Zip: 403,Damon Chen陳嘉峻 - +886423022323,Taiwan,False,medium,top_specialty
18,Taiwan,櫻桃果古坑咖啡莊園,202112,yes,non,宸嶧國際有限公司,1200.0,Asia-Pacific,王瀅惠,8,1 kg,Blossom Valley International宸嶧國際,2021 / 2022,"October 24th, 2022",王瀅惠,Gesha,Completed,Natural / Dry,8.08,8.17,7.75,7.92,7.83,8.0,10.0,10.0,10.0,8.17,0.0,85.92,11.0,0,0,brownish,1,"October 24th, 2023",Blossom Valley International宸嶧國際,No.72 Mo-Fan St. Taiwan Zip: 403,Damon Chen陳嘉峻 - +886423022323,Taiwan,False,low,top_specialty
19,"Tanzania, United Republic Of",BURKA,CN 4127230032/P-9140,GOURMET COFFEE MILL,033/DE/163/001,DORMAN (T) LIMITED,1585.0,Africa,DORMAN (T) LIMITED,200,30 kg,Kenya Coffee Traders Association,2022 / 2023,"February 1st, 2023",Gilbert Maina,Bourbon,Completed,Washed / Wet,8.17,8.0,7.92,7.92,8.17,7.75,10.0,10.0,10.0,7.92,0.0,85.83,10.0,0,0,greenish,0,"February 1st, 2024",Kenya Coffee Traders Association,"P.O. Box 646 00100Nairobi, Kenya, Denniss Pritt Road, Opposite St Georges Girls Secondary School",Benson Kibicho Kamau - +254 786 821 621,"Tanzania, United Republic Of",False,medium,top_specialty
20,Guatemala,Finca Vista Hermosa,"The 2022 Pacific Rim Coffee Summit,GT03",El Vergel,,Taiwan Coffee Laboratory,1900.0,Americas,Fredy Orantes,8,30 kg,Taiwan Coffee Laboratory 台灣咖啡研究室,2021 / 2022,"November 15th, 2022",Carlos Pascual - 潘仕杰,Gesha,Completed,Natural / Dry,8.0,7.92,8.08,7.92,7.75,8.0,10.0,10.0,10.0,8.08,0.0,85.75,11.6,0,0,yellowish,0,"November 15th, 2023",Taiwan Coffee Laboratory 台灣咖啡研究室,"QAHWAH CO., LTD 4F, No. 225, Sec. 3, Beixin Rd., Xindian Dist. New Taipei City, Taiwan","Lin, Jen-An Neil 林仁安 - 886-289116612",Guatemala,False,high,top_specialty
21,Taiwan,仲大叔咖啡莊園Uncle Chung.s Coffee Farm,2022/03,仲大叔咖啡莊園Uncle Chung.s Coffee Farm,,Taiwan Coffee Laboratory,850.0,Asia-Pacific,游婷淯 YU TING YU,1,20 kg,Taiwan Coffee Laboratory 台灣咖啡研究室,2022,"December 12th, 2022",Yu Ting Yu 游婷淯,Typica,Completed,Natural / Dry,8.08,8.0,7.92,7.92,8.0,7.83,10.0,10.0,10.0,7.92,0.0,85.67,10.4,0,0,green,0,"December 12th, 2023",Taiwan Coffee Laboratory 台灣咖啡研究室,"QAHWAH CO., LTD 4F, No. 225, Sec. 3, Beixin Rd., Xindian Dist. New Taipei City, Taiwan","Lin, Jen-An Neil 林仁安 - 886-289116612",Taiwan,False,low,top_specialty
22,Thailand,Hom Doi,1,Machines to peel outer skin of the cherry coffee and coffee is dried manually,,Lyrose,1600.0,Asia-Pacific,Lisu farmers,2,1 kg,FABB Academy of Coffee,2021 / 2022,"August 16th, 2022",Christian Charmette,Catimor,Completed,Pulped natural / honey,7.67,8.0,7.83,8.0,8.08,8.0,10.0,10.0,10.0,8.08,0.0,85.67,9.8,0,0,browish-green,5,"August 16th, 2023",FABB Academy of Coffee,"FABB ACADEMY OF COFFEE 259/313 SUKHUMVIT 71 RD., SOI PRIDI BANOMYONG 15, VHADANA BKK, 10110 THAILAND",Janejira Kamonsawedkun - +(66) 095 095 9593,Thailand,False,medium,top_specialty
23,Colombia,El Diamante,CQU2023005,El Diamante,,Coffee Quality Union,1350.0,Americas,Farm Bedoya Arango,6,5 kg,Japan Coffee Exchange,2022,"April 7th, 2023",Coffee Quality Union,Castillo Paraguaycito,Completed,,8.08,8.0,7.83,8.17,7.75,7.83,10.0,10.0,10.0,8.0,0.0,85.67,11.3,0,0,brownish,2,"April 6th, 2024",Japan Coffee Exchange,"〒413-0002 静岡県熱海市伊豆山１１７３−５８ 1173-58 Izusan, Atami, Shizuoka, 413-0002 JAPAN",松澤　宏樹　Koju Matsuzawa - +81(0)9085642901,Colombia,False,medium,top_specialty
24,Taiwan,永舜咖啡莊園,"The 2022 Pacific Rim Coffee Summit, T003",永舜咖啡莊園,,Taiwan Coffee Laboratory,1250.0,Asia-Pacific,蘇甘永,4,50 kg,Taiwan Coffee Laboratory 台灣咖啡研究室,2021 / 2022,"November 15th, 2022",Taiwan Coffee Laboratory 台灣咖啡研究室,SL34,Completed,Washed / Wet,7.83,8.0,7.92,8.0,8.0,7.92,10.0,10.0,10.0,7.92,0.0,85.58,10.6,0,0,bluish-green,0,"November 15th, 2023",Taiwan Coffee Laboratory 台灣咖啡研究室,"QAHWAH CO., LTD 4F, No. 225, Sec. 3, Beixin Rd., Xindian Dist. New Taipei City, Taiwan","Lin, Jen-An Neil 林仁安 - 886-289116612",Taiwan,False,medium,top_specialty
25,Brazil,Fazenda Recreio,Arara 1,Dry mill,,"WIT wealth, investments & trust",1250.0,Americas,Diogo T. Dias de Macedo,25,60 kg,Brazil Specialty Coffee Association,2022,"January 6th, 2023",Andre Clark,,Completed,Pulped natural / honey,7.83,8.08,7.83,7.92,8.0,7.83,10.0,10.0,10.0,8.0,0.0,85.5,11.3,2,0,green,3,"January 6th, 2024",Brazil Specialty Coffee Association,"Rua Gaspar Batista Paiva, 416 – Santa Luiza Varginha/MG – Brazil",Chris Allen - 55 35 3212-4705,Brazil,False,medium,top_specialty
26,Taiwan,鄒築園ZouZhouYuan,"The 2022 Pacific Rim Coffee Summit,T024",鄒築園ZouZhouYuan,,Taiwan Coffee Laboratory,1300.0,Asia-Pacific,方政倫,1,100 kg,Taiwan Coffee Laboratory 台灣咖啡研究室,2021 / 2022,"November 15th, 2022","Fang, Cheng Lun 方政倫",Gesha,Completed,Natural / Dry,7.92,7.92,8.0,7.92,7.83,7.92,10.0,10.0,10.0,8.0,0.0,85.5,9.1,0,0,green,2,"November 15th, 2023",Taiwan Coffee Laboratory 台灣咖啡研究室,"QAHWAH CO., LTD 4F, No. 225, Sec. 3, Beixin Rd., Xindian Dist. New Taipei City, Taiwan","Lin, Jen-An Neil 林仁安 - 886-289116612",Taiwan,False,medium,top_specialty
27,Taiwan,嵩岳咖啡莊園,"The 2022 Pacific Rim Coffee Summit,T048",嵩岳咖啡莊園,,Taiwan Coffee Laboratory,1200.0,Asia-Pacific,郭志豪,1,90 kg,Taiwan Coffee Laboratory 台灣咖啡研究室,2021 / 2022,"November 15th, 2022","Jhih Hao,GUO 郭志豪",Gesha,Completed,Natural / Dry,8.17,8.08,7.92,8.0,7.58,7.83,10.0,10.0,10.0,7.92,0.0,85.5,10.6,0,0,green,0,"November 15th, 2023",Taiwan Coffee Laboratory 台灣咖啡研究室,"QAHWAH CO., LTD 4F, No. 225, Sec. 3, Beixin Rd., Xindian Dist. New Taipei City, Taiwan","Lin, Jen-An Neil 林仁安 - 886-289116612",Taiwan,False,low,top_specialty
28,Taiwan,他扶芽有機農園,"The 2022 Pacific Rim Coffee Summit,T045",他扶芽有機農園,,Taiwan Coffee Laboratory,1060.0,Asia-Pacific,陳清龍,1,85 kg,Taiwan Coffee Laboratory 台灣咖啡研究室,2021 / 2022,"November 15th, 2022",Taiwan Coffee Laboratory 台灣咖啡研究室,Gesha,Completed,Natural / Dry,8.0,8.0,8.0,7.92,7.75,7.92,10.0,10.0,10.0,7.92,0.0,85.5,10.2,0,0,blue-green,0,"November 15th, 2023",Taiwan Coffee Laboratory 台灣咖啡研究室,"QAHWAH CO., LTD 4F, No. 225, Sec. 3, Beixin Rd., Xindian Dist. New Taipei City, Taiwan","Lin, Jen-An Neil 林仁安 - 886-289116612",Taiwan,False,low,top_specialty
29,United States (Hawaii),Hokukano Ranch,"The 2022 Pacific Rim Coffee Summit,US01",Kona Coffee & Tea,,Taiwan Coffee Laboratory,600.0,Americas,Kona Hills LLC,80,15 kg,Taiwan Coffee Laboratory 台灣咖啡研究室,2021 / 2022,"November 15th, 2022",Taiwan Coffee Laboratory 台灣咖啡研究室,Typica,Completed,Washed / Wet,8.0,7.92,8.0,7.83,7.67,8.0,10.0,10.0,10.0,8.0,0.0,85.42,9.3,0,0,green,0,"November 15th, 2023",Taiwan Coffee Laboratory 台灣咖啡研究室,"QAHWAH CO., LTD 4F, No. 225, Sec. 3, Beixin Rd., Xindian Dist. New Taipei City, Taiwan","Lin, Jen-An Neil 林仁安 - 886-289116612",United States (Hawaii),False,low,top_specialty
30,Taiwan,鄉庭有機農場Siang-Ting Organic Farm,2022/3/1(老叢),鄉庭有機農場Siang-Ting Organic Farm,,Taiwan Coffee Laboratory,200.0,Asia-Pacific,張進義Zhang Jin-Yi,3,48 kg,Taiwan Coffee Laboratory 台灣咖啡研究室,2022,"December 12th, 2022",Zhang Jin Yi 張進義,Typica,Completed,Washed / Wet,8.0,8.0,7.83,7.83,7.75,7.92,10.0,10.0,10.0,8.08,0.0,85.42,11.4,0,0,bluish-green,0,"December 12th, 2023",Taiwan Coffee Laboratory 台灣咖啡研究室,"QAHWAH CO., LTD 4F, No. 225, Sec. 3, Beixin Rd., Xindian Dist. New Taipei City, Taiwan","Lin, Jen-An Neil 林仁安 - 886-289116612",Taiwan,False,low,top_specialty
31,Taiwan,鄉庭有機農場Siang-Ting Organic Farm,2022/02,鄉庭有機農場Siang-Ting Organic Farm,,Taiwan Coffee Laboratory,200.0,Asia-Pacific,張進義Zhang Jin-Yi,3,50 kg,Taiwan Coffee Laboratory 台灣咖啡研究室,2022,"December 12th, 2022",Zhang Jin Yi 張進義,Typica,Completed,Washed / Wet,7.92,8.0,7.83,7.92,7.83,7.83,10.0,10.0,10.0,8.0,0.0,85.33,10.8,0,0,green,0,"December 12th, 2023",Taiwan Coffee Laboratory 台灣咖啡研究室,"QAHWAH CO., LTD 4F, No. 225, Sec. 3, Beixin Rd., Xindian Dist. New Taipei City, Taiwan","Lin, Jen-An Neil 林仁安 - 886-289116612",Taiwan,False,low,top_specialty
32,Taiwan,金讚咖啡農莊園(Jinzan Coffee Estate),2022臺南市精品咖啡評鑑批次,金讚咖啡農莊園(Jinzan Coffee Estate),,Taiwan Coffee Laboratory,668.0,Asia-Pacific,"葉明讚 (YE,MING-ZAN)",4,5 kg,Taiwan Coffee Laboratory 台灣咖啡研究室,2022,"June 8th, 2022",Taiwan Coffee Laboratory 台灣咖啡研究室,Gesha,Completed,Washed / Wet,8.08,8.17,7.67,7.83,7.67,7.92,10.0,10.0,10.0,8.0,0.0,85.33,11.3,0,0,green,0,"June 8th, 2023",Taiwan Coffee Laboratory 台灣咖啡研究室,"QAHWAH CO., LTD 4F, No. 225, Sec. 3, Beixin Rd., Xindian Dist. New Taipei City, Taiwan","Lin, Jen-An Neil 林仁安 - 886-289116612",Taiwan,False,low,top_specialty
33,Ethiopia,Eshetu farm,Washed Limmu,Lata Agri export,010/1081,Alo Coffee,1950.0,Africa,Eshetu,320,60 kg,METAD Agricultural Development plc,2021 / 2022,"June 6th, 2022",Tamiru Tadesse Tesema,Ethiopian Heirlooms,Completed,Washed / Wet,7.67,7.83,7.83,8.0,8.0,8.0,10.0,10.0,10.0,8.0,0.0,85.33,9.9,0,2,green,3,"June 6th, 2023",METAD Agricultural Development plc,"BAWA Center, 3rd Floor (Gerji), Addis Ababa, Ethiopia","Aman Adinew (Emebet Dinku) - +251-116-292534, +251-911-519196",Ethiopia,False,high,top_specialty
34,Ethiopia,Uraga Bisrat washing station,0065,dry mill,ICO: 010/ 0218/0065,TADESSE DESTA IMPORT & EXPORT,2250.0,Africa,Bisrat Melaku,320,60 kg,METAD Agricultural Development plc,2021 / 2022,"September 30th, 2022",Tadessa Desta Amene,Ethiopian Heirlooms,Completed,Natural / Dry,8.0,8.08,8.0,8.0,7.67,7.75,10.0,10.0,10.0,7.83,0.0,85.33,12.3,0,3,yellow green,4,"September 30th, 2023",METAD Agricultural Development plc,"BAWA Center, 3rd Floor (Gerji), Addis Ababa, Ethiopia","Aman Adinew (Emebet Dinku) - +251-116-292534, +251-911-519196",Ethiopia,False,high,top_specialty
35,Ethiopia,YHAENU PLC FARM,1,GUJI COFFEE EXPORT P.L.C,010/0891/00041,yhaenu plc,1700.0,Africa,YHAENU PLC,320,19200 kg,METAD Agricultural Development plc,2021 / 2022,"December 12th, 2022",YHAENU PLC,Ethiopian Heirlooms,Completed,Washed / Wet,7.92,7.75,7.83,8.17,8.0,7.75,10.0,10.0,10.0,7.83,0.0,85.25,9.4,0,1,greenish,1,"December 12th, 2023",METAD Agricultural Development plc,"BAWA Center, 3rd Floor (Gerji), Addis Ababa, Ethiopia","Aman Adinew (Emebet Dinku) - +251-116-292534, +251-911-519196",Ethiopia,False,high,top_specialty
36,Taiwan,卓武山咖啡農場,"The 2022 Pacific Rim Coffee Summit, T004",卓武山咖啡農場,,Taiwan Coffee Laboratory,1200.0,Asia-Pacific,許定燁,1,100 kg,Taiwan Coffee Laboratory 台灣咖啡研究室,2021 / 2022,"November 15th, 2022",Hsu Ting Yey許定燁,Gesha,Completed,Washed / Wet,8.0,7.92,7.83,7.92,7.83,7.83,10.0,10.0,10.0,7.92,0.0,85.25,9.5,0,0,bluish-green,0,"November 15th, 2023",Taiwan Coffee Laboratory 台灣咖啡研究室,"QAHWAH CO., LTD 4F, No. 225, Sec. 3, Beixin Rd., Xindian Dist. New Taipei City, Taiwan","Lin, Jen-An Neil 林仁安 - 886-289116612",Taiwan,False,low,top_specialty
37,Taiwan,御香咖啡園 YU SIANG Coffee Estate,2022臺南市精品咖啡評鑑批次,御香咖啡園 YU SIANG Coffee Estate,,Taiwan Coffee Laboratory,650.0,Asia-Pacific,"陳建源(CHEN, JIAN-YUAN)",20,5 kg,Taiwan Coffee Laboratory 台灣咖啡研究室,2022,"June 8th, 2022",Taiwan Coffee Laboratory 台灣咖啡研究室,Gesha,Completed,Pulped natural / honey,8.25,8.08,7.83,7.75,7.67,7.75,10.0,10.0,10.0,7.92,0.0,85.25,11.3,0,0,green,0,"June 8th, 2023",Taiwan Coffee Laboratory 台灣咖啡研究室,"QAHWAH CO., LTD 4F, No. 225, Sec. 3, Beixin Rd., Xindian Dist. New Taipei City, Taiwan","Lin, Jen-An Neil 林仁安 - 886-289116612",Taiwan,False,low,top_specialty
38,Kenya,Small Holder,5516,NKG,,IBERO (K) LTD,1750.0,Africa,Small Holder,300,60 kg,Kenya Coffee Traders Association,2022 / 2023,"February 28th, 2023",Judith Murimi,SL28,Completed,Washed / Wet,8.17,7.75,7.83,7.58,7.92,8.0,10.0,10.0,10.0,8.0,0.0,85.25,9.2,0,0,greenish,1,"February 28th, 2024",Kenya Coffee Traders Association,"P.O. Box 646 00100Nairobi, Kenya, Denniss Pritt Road, Opposite St Georges Girls Secondary School",Benson Kibicho Kamau - +254 786 821 621,Kenya,False,high,top_specialty
39,Taiwan,皇庭咖啡莊園,202203,yes,non,宸嶧國際有限公司,850.0,Asia-Pacific,陳榮豐,20,1 kg,Blossom Valley International宸嶧國際,2017 / 2018,"October 24th, 2022",CHEN RONG FENG,Gesha,Completed,Washed / Wet,7.75,7.92,7.75,8.0,7.83,7.92,10.0,10.0,10.0,8.0,0.0,85.17,10.3,0,0,bluish-green,0,"October 24th, 2023",Blossom Valley International宸嶧國際,No.72 Mo-Fan St. Taiwan Zip: 403,Damon Chen陳嘉峻 - +886423022323,Taiwan,False,low,top_specialty
40,Taiwan,花蓮縣秀林鄉特用作物（咖啡）產銷第一班Agriculture Production and Marketing Groups of Hualien Shlin township special crop (coffee) 1st class,2022/01,花蓮縣秀林鄉特用作物（咖啡）產銷第一班Agriculture Production and Marketing Groups of Hualien Shlin township special crop (coffee) 1st class,,Taiwan Coffee Laboratory,400.0,Asia-Pacific,李志祥 Li Zhi-xia,1,10 kg,Taiwan Coffee Laboratory 台灣咖啡研究室,2022,"December 12th, 2022",Taiwan Coffee Laboratory 台灣咖啡研究室,Typica,Completed,Natural / Dry,8.0,7.92,7.83,7.92,7.75,7.75,10.0,10.0,10.0,7.92,0.0,85.08,10.0,0,0,brownish,0,"December 12th, 2023",Taiwan Coffee Laboratory 台灣咖啡研究室,"QAHWAH CO., LTD 4F, No. 225, Sec. 3, Beixin Rd., Xindian Dist. New Taipei City, Taiwan","Lin, Jen-An Neil 林仁安 - 886-289116612",Taiwan,False,low,top_specialty
41,Taiwan,八一高地,屏東縣三地門鄉德文段,乾燥機、脫殼機,,茂泰生技股份有限公司,1000.0,Asia-Pacific,陳科翰,1,2 kg,Taiwan Coffee Laboratory 台灣咖啡研究室,2021 / 2022,"December 30th, 2022",Ethan Lee 李宗儒,Typica,Completed,Washed / Wet,8.0,8.08,7.67,7.75,7.92,7.83,10.0,10.0,10.0,7.83,0.0,85.08,10.5,0,0,greenish,0,"December 30th, 2023",Taiwan Coffee Laboratory 台灣咖啡研究室,"QAHWAH CO., LTD 4F, No. 225, Sec. 3, Beixin Rd., Xindian Dist. New Taipei City, Taiwan","Lin, Jen-An Neil 林仁安 - 886-289116612",Taiwan,False,low,top_specialty
42,Taiwan,香夾蘭莊園,A26-Northern Taiwan Specialty Coffee Evaluation,香夾蘭莊園,,Taiwu Coffee Cooperative,800.0,Asia-Pacific,黃簡秋蘭,1,50 kg,Taiwan Coffee Laboratory 台灣咖啡研究室,2021 / 2022,"January 6th, 2023",Taiwu,Gesha,Completed,Washed / Wet,8.0,7.92,7.67,8.0,7.75,7.83,10.0,10.0,10.0,7.92,0.0,85.08,10.0,0,0,pale yellow,5,"January 6th, 2024",Taiwan Coffee Laboratory 台灣咖啡研究室,"QAHWAH CO., LTD 4F, No. 225, Sec. 3, Beixin Rd., Xindian Dist. New Taipei City, Taiwan","Lin, Jen-An Neil 林仁安 - 886-289116612",Taiwan,False,low,top_specialty
43,Uganda,Gideon Kule,7938,Dry Mill,11/35,Kyagalanyi Coffee Limited,1905.0,Africa,Kyagalanyi coffee limited,320,60 kg,Uganda Coffee Development Authority,2021 / 2022,"June 29th, 2022",KYAGALANYI COFFEE LIMITED,SL14,Completed,Washed / Wet,8.0,7.92,7.75,7.75,7.75,7.92,10.0,10.0,10.0,7.92,0.0,85.0,11.0,0,0,green,1,"June 29th, 2023",Uganda Coffee Development Authority,"Coffee House, Plot 35, Jinja Road, P.O. Box 7267, Kampala, Uganda",Brenda Kamara Kemigisha Mangeni - 256773040119,Uganda,False,high,specialty
44,Taiwan,愛姬咖啡莊園iGfarm,2021/01,愛姬咖啡莊園iGfarm,,Taiwan Coffee Laboratory,150.0,Asia-Pacific,劉孟宗 LIU MENG TSUNG,1,50 kg,Taiwan Coffee Laboratory 台灣咖啡研究室,2021 / 2022,"December 12th, 2022",Liu Meng Tsung劉孟宗,Typica,Completed,,7.92,8.0,7.92,8.0,7.58,7.75,10.0,10.0,10.0,7.83,0.0,85.0,10.9,0,0,green,0,"December 12th, 2023",Taiwan Coffee Laboratory 台灣咖啡研究室,"QAHWAH CO., LTD 4F, No. 225, Sec. 3, Beixin Rd., Xindian Dist. New Taipei City, Taiwan","Lin, Jen-An Neil 林仁安 - 886-289116612",Taiwan,False,low,specialty
45,Taiwan,青山坪咖啡農場,"The 2022 Pacific Rim Coffee Summit,T011",青山坪咖啡農場,,Taiwan Coffee Laboratory,800.0,Asia-Pacific,王清連,6,50 kg,Taiwan Coffee Laboratory 台灣咖啡研究室,2021 / 2022,"November 15th, 2022",Taiwan Coffee Laboratory 台灣咖啡研究室,Gesha,Completed,Natural / Dry,8.17,8.08,7.83,7.67,7.67,7.75,10.0,10.0,10.0,7.83,0.0,85.0,10.1,0,0,yellow green,0,"November 15th, 2023",Taiwan Coffee Laboratory 台灣咖啡研究室,"QAHWAH CO., LTD 4F, No. 225, Sec. 3, Beixin Rd., Xindian Dist. New Taipei City, Taiwan","Lin, Jen-An Neil 林仁安 - 886-289116612",Taiwan,False,low,specialty
46,Guatemala,varias fincas,11/15/118,Beneficio Pastores,11/15/118,"Peter Schoenfeld, S.A.",1600.0,Americas,Varios productores,600,30 kg,Asociacion Nacional Del Café,2022 / 2023,"April 17th, 2023",Yesica Alejandra Martìnez Vàsquez,Caturra,Completed,Washed / Wet,7.67,8.08,7.67,8.0,7.92,7.83,10.0,10.0,10.0,7.83,0.0,85.0,9.9,0,1,green,1,"April 16th, 2024",Asociacion Nacional Del Café,"5a Calle 0-50, Zona 14 Guatemala City, Guatemala 1014",Brayan Cifuentes -,Guatemala,False,medium,specialty
47,Guatemala,PEÑA BLANCA,11/951/279,BENEFICIO LAS AMERICAS,11/951/279,"OLAM AGRO GUATEMALA, S.A.",1432.5600000000002,Americas,PABLO CHUY,632,30 kg,Asociacion Nacional Del Café,2022 / 2023,"February 23rd, 2023",Yesica Alejandra Martìnez Vàsquez,Catuai,Completed,Washed / Wet,7.67,8.0,7.75,7.92,8.0,7.83,10.0,10.0,10.0,7.83,0.0,85.0,11.3,0,0,green,4,"February 23rd, 2024",Asociacion Nacional Del Café,"5a Calle 0-50, Zona 14 Guatemala City, Guatemala 1014",Brayan Cifuentes -,Guatemala,True,medium,specialty
48,Guatemala,san francisco cotzal,11/441/50,"inmobiliaria e inversiones dos mil, s.a.",11/441/50,"inmobiliaria e inversiones dos mil, s.a.",1600.0,Americas,san francisco cotzal,275,69 kg,Asociacion Nacional Del Café,2021 / 2022,"June 22nd, 2022",Angelica Paola Citan Lopez,Caturra,Completed,Washed / Wet,7.83,7.92,7.75,8.0,7.75,7.75,10.0,10.0,10.0,7.92,0.0,84.92,11.7,0,3,green,1,"June 22nd, 2023",Asociacion Nacional Del Café,"5a Calle 0-50, Zona 14 Guatemala City, Guatemala 1014",Brayan Cifuentes -,Guatemala,False,medium,specialty
49,Taiwan,六曲窩,A03-Northern Taiwan Specialty Coffee Evaluation,六曲窩,,Taiwu Coffee Cooperative,375.0,Asia-Pacific,黃俊淦,1,13 kg,Taiwan Coffee Laboratory 台灣咖啡研究室,2021 / 2022,"January 6th, 2023",Taiwu,Typica,Completed,Washed / Wet,7.92,7.92,7.83,7.83,7.75,7.83,10.0,10.0,10.0,7.83,0.0,84.92,9.5,0,0,green,2,"January 6th, 2024",Taiwan Coffee Laboratory 台灣咖啡研究室,"QAHWAH CO., LTD 4F, No. 225, Sec. 3, Beixin Rd., Xindian Dist. New Taipei City, Taiwan","Lin, Jen-An Neil 林仁安 - 886-289116612",Taiwan,False,low,specialty
50,Taiwan,北平山林,A23-Northern Taiwan Specialty Coffee Evaluation,北平山林,,Taiwu Coffee Cooperative,230.0,Asia-Pacific,戴禎男,1,4 kg,Taiwan Coffee Laboratory 台灣咖啡研究室,2021 / 2022,"January 6th, 2023",Taiwu,Yellow Bourbon,Completed,Natural / Dry,8.0,8.0,7.75,7.75,7.67,7.75,10.0,10.0,10.0,7.92,0.0,84.83,9.7,0,0,brownish,0,"January 6th, 2024",Taiwan Coffee Laboratory 台灣咖啡研究室,"QAHWAH CO., LTD 4F, No. 225, Sec. 3, Beixin Rd., Xindian Dist. New Taipei City, Taiwan","Lin, Jen-An Neil 林仁安 - 886-289116612",Taiwan,False,low,specialty
51,Indonesia,PT Indo CafCo North Sumatera,016/1513/262,PT Indo CafCo,,InterAmerican Coffee,1200.0,Asia-Pacific,PT Indo CafCo North Sumatera,320,60 kg,NKG Quality Service (a division of Bernhard Rothfos Intercafé AG),2022,"September 23rd, 2022",Charles Umeano,Catimor,Completed,,7.83,7.92,7.75,7.83,7.83,7.83,10.0,10.0,10.0,7.83,0.0,84.83,11.9,0,3,bluish-green,2,"September 23rd, 2023",NKG Quality Service (a division of Bernhard Rothfos Intercafé AG),"Bahnhofstrasse 22 6300 Zug, Switzerland",Tirza Odermatt - +41 41 728 72 81,Indonesia,False,low,specialty
52,Peru,Ruya Yayu Farm,"The 2022 Pacific Rim Coffee Summit,PE02",no.,,Taiwan Coffee Laboratory,1750.0,Americas,Ruya Yayu,3,5 kg,Taiwan Coffee Laboratory 台灣咖啡研究室,2022,"November 15th, 2022",Taiwan Coffee Laboratory 台灣咖啡研究室,Gesha,Completed,Washed / Wet,8.0,8.0,7.83,7.83,7.58,7.83,10.0,10.0,10.0,7.75,0.0,84.83,10.7,0,0,greenish,0,"November 15th, 2023",Taiwan Coffee Laboratory 台灣咖啡研究室,"QAHWAH CO., LTD 4F, No. 225, Sec. 3, Beixin Rd., Xindian Dist. New Taipei City, Taiwan","Lin, Jen-An Neil 林仁安 - 886-289116612",Peru,False,high,specialty
53,"Tanzania, United Republic Of",IYENGA,S59588/P03989,CITY COFFEE LTD,0033/0004,VOLCAFE/TaylorWinch Tanzania Ltd,1654.0,Africa,IYENGA AMCOS,620,30 kg,Kenya Coffee Traders Association,2022 / 2023,"November 9th, 2022",Balam Hinyula,Bourbon,Completed,Washed / Wet,7.92,7.75,7.75,7.92,7.83,7.83,10.0,10.0,10.0,7.83,0.0,84.83,11.2,0,0,greenish,0,"November 9th, 2023",Kenya Coffee Traders Association,"P.O. Box 646 00100Nairobi, Kenya, Denniss Pritt Road, Opposite St Georges Girls Secondary School",Benson Kibicho Kamau - +254 786 821 621,"Tanzania, United Republic Of",False,high,specialty
54,Taiwan,優遊吧斯瑪翡咖啡莊園,"The 2022 Pacific Rim Coffee Summit,T029",優遊吧斯瑪翡咖啡莊園,,Taiwan Coffee Laboratory,1300.0,Asia-Pacific,鄭虞坪,1,25 kg,Taiwan Coffee Laboratory 台灣咖啡研究室,2021 / 2022,"November 15th, 2022",Taiwan Coffee Laboratory 台灣咖啡研究室,SL34,Completed,Natural / Dry,7.83,7.83,7.67,7.67,7.83,8.0,10.0,10.0,10.0,8.0,0.0,84.83,9.5,0,0,greenish,0,"November 15th, 2023",Taiwan Coffee Laboratory 台灣咖啡研究室,"QAHWAH CO., LTD 4F, No. 225, Sec. 3, Beixin Rd., Xindian Dist. New Taipei City, Taiwan","Lin, Jen-An Neil 林仁安 - 886-289116612",Taiwan,False,medium,specialty
55,Taiwan,森悅高峰咖啡莊園,"The 2022 Pacific Rim Coffee Summit,T039",森悅高峰咖啡莊園,,Taiwan Coffee Laboratory,1400.0,Asia-Pacific,吳振宏,1,30 kg,Taiwan Coffee Laboratory 台灣咖啡研究室,2021 / 2022,"November 15th, 2022",Taiwan Coffee Laboratory 台灣咖啡研究室,SL34,Completed,Washed / Wet,7.67,7.92,7.92,7.83,7.75,7.83,10.0,10.0,10.0,7.83,0.0,84.75,10.4,0,0,green,0,"November 15th, 2023",Taiwan Coffee Laboratory 台灣咖啡研究室,"QAHWAH CO., LTD 4F, No. 225, Sec. 3, Beixin Rd., Xindian Dist. New Taipei City, Taiwan","Lin, Jen-An Neil 林仁安 - 886-289116612",Taiwan,False,medium,specialty
56,Brazil,Fazenda Guariroba,FBT111,Wet-Hulling,002-1894-0006,Mirai Seeds Corp.,1100.0,Americas,Homero Paiva,5,36 kg,Japan Coffee Exchange,2022,"February 13th, 2023",Marcelo Itoh,Yellow Bourbon,Completed,Double Carbonic Maceration / Natural,7.83,7.92,7.75,7.92,7.67,7.83,10.0,10.0,10.0,7.83,0.0,84.75,11.2,0,1,green,5,"February 13th, 2024",Japan Coffee Exchange,"〒413-0002 静岡県熱海市伊豆山１１７３−５８ 1173-58 Izusan, Atami, Shizuoka, 413-0002 JAPAN",松澤　宏樹　Koju Matsuzawa - +81(0)9085642901,Brazil,False,low,specialty
57,Panama,La Santa,2-237-05,La Santa,2-237-05,Panamerican Coffee Trading,1200.0,Americas,La Santa,200,30 kg,Specialty Coffee Association of Costa Rica,2022 / 2023,"April 26th, 2023",Rodrigo Soto,Catuai,Completed,Washed / Wet,7.83,7.83,7.75,7.92,7.83,7.75,10.0,10.0,10.0,7.83,0.0,84.75,10.3,0,1,bluish-green,5,"April 25th, 2024",Specialty Coffee Association of Costa Rica,"Blvd Rohrmoser, de Prisma Dental 200 norte y 25 oeste, casa 21",Noelia Villalobos - (506) 2220 0685,Panama,False,low,specialty
58,Taiwan,嵐雲綠海咖啡,屏東縣瑪家鄉,乾燥機、脫殼機,,茂泰生技股份有限公司,1200.0,Asia-Pacific,卓榮華,1,2 kg,Taiwan Coffee Laboratory 台灣咖啡研究室,2021 / 2022,"December 30th, 2022",Ethan Lee 李宗儒,Yellow Bourbon,Completed,Pulped natural / honey,7.92,8.08,7.67,7.92,7.67,7.75,10.0,10.0,10.0,7.75,0.0,84.75,10.0,0,0,blue-green,0,"December 30th, 2023",Taiwan Coffee Laboratory 台灣咖啡研究室,"QAHWAH CO., LTD 4F, No. 225, Sec. 3, Beixin Rd., Xindian Dist. New Taipei City, Taiwan","Lin, Jen-An Neil 林仁安 - 886-289116612",Taiwan,False,low,specialty
59,Guatemala,Varias Fincas,11/15/117,Varios Beneficios,11/15/117,"Peter Schoenfeld, S.A.",1600.0,Americas,Varios Productores,600,30 kg,Asociacion Nacional Del Café,2022 / 2023,"April 28th, 2023",Yesica Alejandra Martìnez Vàsquez,Caturra,Completed,Washed / Wet,7.67,8.0,7.67,7.83,7.92,7.67,10.0,10.0,10.0,7.92,0.0,84.67,10.6,0,0,green,1,"April 27th, 2024",Asociacion Nacional Del Café,"5a Calle 0-50, Zona 14 Guatemala City, Guatemala 1014",Brayan Cifuentes -,Guatemala,False,medium,specialty
60,Guatemala,SAN RAFAEL URIAS VALDES,11/54876/03,ECO COFFEE,11/54876/03,"VALBROS, S. A.",1491.996,Americas,"VALBROS, S. A.",66,30 kg,Asociacion Nacional Del Café,2021 / 2022,"May 19th, 2022",Angelica Paola Citan Lopez,Bourbon,Completed,Natural / Dry,7.83,8.0,7.67,7.83,7.75,7.75,10.0,10.0,10.0,7.83,0.0,84.67,10.9,0,3,yellow-green,2,"May 19th, 2023",Asociacion Nacional Del Café,"5a Calle 0-50, Zona 14 Guatemala City, Guatemala 1014",Brayan Cifuentes -,Guatemala,True,medium,specialty
61,Costa Rica,Gamboa Farm,12075,Beneficio Montañas del Diamante,5-0025-0131,CECA S.A.,1850.0,Americas,Martin Gutierrez,260,69 kg,Specialty Coffee Association of Costa Rica,2022 / 2023,"April 19th, 2023",Joselyn Morales Quesada,Caturra,Completed,Washed / Wet,7.58,7.83,7.5,7.67,7.83,7.67,10.0,10.0,10.0,8.58,0.0,84.67,10.0,0,1,green,2,"April 18th, 2024",Specialty Coffee Association of Costa Rica,"Blvd Rohrmoser, de Prisma Dental 200 norte y 25 oeste, casa 21",Noelia Villalobos - (506) 2220 0685,Costa Rica,False,high,specialty
62,Taiwan,羅馬8號莊園,A11-Northern Taiwan Specialty Coffee Evaluation,羅馬8號莊園,,Taiwu Coffee Cooperative,250.0,Asia-Pacific,羅政宏,1,16 kg,Taiwan Coffee Laboratory 台灣咖啡研究室,2021 / 2022,"January 6th, 2023",Taiwu,Typica,Completed,Pulped natural / honey,7.83,7.83,7.75,7.75,7.75,7.75,10.0,10.0,10.0,7.92,0.0,84.58,9.6,0,0,greenish,0,"January 6th, 2024",Taiwan Coffee Laboratory 台灣咖啡研究室,"QAHWAH CO., LTD 4F, No. 225, Sec. 3, Beixin Rd., Xindian Dist. New Taipei City, Taiwan","Lin, Jen-An Neil 林仁安 - 886-289116612",Taiwan,False,low,specialty
63,Taiwan,大鋤花間(Dachu Coffee Estate),2022臺南市精品咖啡評鑑批次,大鋤花間(Dachu Coffee Estate),,Taiwan Coffee Laboratory,700.0,Asia-Pacific,"郭雅聰（KUO,YA-TSUNG）",16,5 kg,Taiwan Coffee Laboratory 台灣咖啡研究室,2022,"June 8th, 2022","KUO, YA-TSUNG",Gesha,Completed,Pulped natural / honey,8.17,7.83,7.67,7.83,7.67,7.67,10.0,10.0,10.0,7.75,0.0,84.58,11.5,0,0,green,0,"June 8th, 2023",Taiwan Coffee Laboratory 台灣咖啡研究室,"QAHWAH CO., LTD 4F, No. 225, Sec. 3, Beixin Rd., Xindian Dist. New Taipei City, Taiwan","Lin, Jen-An Neil 林仁安 - 886-289116612",Taiwan,False,low,specialty
64,Nicaragua,Finca Las Dos Marias,10 1.1,"Compare Coperativo Condega, Esteli, Nicaragua",,NicaNoLA Coffee,1350.0,Americas,NicaNoLA Coffee,74,45 kg,Specialty Coffee Association,2021 / 2022,"June 9th, 2022",rene j alcebo,Catrenic,Completed,Natural / Dry,7.92,7.75,7.67,7.67,7.83,7.75,10.0,10.0,10.0,8.0,0.0,84.58,9.9,1,0,green,2,"June 9th, 2023",Specialty Coffee Association,*CURRENTLY NOT ACCEPTING SAMPLES**,Brit Amell (CQI) - bamell@coffeeinstitute.org -,Nicaragua,False,medium,specialty
65,Taiwan,雅慕伊咖啡莊園,"The 2022 Pacific Rim Coffee Summit,T036",雅慕伊咖啡莊園,,Taiwan Coffee Laboratory,1250.0,Asia-Pacific,浦瀚文,1,80 kg,Taiwan Coffee Laboratory 台灣咖啡研究室,2021 / 2022,"November 15th, 2022",Pu Han Wen,Gesha,Completed,Washed / Wet,8.08,7.83,7.67,7.67,7.67,7.75,10.0,10.0,10.0,7.92,0.0,84.58,11.2,0,0,green,2,"November 15th, 2023",Taiwan Coffee Laboratory 台灣咖啡研究室,"QAHWAH CO., LTD 4F, No. 225, Sec. 3, Beixin Rd., Xindian Dist. New Taipei City, Taiwan","Lin, Jen-An Neil 林仁安 - 886-289116612",Taiwan,False,medium,specialty
66,Taiwan,名陽園,"The 2022 Pacific Rim Coffee Summit,T042",名陽園,,Taiwan Coffee Laboratory,1450.0,Asia-Pacific,王政淵,1,104 kg,Taiwan Coffee Laboratory 台灣咖啡研究室,2021 / 2022,"November 15th, 2022",Taiwan Coffee Laboratory 台灣咖啡研究室,SL34,Completed,Natural / Dry,7.83,8.0,7.67,7.75,7.67,7.75,10.0,10.0,10.0,7.92,0.0,84.58,10.3,0,0,green,0,"November 15th, 2023",Taiwan Coffee Laboratory 台灣咖啡研究室,"QAHWAH CO., LTD 4F, No. 225, Sec. 3, Beixin Rd., Xindian Dist. New Taipei City, Taiwan","Lin, Jen-An Neil 林仁安 - 886-289116612",Taiwan,False,medium,specialty
67,Vietnam,CupnCare,"The 2022 Pacific Rim Coffee Summit,VN02",CupnCare,,Taiwan Coffee Laboratory,650.0,Asia-Pacific,TONG PHUC LAM TRADING SERVICES COMPANY LIMITED,3,5 kg,Taiwan Coffee Laboratory 台灣咖啡研究室,2021 / 2022,"November 15th, 2022",Taiwan Coffee Laboratory 台灣咖啡研究室,Catimor,Completed,Natural / Dry,8.0,7.83,7.75,7.67,7.58,7.83,10.0,10.0,10.0,7.92,0.0,84.58,11.6,0,0,brownish,0,"November 15th, 2023",Taiwan Coffee Laboratory 台灣咖啡研究室,"QAHWAH CO., LTD 4F, No. 225, Sec. 3, Beixin Rd., Xindian Dist. New Taipei City, Taiwan","Lin, Jen-An Neil 林仁安 - 886-289116612",Vietnam,False,low,specialty
68,Costa Rica,La Cumbre,CQU2022018,La Montana Tarrazu MIll,,Coffee Quality Union,1900.0,Americas,Santa Maria de Dota,1,22 kg,Japan Coffee Exchange,2022,"October 4th, 2022",Coffee Quality Union,Gesha,Completed,Washed / Wet,7.75,7.83,7.67,7.83,7.75,7.75,10.0,10.0,10.0,7.92,0.0,84.5,11.7,0,1,green,0,"October 4th, 2023",Japan Coffee Exchange,"〒413-0002 静岡県熱海市伊豆山１１７３−５８ 1173-58 Izusan, Atami, Shizuoka, 413-0002 JAPAN",松澤　宏樹　Koju Matsuzawa - +81(0)9085642901,Costa Rica,False,high,specialty
69,Taiwan,苗55咖啡莊園,A37-Northern Taiwan Specialty Coffee Evaluation,苗55咖啡莊園,,Taiwu Coffee Cooperative,520.0,Asia-Pacific,李鴻儀,1,300 kg,Taiwan Coffee Laboratory 台灣咖啡研究室,2021 / 2022,"January 6th, 2023",Taiwu,unknown,Completed,Pulped natural / honey,7.75,7.92,7.83,7.75,7.75,7.75,10.0,10.0,10.0,7.75,0.0,84.5,11.3,0,0,bluish-green,0,"January 6th, 2024",Taiwan Coffee Laboratory 台灣咖啡研究室,"QAHWAH CO., LTD 4F, No. 225, Sec. 3, Beixin Rd., Xindian Dist. New Taipei City, Taiwan","Lin, Jen-An Neil 林仁安 - 886-289116612",Taiwan,False,low,specialty
70,Honduras,La Cuchilla,36,Global Coffee,13-111-027,Mercon Honduras,1368.0,Americas,Jose Nahum Maldonado,340,69 kg,Instituto Hondureño del Café,2022 / 2023,"April 25th, 2023",Comercial Internacional de Granos de Honduras SA de CV,Catuai,Completed,Washed / Wet,7.83,7.92,7.75,7.75,7.75,7.75,10.0,10.0,10.0,7.75,0.0,84.5,9.8,0,0,green,3,"April 24th, 2024",Instituto Hondureño del Café,"Laboratorio de Control de Calidad de Café ( CNCC), 33 Calle, 1-2 Avenida, Sector El Cacao. San Pedro Sula, Cortes",Ramon Reyes - + 504 9693-9042,Honduras,False,medium,specialty
71,Ethiopia,TRACON TRADING PLC,0712,5.2Ha,010/0148/0712,Tracon Trading PLC,1943.0,Africa,TRACON TRADING PLC,584,30 kg,Blossom Valley International宸嶧國際,2021 / 2022,"August 23rd, 2022",李晓斐 LI XIAO FEI,Ethiopian Heirlooms,Completed,Washed / Wet,7.92,7.83,7.75,7.92,7.58,7.67,10.0,10.0,10.0,7.83,0.0,84.5,10.9,0,0,green,9,"August 23rd, 2023",Blossom Valley International宸嶧國際,No.72 Mo-Fan St. Taiwan Zip: 403,Damon Chen陳嘉峻 - +886423022323,Ethiopia,False,high,specialty
72,Taiwan,917農場 (917 Farm),2021/11,917農場 (917 Farm),,Taiwan Coffee Laboratory,400.0,Asia-Pacific,黃怡瑄 Huang Yi-xuan,1,20 kg,Taiwan Coffee Laboratory 台灣咖啡研究室,2021 / 2022,"December 12th, 2022",黃怡瑄,Typica,Completed,Natural / Dry,8.08,7.92,7.75,7.83,7.5,7.58,10.0,10.0,10.0,7.83,0.0,84.5,10.2,0,0,green,0,"December 12th, 2023",Taiwan Coffee Laboratory 台灣咖啡研究室,"QAHWAH CO., LTD 4F, No. 225, Sec. 3, Beixin Rd., Xindian Dist. New Taipei City, Taiwan","Lin, Jen-An Neil 林仁安 - 886-289116612",Taiwan,False,low,specialty
73,Taiwan,皇庭咖啡莊園,"The 2022 Pacific Rim Coffee Summit,T031",皇庭咖啡莊園,,Taiwan Coffee Laboratory,850.0,Asia-Pacific,陳榮豐,1,100 kg,Taiwan Coffee Laboratory 台灣咖啡研究室,2021 / 2022,"November 15th, 2022",Taiwan Coffee Laboratory 台灣咖啡研究室,Gesha,Completed,Washed / Wet,7.83,8.0,7.5,7.75,7.75,7.75,10.0,10.0,10.0,7.83,0.0,84.42,10.1,0,0,bluish-green,1,"November 15th, 2023",Taiwan Coffee Laboratory 台灣咖啡研究室,"QAHWAH CO., LTD 4F, No. 225, Sec. 3, Beixin Rd., Xindian Dist. New Taipei City, Taiwan","Lin, Jen-An Neil 林仁安 - 886-289116612",Taiwan,False,low,specialty
74,Guatemala,Finca Alta Luz,11-63-657,,11-63-657,"Retrillas del pacifico, s.a.",1350.0,Americas,Maria de los Angeles Perez,600,30 kg,Asociacion Nacional Del Café,2022 / 2023,"April 26th, 2023",Yesica Alejandra Martìnez Vàsquez,Bourbon,Completed,Washed / Wet,7.67,7.83,7.75,7.75,7.83,7.75,10.0,10.0,10.0,7.75,0.0,84.33,9.2,0,1,green,5,"April 25th, 2024",Asociacion Nacional Del Café,"5a Calle 0-50, Zona 14 Guatemala City, Guatemala 1014",Brayan Cifuentes -,Guatemala,False,medium,specialty
75,United States (Hawaii),Miranda's Farm,Islander’s Coffee for Pacific Rim Summit,Greenwell,,Taiwan Coffee Laboratory,1300.0,Americas,Jose & Berta Miranda,10,10 kg,Taiwan Coffee Laboratory 台灣咖啡研究室,2022,"November 9th, 2022",Taiwan Coffee Laboratory 台灣咖啡研究室,Catuai,Completed,Washed / Wet,7.92,7.83,7.75,7.92,7.5,7.67,10.0,10.0,10.0,7.75,0.0,84.33,10.1,3,0,yellow-green,7,"November 9th, 2023",Taiwan Coffee Laboratory 台灣咖啡研究室,"QAHWAH CO., LTD 4F, No. 225, Sec. 3, Beixin Rd., Xindian Dist. New Taipei City, Taiwan","Lin, Jen-An Neil 林仁安 - 886-289116612",United States (Hawaii),False,medium,specialty
76,Ethiopia,Bisrat Melaku Washing Station,0065,Washing Station,010/ 0218/0065,Tadesse Desta import export,2361.0,Africa,Bisrat Melaku,320,60 kg,METAD Agricultural Development plc,2021 / 2022,"September 19th, 2022",Tadesse Desta,Ethiopian Heirlooms,Completed,Natural / Dry,7.83,7.75,7.58,7.92,8.0,7.5,10.0,10.0,10.0,7.75,0.0,84.33,11.0,0,5,yellow green,4,"September 19th, 2023",METAD Agricultural Development plc,"BAWA Center, 3rd Floor (Gerji), Addis Ababa, Ethiopia","Aman Adinew (Emebet Dinku) - +251-116-292534, +251-911-519196",Ethiopia,False,high,specialty
77,El Salvador,San Nicolas,"The 2022 Pacific Rim Coffee Summit,SV01",San Nicolas,,Taiwan Coffee Laboratory,1500.0,Americas,various producers,20,30 kg,Taiwan Coffee Laboratory 台灣咖啡研究室,2021,"November 15th, 2022",Taiwan Coffee Laboratory 台灣咖啡研究室,Pacamara,Completed,Pulped natural / honey,7.83,7.83,7.83,7.83,7.67,7.67,10.0,10.0,10.0,7.67,0.0,84.33,10.3,0,0,brownish,4,"November 15th, 2023",Taiwan Coffee Laboratory 台灣咖啡研究室,"QAHWAH CO., LTD 4F, No. 225, Sec. 3, Beixin Rd., Xindian Dist. New Taipei City, Taiwan","Lin, Jen-An Neil 林仁安 - 886-289116612",El Salvador,False,medium,specialty
78,Colombia,Asociacion Tayronaca,NPCO-17418,Trilladora Santa Tirsa,,Sucafina NA,2100.0,Americas,Grupo Tap,275,70 kg,ASOCIACIÓN COLOMBIANA PARA LA EXCELENCIA DEL CAFE,2021 / 2022,"May 11th, 2022",Sucafina Colombia SAS,Castillo and Colombia blend,Completed,Washed / Wet,7.75,7.75,7.75,7.75,7.83,7.67,10.0,10.0,10.0,7.83,0.0,84.33,11.6,0,0,green,1,"May 11th, 2023",ASOCIACIÓN COLOMBIANA PARA LA EXCELENCIA DEL CAFE,Calle 60A #3D-32 / Planta Baja / CQ Lab ASECC,Carlos Julian Ruiz - 3212026991,Colombia,False,high,specialty
79,Indonesia,"Lintong Nihuta/Dolok Sanggul,Sumatera Utara",CQU2022018,"Lintong Nihuta/Dolok Sanggul,Sumatera Utara",,Coffee Quality Union,1300.0,Asia-Pacific,"Lintong Nihuta/Dolok Sanggul,Sumatera Utara",1,60 kg,Japan Coffee Exchange,2022,"September 21st, 2022",Coffee Quality Union,"Jember,TIM-TIM,Ateng",Completed,Wet Hulling,7.67,7.67,7.83,7.83,7.67,7.75,10.0,10.0,10.0,7.83,0.0,84.25,11.5,0,1,blue-green,1,"September 21st, 2023",Japan Coffee Exchange,"〒413-0002 静岡県熱海市伊豆山１１７３−５８ 1173-58 Izusan, Atami, Shizuoka, 413-0002 JAPAN",松澤　宏樹　Koju Matsuzawa - +81(0)9085642901,Indonesia,False,medium,specialty
80,Guatemala,San jose del lago,11/15/96,San jose del lago,11/15/96,"Peter Schoenfeld, S.A.",1600.0,Americas,"Cafetalera Paquim, S.A.",55,30 kg,Asociacion Nacional Del Café,2022 / 2023,"April 17th, 2023",Yesica Alejandra Martìnez Vàsquez,Typica,Completed,Washed / Wet,7.58,7.92,7.67,7.75,7.83,7.75,10.0,10.0,10.0,7.75,0.0,84.25,10.0,0,0,green,1,"April 16th, 2024",Asociacion Nacional Del Café,"5a Calle 0-50, Zona 14 Guatemala City, Guatemala 1014",Brayan Cifuentes -,Guatemala,False,medium,specialty
81,Madagascar,Mandroso,1,On the farm (mechanical huller and polisher / sorting by hand),,Vao Vao Sarl,1500.0,Africa,Marc Dumont,5,60 kg,NKG Quality Service (a division of Bernhard Rothfos Intercafé AG),2022,"December 12th, 2022",Marc Dumont,Bourbon,Completed,Washed / Wet,7.92,7.92,7.58,7.75,7.58,7.67,10.0,10.0,10.0,7.83,0.0,84.25,12.1,0,0,blue-green,0,"December 12th, 2023",NKG Quality Service (a division of Bernhard Rothfos Intercafé AG),"Bahnhofstrasse 22 6300 Zug, Switzerland",Tirza Odermatt - +41 41 728 72 81,Madagascar,False,medium,specialty
82,Honduras,La Cuchilla,8,Global Coffee,13-111-030,Mercon Honduras,1368.0,Americas,Jose Nahum Maldonado,345,30 kg,Instituto Hondureño del Café,2022 / 2023,"April 25th, 2023",Comercial Internacional de Granos de Honduras SA de CV,Catuai,Completed,Washed / Wet,7.75,7.75,7.58,7.83,7.75,7.75,10.0,10.0,10.0,7.75,0.0,84.17,10.2,0,0,green,2,"April 24th, 2024",Instituto Hondureño del Café,"Laboratorio de Control de Calidad de Café ( CNCC), 33 Calle, 1-2 Avenida, Sector El Cacao. San Pedro Sula, Cortes",Ramon Reyes - + 504 9693-9042,Honduras,False,medium,specialty
83,Guatemala,san francisco cotzal,11/441/49,"inmobiliaria e inversiones dos mil, s.a.",11/441/49,"inmobiliaria e inversiones dos mil, s.a.",1600.0,Americas,san francisco cotzal,275,69 kg,Asociacion Nacional Del Café,2021 / 2022,"May 19th, 2022",Angelica Paola Citan Lopez,Caturra,Completed,Washed / Wet,7.58,7.92,7.58,7.83,7.75,7.67,10.0,10.0,10.0,7.75,0.0,84.08,11.0,0,3,green,2,"May 19th, 2023",Asociacion Nacional Del Café,"5a Calle 0-50, Zona 14 Guatemala City, Guatemala 1014",Brayan Cifuentes -,Guatemala,False,medium,specialty
84,Taiwan,竹崙子莊園,A32-Northern Taiwan Specialty Coffee Evaluation,竹崙子莊園,,Taiwu Coffee Cooperative,150.0,Asia-Pacific,邱建明,1,110 kg,Taiwan Coffee Laboratory 台灣咖啡研究室,2021 / 2022,"January 6th, 2023",Taiwu,unknown,Completed,Pulped natural / honey,7.83,7.92,7.83,7.58,7.58,7.67,10.0,10.0,10.0,7.67,0.0,84.08,10.8,0,0,greenish,2,"January 6th, 2024",Taiwan Coffee Laboratory 台灣咖啡研究室,"QAHWAH CO., LTD 4F, No. 225, Sec. 3, Beixin Rd., Xindian Dist. New Taipei City, Taiwan","Lin, Jen-An Neil 林仁安 - 886-289116612",Taiwan,False,low,specialty
85,Taiwan,元富咖啡莊園,"The 2022 Pacific Rim Coffee Summit,T017",元富咖啡莊園,,Taiwan Coffee Laboratory,800.0,Asia-Pacific,李泓錡,1,80 kg,Taiwan Coffee Laboratory 台灣咖啡研究室,2021 / 2022,"November 15th, 2022",Taiwan Coffee Laboratory 台灣咖啡研究室,Gesha,Completed,Natural / Dry,7.92,7.75,7.67,7.75,7.75,8.0,9.33,10.0,10.0,7.92,0.0,84.08,10.6,0,0,yello-green,0,"November 15th, 2023",Taiwan Coffee Laboratory 台灣咖啡研究室,"QAHWAH CO., LTD 4F, No. 225, Sec. 3, Beixin Rd., Xindian Dist. New Taipei City, Taiwan","Lin, Jen-An Neil 林仁安 - 886-289116612",Taiwan,False,low,specialty
86,Guatemala,varias fincas,11/15/51,El Trèbol/Lìnea Gourmet,11/15/51,"Peter Schoenfeld, S.A.",1550.0,Americas,varios productores,430,30 kg,Asociacion Nacional Del Café,2022 / 2023,"March 22nd, 2023",Yesica Alejandra Martìnez Vàsquez,Caturra,Completed,Washed / Wet,7.67,7.83,7.67,7.83,7.75,7.67,10.0,10.0,10.0,7.67,0.0,84.08,11.0,0,1,green,2,"March 21st, 2024",Asociacion Nacional Del Café,"5a Calle 0-50, Zona 14 Guatemala City, Guatemala 1014",Brayan Cifuentes -,Guatemala,False,medium,specialty
87,Guatemala,varias fincas,11/15/59,El Trebol/Linea Gourmet,11/15/59,"Peter Schoenfeld, S.A.",1550.0,Americas,varios productores,200,30 kg,Asociacion Nacional Del Café,2022 / 2023,"March 22nd, 2023",Yesica Alejandra Martìnez Vàsquez,Caturra,Completed,Washed / Wet,7.67,7.92,7.67,7.75,7.67,7.58,10.0,10.0,10.0,7.75,0.0,84.0,11.0,0,2,green,2,"March 21st, 2024",Asociacion Nacional Del Café,"5a Calle 0-50, Zona 14 Guatemala City, Guatemala 1014",Brayan Cifuentes -,Guatemala,False,medium,specialty
88,Honduras,finca de la casa,"The 2022 Pacific Rim Coffee Summit,HN04",De la casa,,Taiwan Coffee Laboratory,1800.0,Americas,Irma Consuelo Bonilla Hernandez,16,30 kg,Taiwan Coffee Laboratory 台灣咖啡研究室,2021 / 2022,"November 15th, 2022","Kao,SIng-jay",Typica,Completed,Pulped natural / honey,7.75,7.75,7.75,7.67,7.75,7.67,10.0,10.0,10.0,7.67,0.0,84.0,9.4,0,0,green,0,"November 15th, 2023",Taiwan Coffee Laboratory 台灣咖啡研究室,"QAHWAH CO., LTD 4F, No. 225, Sec. 3, Beixin Rd., Xindian Dist. New Taipei City, Taiwan","Lin, Jen-An Neil 林仁安 - 886-289116612",Honduras,False,high,specialty
89,"Tanzania, United Republic Of",KONGONI ESTATE,CN 4127230031/P-9139,RAFIKI MILL,033/DE/491/001,C.DORMAN SEZ LTD,1675.0,Africa,DORMAN (T) LTD,200,60 kg,Kenya Coffee Traders Association,2022 / 2023,"January 3rd, 2023",Gilbert Maina,Bourbon,Completed,Washed / Wet,7.58,7.67,7.75,7.75,7.75,7.75,10.0,10.0,10.0,7.75,0.0,84.0,9.8,0,0,greenish,3,"January 3rd, 2024",Kenya Coffee Traders Association,"P.O. Box 646 00100Nairobi, Kenya, Denniss Pritt Road, Opposite St Georges Girls Secondary School",Benson Kibicho Kamau - +254 786 821 621,"Tanzania, United Republic Of",False,high,specialty
90,Ethiopia,Ecom Agroindustrial,1077,Beneficio humedo,010-0424-0586,Descafeinadores Mexicano SA. de CV,1800.0,Africa,Ecom Agroindustrial,300,60 kg,Centro Agroecológico del Café A.C.,2021 / 2022,"November 18th, 2022",Descafeinadores Mexicanos S.A de C.V,Ethiopian Heirlooms,Completed,Washed / Wet,8.0,7.75,7.5,7.67,7.67,7.67,10.0,10.0,10.0,7.75,0.0,84.0,11.3,1,1,green,1,"November 18th, 2023",Centro Agroecológico del Café A.C.,"Instituto de Ecología A. C., Campus III Edificio A Planta Baja Carretera Antigua a Coatepec No. 351 Col. El Haya C.P. 91070 Xalapa, Veracruz, México.",Stephany Escamilla Femat - Tel. +52 228 8421800 Ext. 3092,Ethiopia,False,high,specialty
91,"Tanzania, United Republic Of",MASHIMA AMCOS,CN 4127220159/4189220459,GOURMET COFFEE MILL,033/0010/022,DORMAN (T) LTD,1550.0,Africa,DORMAN,320,60 kg,Kenya Coffee Traders Association,2022 / 2023,"November 21st, 2022",Gilbert Maina,Bourbon,Completed,Washed / Wet,7.75,7.58,7.58,7.92,7.67,7.75,10.0,10.0,10.0,7.75,0.0,84.0,11.6,0,0,greenish,2,"November 21st, 2023",Kenya Coffee Traders Association,"P.O. Box 646 00100Nairobi, Kenya, Denniss Pritt Road, Opposite St Georges Girls Secondary School",Benson Kibicho Kamau - +254 786 821 621,"Tanzania, United Republic Of",False,medium,specialty
92,Colombia,COO,3-002-00883,Laumayer Armenia,,InterAmerican Coffee,1550.0,Americas,Cooperativa Central de Caficultores del Huila,275,70 kg,NKG Quality Service (a division of Bernhard Rothfos Intercafé AG),2022,"July 27th, 2022",Charles Umeano,Caturra,Completed,Washed / Wet,7.67,7.83,7.58,7.92,7.67,7.67,10.0,10.0,10.0,7.67,0.0,84.0,13.3,0,2,green,3,"July 27th, 2023",NKG Quality Service (a division of Bernhard Rothfos Intercafé AG),"Bahnhofstrasse 22 6300 Zug, Switzerland",Tirza Odermatt - +41 41 728 72 81,Colombia,False,medium,specialty
93,Costa Rica,Gamboa Farm,12077-01,Beneficio Montañas del Diamante,5-0025-0132,CECA S.A.,1850.0,Americas,Martin Gutierrez,250,35 kg,Specialty Coffee Association of Costa Rica,2022 / 2023,"April 19th, 2023",Joselyn Morales Quesada,Caturra,Completed,Washed / Wet,7.67,7.92,7.58,7.75,7.67,7.58,10.0,10.0,10.0,7.75,0.0,83.92,9.5,0,0,green,2,"April 18th, 2024",Specialty Coffee Association of Costa Rica,"Blvd Rohrmoser, de Prisma Dental 200 norte y 25 oeste, casa 21",Noelia Villalobos - (506) 2220 0685,Costa Rica,False,high,specialty
94,Guatemala,El Morito,"The 2022 Pacific Rim Coffee Summit,GT01",Sube,,Taiwan Coffee Laboratory,1900.0,Americas,Various producers,1,15 kg,Taiwan Coffee Laboratory 台灣咖啡研究室,2021,"November 15th, 2022",Taiwan Coffee Laboratory 台灣咖啡研究室,Gesha,Completed,Natural / Dry,7.83,7.83,7.58,7.67,7.67,7.58,10.0,10.0,10.0,7.75,0.0,83.92,11.9,0,0,greenish,0,"November 15th, 2023",Taiwan Coffee Laboratory 台灣咖啡研究室,"QAHWAH CO., LTD 4F, No. 225, Sec. 3, Beixin Rd., Xindian Dist. New Taipei City, Taiwan","Lin, Jen-An Neil 林仁安 - 886-289116612",Guatemala,False,high,specialty
95,Guatemala,San jose del lago,11/15/95,San jose del lago,11/15/95,"Peter Schoenfeld, S.A.",1600.0,Americas,"Cafetalera Paquim, S.A.",35,30 kg,Asociacion Nacional Del Café,2022 / 2023,"April 17th, 2023",Yesica Alejandra Martìnez Vàsquez,Bourbon,Completed,Washed / Wet,7.58,7.83,7.58,7.75,7.67,7.75,10.0,10.0,10.0,7.75,0.0,83.92,10.0,0,1,green,2,"April 16th, 2024",Asociacion Nacional Del Café,"5a Calle 0-50, Zona 14 Guatemala City, Guatemala 1014",Brayan Cifuentes -,Guatemala,False,medium,specialty
96,Thailand,Baan San Charoen,CQU2022016,Baan San Charoen,,Coffee Quality Union,1350.0,Asia-Pacific,Phaibul Kitcharoen,1,30 kg,Japan Coffee Exchange,2022,"September 21st, 2022",Coffee Quality Union,Catimor,Completed,Natural / Dry,7.75,7.67,7.58,7.75,7.75,7.67,10.0,10.0,10.0,7.75,0.0,83.92,11.6,0,0,yellowish,3,"September 21st, 2023",Japan Coffee Exchange,"〒413-0002 静岡県熱海市伊豆山１１７３−５８ 1173-58 Izusan, Atami, Shizuoka, 413-0002 JAPAN",松澤　宏樹　Koju Matsuzawa - +81(0)9085642901,Thailand,False,medium,specialty
97,Colombia,,3/37/1370,"Racafé & CIA S.C.A, Km 5 Vía Pereira",3/37/1370,Marubeni Corporation,1411.0,Americas,RACAFE & CIA SCA,375,70 kg,Japan Coffee Exchange,2022 / 2023,"April 17th, 2023",Ikuto Uehara,,Completed,Washed / Wet,7.67,7.75,7.67,7.75,7.67,7.67,10.0,10.0,10.0,7.67,0.0,83.83,11.9,0,1,green,1,"April 16th, 2024",Japan Coffee Exchange,"〒413-0002 静岡県熱海市伊豆山１１７３−５８ 1173-58 Izusan, Atami, Shizuoka, 413-0002 JAPAN",松澤　宏樹　Koju Matsuzawa - +81(0)9085642901,Colombia,False,medium,specialty
98,Guatemala,FINCA ALTA LUZ,11/63/908,,11/63/908,"RETRILLAS DEL PACIFICO, S. A.",1400.0,Americas,MARIA DE LOS ANGELES PEREZ,600,30 kg,Asociacion Nacional Del Café,2021 / 2022,"May 13th, 2022",Angelica Paola Citan Lopez,"BOURBON, CATURRA Y CATIMOR",Completed,Natural / Dry,7.58,7.83,7.67,7.67,7.67,7.67,10.0,10.0,10.0,7.75,0.0,83.83,10.8,0,0,green,4,"May 13th, 2023",Asociacion Nacional Del Café,"5a Calle 0-50, Zona 14 Guatemala City, Guatemala 1014",Brayan Cifuentes -,Guatemala,False,medium,specialty
99,Guatemala,SAN RAFAEL URIAS VALDES,AMNI-22-0905,"BENEFICIO SANTA RITA, S. A.",11/54876/01,Asociación Nacional del Cafe,1491.996,Americas,"VALBROS, S. A.",635,30 kg,Asociacion Nacional Del Café,2021 / 2022,"May 19th, 2022",Angelica Paola Citan Lopez,Bourbon,Completed,Washed / Wet,7.58,7.92,7.5,7.67,7.75,7.67,10.0,10.0,10.0,7.75,0.0,83.83,10.9,0,1,greenish,4,"May 19th, 2023",Asociacion Nacional Del Café,"5a Calle 0-50, Zona 14 Guatemala City, Guatemala 1014",Brayan Cifuentes -,Guatemala,True,medium,specialty
100,Ethiopia,Gerbicho Lela Cooperative,1,Sidama Coffee Farmers Cooperative Union,010/0145/0064,Taylor Winch Coffee Ltd,2000.0,Africa,Sidama Coffee Farmers Cooperative Union,100,60 kg,Kenya Coffee Traders Association,2021 / 2022,"September 9th, 2022",Taylor Winch (Coffee) Ltd.,Ethiopian Heirlooms,Completed,Washed / Wet,7.83,7.67,7.5,7.92,7.5,7.67,10.0,10.0,10.0,7.75,0.0,83.83,12.0,0,0,green,12,"September 9th, 2023",Kenya Coffee Traders Association,"P.O. Box 646 00100Nairobi, Kenya, Denniss Pritt Road, Opposite St Georges Girls Secondary School",Benson Kibicho Kamau - +254 786 821 621,Ethiopia,False,high,specialty
101,Colombia,N / A,3-0068-00886,Trilladora Popayán,3-0068-00886,ECOM COLOMBIA,1700.0,Americas,Regional producers,285,70 kg,ASOCIACIÓN COLOMBIANA PARA LA EXCELENCIA DEL CAFE,2022 / 2023,"February 22nd, 2023",Raúl Vargas,Caturra,Completed,Washed / Wet,7.92,7.75,7.42,7.58,7.92,7.67,10.0,10.0,10.0,7.58,0.0,83.83,12.1,2,5,green,5,"February 22nd, 2024",ASOCIACIÓN COLOMBIANA PARA LA EXCELENCIA DEL CAFE,Calle 60A #3D-32 / Planta Baja / CQ Lab ASECC,Carlos Julian Ruiz - 3212026991,Colombia,False,high,specialty
102,United States (Hawaii),various farms,"The 2022 Pacific Rim Coffee Summit,US02",Aloha Hills Kona Coffee,,Taiwan Coffee Laboratory,500.0,Americas,Isla Custom Coffees,4,15 kg,Taiwan Coffee Laboratory 台灣咖啡研究室,2022,"November 15th, 2022",Taiwan Coffee Laboratory 台灣咖啡研究室,Typica,Completed,Washed / Wet,7.67,7.92,7.58,7.58,7.58,7.75,10.0,10.0,10.0,7.75,0.0,83.83,11.8,0,3,green,3,"November 15th, 2023",Taiwan Coffee Laboratory 台灣咖啡研究室,"QAHWAH CO., LTD 4F, No. 225, Sec. 3, Beixin Rd., Xindian Dist. New Taipei City, Taiwan","Lin, Jen-An Neil 林仁安 - 886-289116612",United States (Hawaii),False,low,specialty
103,Colombia,La Gallera,"The 2022 Pacific Rim Coffee Summit,CO02",La Gallera,,Taiwan Coffee Laboratory,1800.0,Americas,Oscar Javier Paez & Family,40,35 kg,Taiwan Coffee Laboratory 台灣咖啡研究室,2022,"November 15th, 2022",PeiHsun Lin,Bourbon Sidra,Completed,Pulped natural / honey,7.67,7.92,7.67,7.58,7.67,7.67,10.0,10.0,10.0,7.58,0.0,83.75,10.6,0,0,greenish,1,"November 15th, 2023",Taiwan Coffee Laboratory 台灣咖啡研究室,"QAHWAH CO., LTD 4F, No. 225, Sec. 3, Beixin Rd., Xindian Dist. New Taipei City, Taiwan","Lin, Jen-An Neil 林仁安 - 886-289116612",Colombia,False,high,specialty
104,Mexico,Finca Custepec,312,exportadora de cafe california,016-2028-0312,Exportadora Café California,1200.0,Americas,Armando Pohlenz,600,30 kg,Centro Agroecológico del Café A.C.,2022 / 2023,"April 5th, 2023",ANDREAS KUSSMAUL,Sarchimor,Completed,Washed / Wet,7.67,7.67,7.58,7.67,7.83,7.58,10.0,10.0,10.0,7.75,0.0,83.75,11.7,4,0,green,12,"April 4th, 2024",Centro Agroecológico del Café A.C.,"Instituto de Ecología A. C., Campus III Edificio A Planta Baja Carretera Antigua a Coatepec No. 351 Col. El Haya C.P. 91070 Xalapa, Veracruz, México.",Stephany Escamilla Femat - Tel. +52 228 8421800 Ext. 3092,Mexico,False,low,specialty
105,Colombia,,,,,Coffee Quality Institute,,Americas,,1,1 kg,Barista and Coffee Academy of Asia,2022,"September 26th, 2022",Coffee Quality Institute,,Completed,,7.83,7.75,7.5,7.58,7.67,7.67,10.0,10.0,10.0,7.67,0.0,83.67,12.4,1,0,greenish,9,"September 26th, 2023",Barista and Coffee Academy of Asia,"The Place Bldg., Tunasan, Muntinlupa City, Metro Manila ​Philippines",Rosario Cruz - +63 995 344 5688,Colombia,False,,specialty
106,Taiwan,永舜咖啡莊園,202203,yes,non,Yongshun,1250.0,Asia-Pacific,蘇甘永,50,2 kg,Blossom Valley International宸嶧國際,2022,"October 24th, 2022",Yongshun,SL34,Completed,Washed / Wet,7.67,7.67,7.75,7.75,7.5,7.67,10.0,10.0,10.0,7.67,0.0,83.67,10.0,0,0,bluish-green,0,"October 24th, 2023",Blossom Valley International宸嶧國際,No.72 Mo-Fan St. Taiwan Zip: 403,Damon Chen陳嘉峻 - +886423022323,Taiwan,False,medium,specialty
107,Myanmar,Aromatic,"The 2022 Pacific Rim Coffee Summit,MM01",Aromatic,,Taiwan Coffee Laboratory,1400.0,Asia-Pacific,Lim,100,30 kg,Taiwan Coffee Laboratory 台灣咖啡研究室,2022,"November 15th, 2022",PeiHsun Lin,"Catimor,Catuai,Caturra,Bourbon",Completed,Natural / Dry,7.83,7.83,7.67,7.58,7.58,7.58,10.0,10.0,10.0,7.58,0.0,83.67,10.2,0,1,pale yellow,1,"November 15th, 2023",Taiwan Coffee Laboratory 台灣咖啡研究室,"QAHWAH CO., LTD 4F, No. 225, Sec. 3, Beixin Rd., Xindian Dist. New Taipei City, Taiwan","Lin, Jen-An Neil 林仁安 - 886-289116612",Myanmar,False,medium,specialty
108,Taiwan,恆珊農場,A05-Northern Taiwan Specialty Coffee Evaluation,恆珊農場,,Taiwu Coffee Cooperative,300.0,Asia-Pacific,羅以珊,1,13 kg,Taiwan Coffee Laboratory 台灣咖啡研究室,2021 / 2022,"January 6th, 2023",Taiwu,unknown,Completed,Pulped natural / honey,7.58,7.75,7.67,7.83,7.5,7.67,10.0,10.0,10.0,7.67,0.0,83.67,9.2,0,0,greenish,0,"January 6th, 2024",Taiwan Coffee Laboratory 台灣咖啡研究室,"QAHWAH CO., LTD 4F, No. 225, Sec. 3, Beixin Rd., Xindian Dist. New Taipei City, Taiwan","Lin, Jen-An Neil 林仁安 - 886-289116612",Taiwan,False,low,specialty
109,Honduras,Maria Bonita,"The 2022 Pacific Rim Coffee Summit,HN01","Cafe Organic Marcala, S.A. (COMSA)",,Taiwan Coffee Laboratory,1470.0,Americas,Pedro Turcios,9,15 kg,Taiwan Coffee Laboratory 台灣咖啡研究室,2021,"November 15th, 2022",Taiwan Coffee Laboratory 台灣咖啡研究室,Parainema,Completed,Natural / Dry,7.67,7.67,7.58,7.75,7.67,7.67,10.0,10.0,10.0,7.67,0.0,83.67,11.1,0,2,pale yellow,1,"November 15th, 2023",Taiwan Coffee Laboratory 台灣咖啡研究室,"QAHWAH CO., LTD 4F, No. 225, Sec. 3, Beixin Rd., Xindian Dist. New Taipei City, Taiwan","Lin, Jen-An Neil 林仁安 - 886-289116612",Honduras,False,medium,specialty
110,Taiwan,正源咖啡,A30-Northern Taiwan Specialty Coffee Evaluation,正源咖啡,,Taiwu Coffee Cooperative,325.0,Asia-Pacific,彭文正,1,10 kg,Taiwan Coffee Laboratory 台灣咖啡研究室,2021 / 2022,"January 6th, 2023",Taiwu,unknown,Completed,Natural / Dry,7.58,7.67,7.5,7.75,7.75,7.67,10.0,10.0,10.0,7.67,0.0,83.58,8.4,0,0,green,0,"January 6th, 2024",Taiwan Coffee Laboratory 台灣咖啡研究室,"QAHWAH CO., LTD 4F, No. 225, Sec. 3, Beixin Rd., Xindian Dist. New Taipei City, Taiwan","Lin, Jen-An Neil 林仁安 - 886-289116612",Taiwan,False,low,specialty
111,Taiwan,宋明光	蝙蝠洞莊園	蝙蝠洞莊園,A14-Northern Taiwan Specialty Coffee Evaluation,宋明光	蝙蝠洞莊園	蝙蝠洞莊園,,Taiwu Coffee Cooperative,275.0,Asia-Pacific,宋明光,1,10 kg,Taiwan Coffee Laboratory 台灣咖啡研究室,2021 / 2022,"January 6th, 2023",Taiwu,Typica,Completed,Pulped natural / honey,7.58,7.75,7.58,7.75,7.58,7.67,10.0,10.0,10.0,7.67,0.0,83.58,9.1,0,0,green,0,"January 6th, 2024",Taiwan Coffee Laboratory 台灣咖啡研究室,"QAHWAH CO., LTD 4F, No. 225, Sec. 3, Beixin Rd., Xindian Dist. New Taipei City, Taiwan","Lin, Jen-An Neil 林仁安 - 886-289116612",Taiwan,False,low,specialty
112,Guatemala,SAN FRANCISCO COTZAL,P-4142,"INMOBILIARIA E INVERSIONES DOS MIL, S. A.",11/441/50,Asociación Nacional del Cafe,1600.0,Americas,SAN FRANCISCO COTZAL,275,69 kg,Asociacion Nacional Del Café,2021 / 2022,"May 19th, 2022",Angelica Paola Citan Lopez,Caturra,Completed,Washed / Wet,7.58,7.83,7.58,7.67,7.58,7.58,10.0,10.0,10.0,7.75,0.0,83.58,10.9,0,2,green,4,"May 19th, 2023",Asociacion Nacional Del Café,"5a Calle 0-50, Zona 14 Guatemala City, Guatemala 1014",Brayan Cifuentes -,Guatemala,False,medium,specialty
113,Honduras,varias,AMNI-22-6011-1,Beneficio seco,13-167-471,Cafe Organico Marcala S.A de C.V.,1400.0,Americas,comsa,260,69 kg,Instituto Hondureño del Café,2021 / 2022,"August 17th, 2022",Eliud Hernandez Gonzales,SHG,Completed,Washed / Wet,7.75,7.67,7.58,7.58,7.58,7.67,10.0,10.0,10.0,7.67,0.0,83.5,11.2,0,1,green,5,"August 17th, 2023",Instituto Hondureño del Café,"Laboratorio de Control de Calidad de Café ( CNCC), 33 Calle, 1-2 Avenida, Sector El Cacao. San Pedro Sula, Cortes",Ramon Reyes - + 504 9693-9042,Honduras,False,medium,specialty
114,Colombia,La fortaleza,3-0104-00202 Popayán Supremo,Trilladora Pubenza,3-0104-00202,Cafe Colsuaves,1700.0,Americas,La fortaleza,600,30 kg,ASOCIACIÓN COLOMBIANA PARA LA EXCELENCIA DEL CAFE,2022,"January 18th, 2023",pablo velosa,Caturra,Completed,Washed / Wet,7.75,7.75,7.5,7.58,7.83,7.5,10.0,10.0,10.0,7.58,0.0,83.5,12.2,0,0,bluish-green,2,"January 18th, 2024",ASOCIACIÓN COLOMBIANA PARA LA EXCELENCIA DEL CAFE,Calle 60A #3D-32 / Planta Baja / CQ Lab ASECC,Carlos Julian Ruiz - 3212026991,Colombia,False,high,specialty
115,Thailand,Doi Tung Development Project,BOURBON 21/22 (Coffea Arabica),Dry Mill,,Doi Tung Development Project,1390.0,Asia-Pacific,Doi Tung Development Project,2,1 kg,FABB Academy of Coffee,2022,"July 14th, 2022",Doi Tung Development Project,Bourbon,Completed,Washed / Wet,7.42,7.83,7.58,7.67,7.67,7.75,10.0,10.0,10.0,7.58,0.0,83.5,13.1,0,0,green,0,"July 14th, 2023",FABB Academy of Coffee,"FABB ACADEMY OF COFFEE 259/313 SUKHUMVIT 71 RD., SOI PRIDI BANOMYONG 15, VHADANA BKK, 10110 THAILAND",Janejira Kamonsawedkun - +(66) 095 095 9593,Thailand,False,medium,specialty
116,Ethiopia,YHAENU PLC FARM,1,GUJI COFFEE EXPORT P.L.C,,yhaenu plc,1700.0,Africa,YHAENU PLC,320,19200 kg,METAD Agricultural Development plc,2021 / 2022,"November 30th, 2022",YHAENU PLC,Ethiopian Heirlooms,Completed,Washed / Wet,7.42,7.42,7.42,8.0,7.92,7.67,10.0,10.0,10.0,7.67,0.0,83.5,10.4,0,1,greenish,11,"November 30th, 2023",METAD Agricultural Development plc,"BAWA Center, 3rd Floor (Gerji), Addis Ababa, Ethiopia","Aman Adinew (Emebet Dinku) - +251-116-292534, +251-911-519196",Ethiopia,False,high,specialty
117,Thailand,Doi Nan,CQU2022011,Doi Nan,,Coffee Quality Union,1450.0,Asia-Pacific,Chalerm,5,2 kg,Japan Coffee Exchange,2022,"June 16th, 2022",Coffee Quality Union,Java,Completed,Washed / Wet,7.67,7.67,7.5,7.67,7.58,7.67,10.0,10.0,10.0,7.67,0.0,83.42,11.6,0,2,green,0,"June 16th, 2023",Japan Coffee Exchange,"〒413-0002 静岡県熱海市伊豆山１１７３−５８ 1173-58 Izusan, Atami, Shizuoka, 413-0002 JAPAN",松澤　宏樹　Koju Matsuzawa - +81(0)9085642901,Thailand,False,medium,specialty
118,Uganda,Bugisu Shamba,035/170/5021210,Kawacom,,Kawacom uganda LTD,1650.0,Africa,Kawacom Uganda Ltd,150,60 kg,Uganda Coffee Development Authority,2021 / 2022,"July 7th, 2022",Kawacom Uganda LTD,SL14,Completed,Washed / Wet,7.75,7.75,7.5,7.5,7.58,7.58,10.0,10.0,10.0,7.75,0.0,83.42,10.1,0,0,green,3,"July 7th, 2023",Uganda Coffee Development Authority,"Coffee House, Plot 35, Jinja Road, P.O. Box 7267, Kampala, Uganda",Brenda Kamara Kemigisha Mangeni - 256773040119,Uganda,False,high,specialty
119,Taiwan,香香久溢咖啡莊園,"The 2022 Pacific Rim Coffee Summit,T022",香香久溢咖啡莊園,,Taiwan Coffee Laboratory,1100.0,Asia-Pacific,吳昭昀,1,40 kg,Taiwan Coffee Laboratory 台灣咖啡研究室,2021 / 2022,"November 15th, 2022",Wu Jhao Yun,Typica + SL34,Completed,Washed / Wet,7.75,7.92,7.67,7.92,7.75,7.83,8.67,10.0,10.0,7.92,0.0,83.42,10.1,0,0,blue-green,0,"November 15th, 2023",Taiwan Coffee Laboratory 台灣咖啡研究室,"QAHWAH CO., LTD 4F, No. 225, Sec. 3, Beixin Rd., Xindian Dist. New Taipei City, Taiwan","Lin, Jen-An Neil 林仁安 - 886-289116612",Taiwan,False,low,specialty
120,Uganda,Masereka William,7969,Dry Mill,11/35,Kyagalanyi Coffee Limited,1905.0,Africa,Kyagalanyi coffee limited,320,60 kg,Uganda Coffee Development Authority,2021 / 2022,"September 1st, 2022",KYAGALANYI COFFEE LIMITED,SL14,Completed,Washed / Wet,7.75,7.67,7.58,7.5,7.67,7.5,10.0,10.0,10.0,7.67,0.0,83.33,11.1,0,0,green,5,"September 1st, 2023",Uganda Coffee Development Authority,"Coffee House, Plot 35, Jinja Road, P.O. Box 7267, Kampala, Uganda",Brenda Kamara Kemigisha Mangeni - 256773040119,Uganda,False,high,specialty
121,Taiwan,四分子道,A04-Northern Taiwan Specialty Coffee Evaluation,四分子道,,Taiwu Coffee Cooperative,250.0,Asia-Pacific,林士傑,1,8 kg,Taiwan Coffee Laboratory 台灣咖啡研究室,2021 / 2022,"January 6th, 2023",Taiwu,Typica,Completed,Pulped natural / honey,7.58,7.67,7.5,7.75,7.5,7.58,10.0,10.0,10.0,7.75,0.0,83.33,9.7,0,0,greenish,0,"January 6th, 2024",Taiwan Coffee Laboratory 台灣咖啡研究室,"QAHWAH CO., LTD 4F, No. 225, Sec. 3, Beixin Rd., Xindian Dist. New Taipei City, Taiwan","Lin, Jen-An Neil 林仁安 - 886-289116612",Taiwan,False,low,specialty
122,Guatemala,MI CAFECITO & LA PROVIDENCIA,1,MI CAFECITO + AGUA SANTA LA PROVIDENCIA + AGUA SANTA,,Mr.Brown Cafe,1302.5,Americas,500 PRODUCERS,320,60 kg,Taiwan Coffee Laboratory 台灣咖啡研究室,2021,"December 30th, 2022",MR.BROWN CAFE,"MARSELLESA, CATUAI, CATURRA & MARSELLESA, ANACAFE 14, CATUAI",Completed,Washed / Wet,7.5,7.75,7.58,7.75,7.67,7.58,10.0,10.0,10.0,7.5,0.0,83.33,11.4,0,0,green,0,"December 30th, 2023",Taiwan Coffee Laboratory 台灣咖啡研究室,"QAHWAH CO., LTD 4F, No. 225, Sec. 3, Beixin Rd., Xindian Dist. New Taipei City, Taiwan","Lin, Jen-An Neil 林仁安 - 886-289116612",Guatemala,False,medium,specialty
123,Taiwan,木華莊園,A21-Northern Taiwan Specialty Coffee Evaluation,木華莊園,,Taiwu Coffee Cooperative,300.0,Asia-Pacific,簡進財,1,80 kg,Taiwan Coffee Laboratory 台灣咖啡研究室,2021 / 2022,"January 6th, 2023",Taiwu,Typica,Completed,Washed / Wet,7.58,7.67,7.58,7.75,7.42,7.58,10.0,10.0,10.0,7.75,0.0,83.33,9.6,0,0,green,1,"January 6th, 2024",Taiwan Coffee Laboratory 台灣咖啡研究室,"QAHWAH CO., LTD 4F, No. 225, Sec. 3, Beixin Rd., Xindian Dist. New Taipei City, Taiwan","Lin, Jen-An Neil 林仁安 - 886-289116612",Taiwan,False,low,specialty
124,Colombia,El Laurel,1,Hulling facility,,Minka coffee company LTD,1100.0,Americas,Eric SELLIN,2,1 kg,FABB Academy of Coffee,2021 / 2022,"September 30th, 2022",piradaPKPL,Caturra,Completed,Washed / Wet,7.67,7.67,7.42,7.75,7.5,7.75,10.0,10.0,10.0,7.58,0.0,83.33,13.5,0,0,greenish,0,"September 30th, 2023",FABB Academy of Coffee,"FABB ACADEMY OF COFFEE 259/313 SUKHUMVIT 71 RD., SOI PRIDI BANOMYONG 15, VHADANA BKK, 10110 THAILAND",Janejira Kamonsawedkun - +(66) 095 095 9593,Colombia,False,low,specialty
125,Costa Rica,Gamboa Farm,12074,Beneficio Montañas del Diamante,5-0025-0130,CECA S.A.,1850.0,Americas,Martin Gutierrez,320,69 kg,Specialty Coffee Association of Costa Rica,2022 / 2023,"April 19th, 2023",Joselyn Morales Quesada,Caturra,Completed,Washed / Wet,7.58,7.75,7.42,7.67,7.5,7.75,10.0,10.0,10.0,7.67,0.0,83.33,0.0,0,0,green,3,"April 18th, 2024",Specialty Coffee Association of Costa Rica,"Blvd Rohrmoser, de Prisma Dental 200 norte y 25 oeste, casa 21",Noelia Villalobos - (506) 2220 0685,Costa Rica,False,high,specialty
126,Taiwan,東泓咖啡莊園,"The 2022 Pacific Rim Coffee Summit,T019",東泓咖啡莊園,,Taiwan Coffee Laboratory,750.0,Asia-Pacific,陳善東,1,100 kg,Taiwan Coffee Laboratory 台灣咖啡研究室,2021 / 2022,"November 15th, 2022",CHEN SHAN DONG 陳善東,SL34,Completed,Washed / Wet,7.75,7.83,7.58,7.58,7.58,7.5,10.0,10.0,10.0,7.5,0.0,83.33,10.7,0,0,blue-green,1,"November 15th, 2023",Taiwan Coffee Laboratory 台灣咖啡研究室,"QAHWAH CO., LTD 4F, No. 225, Sec. 3, Beixin Rd., Xindian Dist. New Taipei City, Taiwan","Lin, Jen-An Neil 林仁安 - 886-289116612",Taiwan,False,low,specialty
127,Thailand,Doi Tung Development Project,TYPICA 21/22 (Coffea Arabica),Dry Mill,,Doi Tung Development Project,1400.0,Asia-Pacific,Doi Tung Development Project,2,1 kg,FABB Academy of Coffee,2022,"July 14th, 2022",Doi Tung Development Project,Typica,Completed,Washed / Wet,7.92,7.92,7.75,7.33,7.58,7.5,10.0,10.0,10.0,7.33,0.0,83.33,12.3,0,0,yellow-green,16,"July 14th, 2023",FABB Academy of Coffee,"FABB ACADEMY OF COFFEE 259/313 SUKHUMVIT 71 RD., SOI PRIDI BANOMYONG 15, VHADANA BKK, 10110 THAILAND",Janejira Kamonsawedkun - +(66) 095 095 9593,Thailand,False,medium,specialty
128,"Tanzania, United Republic Of",MASHIMA AMCOS,CN 4127220163/4189220459,GOURMET COFFEE MILL,033/0010/032,DORMAN TANZANIA LTD,1550.0,Africa,DORMAN TANZANIA LTD,320,60 kg,Kenya Coffee Traders Association,2022 / 2023,"January 3rd, 2023",Gilbert Maina,Bourbon,Completed,Washed / Wet,7.92,7.67,7.42,7.5,7.67,7.58,10.0,10.0,10.0,7.5,0.0,83.25,10.4,0,0,greenish,8,"January 3rd, 2024",Kenya Coffee Traders Association,"P.O. Box 646 00100Nairobi, Kenya, Denniss Pritt Road, Opposite St Georges Girls Secondary School",Benson Kibicho Kamau - +254 786 821 621,"Tanzania, United Republic Of",False,medium,specialty
129,Brazil,Fazenda Conquista e Capoeirinha,004/22,Dry mill,,Ipanema Coffees,950.0,Americas,Ipanema Agrícola SA,960,60 kg,Brazil Specialty Coffee Association,2022 / 2023,"February 13th, 2023",Ipanema Coffees,Mundo Novo,Completed,Natural / Dry,7.58,7.5,7.5,7.83,7.67,7.5,10.0,10.0,10.0,7.67,0.0,83.25,11.6,0,0,green,4,"February 13th, 2024",Brazil Specialty Coffee Association,"Rua Gaspar Batista Paiva, 416 – Santa Luiza Varginha/MG – Brazil",Chris Allen - 55 35 3212-4705,Brazil,False,low,specialty
130,Taiwan,棒棒有機農場,A41-Northern Taiwan Specialty Coffee Evaluation,棒棒有機農場,,Taiwu Coffee Cooperative,1150.0,Asia-Pacific,林木青,1,320 kg,Taiwan Coffee Laboratory 台灣咖啡研究室,2021 / 2022,"January 6th, 2023",Taiwu,unknown,Completed,Washed / Wet,7.75,7.75,7.58,7.67,7.42,7.5,10.0,10.0,10.0,7.58,0.0,83.25,9.6,0,0,green,1,"January 6th, 2024",Taiwan Coffee Laboratory 台灣咖啡研究室,"QAHWAH CO., LTD 4F, No. 225, Sec. 3, Beixin Rd., Xindian Dist. New Taipei City, Taiwan","Lin, Jen-An Neil 林仁安 - 886-289116612",Taiwan,False,low,specialty
131,Colombia,Buenos Aires,CQU2023003,Buenos Aires,,Coffee Quality Union,1390.0,Americas,Chucho Bedoya,2,12 kg,Japan Coffee Exchange,2022,"April 7th, 2023",Coffee Quality Union,"Red Bourbon,Caturra",Completed,Anaerobico 1000h,7.67,7.67,7.58,7.67,7.58,7.58,10.0,10.0,10.0,7.5,0.0,83.25,10.9,0,0,brownish,2,"April 6th, 2024",Japan Coffee Exchange,"〒413-0002 静岡県熱海市伊豆山１１７３−５８ 1173-58 Izusan, Atami, Shizuoka, 413-0002 JAPAN",松澤　宏樹　Koju Matsuzawa - +81(0)9085642901,Colombia,False,medium,specialty
132,Honduras,La Bendicion,"The 2022 Pacific Rim Coffee Summit,HN03","COMSA (Cafe Organic Marcala, S.A)",,Taiwan Coffee Laboratory,1600.0,Americas,Joaquin Suazo,9,15 kg,Taiwan Coffee Laboratory 台灣咖啡研究室,2021,"November 15th, 2022",Taiwan Coffee Laboratory 台灣咖啡研究室,Lempira,Completed,Washed / Wet,7.67,7.75,7.67,7.58,7.5,7.58,10.0,10.0,10.0,7.5,0.0,83.25,10.5,0,0,bluish-green,3,"November 15th, 2023",Taiwan Coffee Laboratory 台灣咖啡研究室,"QAHWAH CO., LTD 4F, No. 225, Sec. 3, Beixin Rd., Xindian Dist. New Taipei City, Taiwan","Lin, Jen-An Neil 林仁安 - 886-289116612",Honduras,False,medium,specialty
133,Honduras,varias,AMNI-22-6011-2,Beneficio seco,13-167-471-2,Cafe Organico Marcala S.A de C.V.,1400.0,Americas,comsa,260,69 kg,Instituto Hondureño del Café,2021 / 2022,"August 17th, 2022",Eliud Hernandez Gonzales,Catuai,Completed,Washed / Wet,7.75,7.58,7.58,7.58,7.5,7.58,10.0,10.0,10.0,7.67,0.0,83.25,11.3,0,1,green,5,"August 17th, 2023",Instituto Hondureño del Café,"Laboratorio de Control de Calidad de Café ( CNCC), 33 Calle, 1-2 Avenida, Sector El Cacao. San Pedro Sula, Cortes",Ramon Reyes - + 504 9693-9042,Honduras,False,medium,specialty
134,Taiwan,蜜多莊園,A35-Northern Taiwan Specialty Coffee Evaluation,蜜多莊園,,Taiwu Coffee Cooperative,250.0,Asia-Pacific,張新榮,1,16 kg,Taiwan Coffee Laboratory 台灣咖啡研究室,2021 / 2022,"January 6th, 2023",Taiwu,Typica,Completed,Natural / Dry,7.75,7.75,7.5,7.75,7.5,7.42,10.0,10.0,10.0,7.5,0.0,83.17,9.7,0,0,greenish,2,"January 6th, 2024",Taiwan Coffee Laboratory 台灣咖啡研究室,"QAHWAH CO., LTD 4F, No. 225, Sec. 3, Beixin Rd., Xindian Dist. New Taipei City, Taiwan","Lin, Jen-An Neil 林仁安 - 886-289116612",Taiwan,False,low,specialty
135,Taiwan,迎曦山丘,A20-Northern Taiwan Specialty Coffee Evaluation,迎曦山丘,,Taiwu Coffee Cooperative,340.0,Asia-Pacific,翁召安,1,100 kg,Taiwan Coffee Laboratory 台灣咖啡研究室,2021 / 2022,"January 6th, 2023",Taiwu,unknown,Completed,Washed / Wet,7.67,7.67,7.5,7.58,7.58,7.5,10.0,10.0,10.0,7.67,0.0,83.17,11.8,0,0,blue-green,0,"January 6th, 2024",Taiwan Coffee Laboratory 台灣咖啡研究室,"QAHWAH CO., LTD 4F, No. 225, Sec. 3, Beixin Rd., Xindian Dist. New Taipei City, Taiwan","Lin, Jen-An Neil 林仁安 - 886-289116612",Taiwan,False,low,specialty
136,Laos,Nongluang Bolaven Plateau,DCN03.11.2022,Dao Heuang Group,,Dao Heuang Group,1250.0,Asia-Pacific,Dao Heuang Group,26,60 kg,Specialty Coffee Association of Indonesia,2022,"December 30th, 2022",Dao Heuang Group,Catimor,Completed,Natural / Dry,7.67,7.75,7.33,7.67,7.58,7.5,10.0,10.0,10.0,7.58,0.0,83.08,11.8,0,0,brownish,7,"December 30th, 2023",Specialty Coffee Association of Indonesia,"Ministry of Agriculture Republic Indonesia, Build C 5th Floor wing B Room 515 . Jl. Harsono RM No. 3, Ragunan, South Jakarta, Jakarta",Mr. Michael Utama or Mr. Andi Fachri - 081382657727 / 087789140881,Laos,False,medium,specialty
137,Honduras,La Cuchilla,187,CIGRAH,13-111-059,CIGRAH,1368.0,Americas,Fausto Nahun Maldonado,250,69 kg,Instituto Hondureño del Café,2021 / 2022,"May 23rd, 2022",Comercial Internacional de Granos de Honduras SA de CV,Catuai,Completed,Washed / Wet,7.67,7.67,7.5,7.58,7.58,7.5,10.0,10.0,10.0,7.58,0.0,83.08,10.6,0,2,green,7,"May 23rd, 2023",Instituto Hondureño del Café,"Laboratorio de Control de Calidad de Café ( CNCC), 33 Calle, 1-2 Avenida, Sector El Cacao. San Pedro Sula, Cortes",Ramon Reyes - + 504 9693-9042,Honduras,False,medium,specialty
138,Honduras,Bethel,198,CADEXSA,13-63-119,CADEXSA,1450.0,Americas,Omar Acosta,325,69 kg,Instituto Hondureño del Café,2022 / 2023,"April 25th, 2023",CADEXSA,Catuai,Completed,Washed / Wet,7.75,7.58,7.58,7.58,7.58,7.5,10.0,10.0,10.0,7.5,0.0,83.08,9.6,0,0,green,2,"April 24th, 2024",Instituto Hondureño del Café,"Laboratorio de Control de Calidad de Café ( CNCC), 33 Calle, 1-2 Avenida, Sector El Cacao. San Pedro Sula, Cortes",Ramon Reyes - + 504 9693-9042,Honduras,False,medium,specialty
139,Colombia,EL PRADO,3-59-0654,NEIVA,3-59-0654,carcafe ltda,1650.0,Americas,FRANKLIN DUSSAN,600,30 kg,ASOCIACIÓN COLOMBIANA PARA LA EXCELENCIA DEL CAFE,2022 / 2023,"January 13th, 2023",rodrigo amaya,Caturra,Completed,Washed / Wet,8.0,7.67,7.42,7.58,7.58,7.42,10.0,10.0,10.0,7.33,0.0,83.0,13.1,0,0,bluish-green,1,"January 13th, 2024",ASOCIACIÓN COLOMBIANA PARA LA EXCELENCIA DEL CAFE,Calle 60A #3D-32 / Planta Baja / CQ Lab ASECC,Carlos Julian Ruiz - 3212026991,Colombia,False,high,specialty
140,Taiwan,樹橋窩莊園,A17-Northern Taiwan Specialty Coffee Evaluation,樹橋窩莊園,,Taiwu Coffee Cooperative,275.0,Asia-Pacific,王維書,1,12 kg,Taiwan Coffee Laboratory 台灣咖啡研究室,2021 / 2022,"January 6th, 2023",Taiwu,Typica,Completed,Pulped natural / honey,7.5,7.67,7.58,7.58,7.5,7.5,10.0,10.0,10.0,7.58,0.0,82.92,8.9,0,0,blue-green,0,"January 6th, 2024",Taiwan Coffee Laboratory 台灣咖啡研究室,"QAHWAH CO., LTD 4F, No. 225, Sec. 3, Beixin Rd., Xindian Dist. New Taipei City, Taiwan","Lin, Jen-An Neil 林仁安 - 886-289116612",Taiwan,False,low,specialty
141,Mexico,Finca Tequihua,001,"Coatepec, Veracruz",3093,La Villa Coffee Company LLC,1350.0,Americas,Martin Tequihuatle Zepahua,141,69 kg,Centro Agroecológico del Café A.C.,2021 / 2022,"August 11th, 2022",Alvin La Vaughn Landry,Bourbon,Completed,Washed / Wet,7.75,7.5,7.42,7.67,7.58,7.5,10.0,10.0,10.0,7.5,0.0,82.92,11.9,2,0,green,1,"August 11th, 2023",Centro Agroecológico del Café A.C.,"Instituto de Ecología A. C., Campus III Edificio A Planta Baja Carretera Antigua a Coatepec No. 351 Col. El Haya C.P. 91070 Xalapa, Veracruz, México.",Stephany Escamilla Femat - Tel. +52 228 8421800 Ext. 3092,Mexico,False,medium,specialty
142,Colombia,La Argentina,CQU2022013,La Argentina,,Coffee Quality Union,1350.0,Americas,Augusto Torres,1,12 kg,Japan Coffee Exchange,2021 / 2022,"June 16th, 2022",Coffee Quality Union,Typica Gesha,Completed,Washed / Wet,7.58,7.5,7.5,7.67,7.58,7.5,10.0,10.0,10.0,7.58,0.0,82.92,11.5,0,1,greenish,3,"June 16th, 2023",Japan Coffee Exchange,"〒413-0002 静岡県熱海市伊豆山１１７３−５８ 1173-58 Izusan, Atami, Shizuoka, 413-0002 JAPAN",松澤　宏樹　Koju Matsuzawa - +81(0)9085642901,Colombia,False,medium,specialty
143,Taiwan,嵩岳咖啡莊園,202203,yes,non,宸嶧國際有限公司,1200.0,Asia-Pacific,郭亮志,300,1 kg,Blossom Valley International宸嶧國際,2022,"October 24th, 2022",郭亮志 GuoLiangZhi,Gesha,Completed,,7.67,7.5,7.42,7.75,7.42,7.58,10.0,10.0,10.0,7.58,0.0,82.92,10.2,0,0,yellow-green,0,"October 24th, 2023",Blossom Valley International宸嶧國際,No.72 Mo-Fan St. Taiwan Zip: 403,Damon Chen陳嘉峻 - +886423022323,Taiwan,False,low,specialty
144,Honduras,Varias,273,Beneficio Seco Comsa,13-167-181,Cafe Organico Marcala S.A de C.V.,1280.0,Americas,Varios,275,69 kg,Instituto Hondureño del Café,2022 / 2023,"April 24th, 2023",Eliud Hernandez Gonzales,Catuai,Completed,Washed / Wet,7.67,7.58,7.5,7.5,7.58,7.5,10.0,10.0,10.0,7.5,0.0,82.83,10.0,0,0,green,4,"April 23rd, 2024",Instituto Hondureño del Café,"Laboratorio de Control de Calidad de Café ( CNCC), 33 Calle, 1-2 Avenida, Sector El Cacao. San Pedro Sula, Cortes",Ramon Reyes - + 504 9693-9042,Honduras,False,medium,specialty
145,Thailand,Doi Tung Development Project,GAYO 21/22 (Coffea Arabica),Dry Mill,,Doi Tung Development Project,1400.0,Asia-Pacific,Doi Tung Development Project,2,1 kg,FABB Academy of Coffee,2022,"July 14th, 2022",Doi Tung Development Project,Gayo,Completed,Washed / Wet,7.17,7.92,7.58,7.5,7.58,7.67,10.0,10.0,10.0,7.42,0.0,82.83,11.8,0,0,yellow-green,5,"July 14th, 2023",FABB Academy of Coffee,"FABB ACADEMY OF COFFEE 259/313 SUKHUMVIT 71 RD., SOI PRIDI BANOMYONG 15, VHADANA BKK, 10110 THAILAND",Janejira Kamonsawedkun - +(66) 095 095 9593,Thailand,False,medium,specialty
146,Vietnam,Ea tan Cooperative,VHA- S3,SIMEXCO DAKLAK LTD,,SIMEXCO DAKLAK LTD,900.0,Asia-Pacific,Ea Tan Cooperative,22,60 kg,Specialty Coffee Association,2021 / 2022,"June 3rd, 2022",Simexco DakLak,Catimor,Completed,Pulped natural / honey,7.58,7.42,7.58,7.5,7.67,7.75,10.0,10.0,10.0,7.33,0.0,82.83,13.3,0,0,green,4,"June 3rd, 2023",Specialty Coffee Association,*CURRENTLY NOT ACCEPTING SAMPLES**,Brit Amell (CQI) - bamell@coffeeinstitute.org -,Vietnam,False,low,specialty
147,Nicaragua,Finca San Felipe,017-053-0017,Beneficio Atlantic Sébaco,017-053-0017,Exportadora Atlantic S.A,1200.0,Americas,Exportadora Atlantic S.A.,275,69 kg,Asociación de Cafés Especiales de Nicaragua,2022 / 2023,"January 30th, 2023","Exportadora Atlantic, S.A.",SHG,Completed,Natural / Dry,7.33,7.58,7.25,7.33,7.75,8.17,10.0,10.0,10.0,7.33,0.0,82.75,10.5,5,2,green,1,"January 30th, 2024",Asociación de Cafés Especiales de Nicaragua,"Del Hotel Seminole 2 C al lago, 1 C arriba.",Maria Ines Benavidez Toval - 011-(505)-8396 4717,Nicaragua,False,low,specialty
148,Costa Rica,AMA EL AROMA Micro lot - Sunrise,"The 2022 Pacific Rim Coffee Summit,CR01",Micro mill,,Taiwan Coffee Laboratory,1450.0,Americas,various producers,10,30 kg,Taiwan Coffee Laboratory 台灣咖啡研究室,2021,"November 15th, 2022",Taiwan Coffee Laboratory 台灣咖啡研究室,SL28,Completed,Pulped natural / honey,7.33,7.5,7.25,7.92,7.75,7.58,10.0,10.0,10.0,7.42,0.0,82.75,11.8,0,0,pale yellow,1,"November 15th, 2023",Taiwan Coffee Laboratory 台灣咖啡研究室,"QAHWAH CO., LTD 4F, No. 225, Sec. 3, Beixin Rd., Xindian Dist. New Taipei City, Taiwan","Lin, Jen-An Neil 林仁安 - 886-289116612",Costa Rica,False,medium,specialty
149,Colombia,Federación Nacional de Cafeteros de Colombia,3/01/12857,Federación Nacional de Cafeteros de Colombia,3/01/12857,"NIPPON COFFEE TRADING CO.,LTD.",1700.0,Americas,Federación Nacional de Cafeteros de Colombia,250,70 kg,Japan Coffee Exchange,2022,"July 11th, 2022",Yukinobu Ueda,Caturra,Completed,Washed / Wet,7.58,7.67,7.58,7.5,7.33,7.5,10.0,10.0,10.0,7.5,0.0,82.67,11.8,0,1,green,2,"July 11th, 2023",Japan Coffee Exchange,"〒413-0002 静岡県熱海市伊豆山１１７３−５８ 1173-58 Izusan, Atami, Shizuoka, 413-0002 JAPAN",松澤　宏樹　Koju Matsuzawa - +81(0)9085642901,Colombia,False,high,specialty
150,Thailand,Doi Tung Development Project,CATURRA 21/22 (Coffea Arabica),Dry Mill,,Doi Tung Development Project,1390.0,Asia-Pacific,Doi Tung Development Project,2,1 kg,FABB Academy of Coffee,2022,"July 14th, 2022",Doi Tung Development Project,Caturra,Completed,Washed / Wet,7.33,7.58,7.58,7.5,7.67,7.67,10.0,10.0,10.0,7.33,0.0,82.67,13.0,1,0,greenish,0,"July 14th, 2023",FABB Academy of Coffee,"FABB ACADEMY OF COFFEE 259/313 SUKHUMVIT 71 RD., SOI PRIDI BANOMYONG 15, VHADANA BKK, 10110 THAILAND",Janejira Kamonsawedkun - +(66) 095 095 9593,Thailand,False,medium,specialty
151,Thailand,Kevin Coffee,21/22,Dry mill,,Square Root,1200.0,Asia-Pacific,Kevin Wattana,6,50 kg,Specialty Coffee Institute of Thailand,2021 / 2022,"June 14th, 2022",Sajcha tawaytibhong,"Bourbon, Catimor, Caturra, Typica",Completed,Natural / Dry,7.5,7.58,7.5,7.42,7.5,7.58,10.0,10.0,10.0,7.58,0.0,82.67,11.2,0,0,yellow green,0,"June 14th, 2023",Specialty Coffee Institute of Thailand,"No.76-82 Satri Wittaya 2 Soi 6, Ladplao, Bangkok 10230 Thailand","Rinlapat Siwachairot - +66 2 118 0811, +66 926462492",Thailand,False,low,specialty
152,Honduras,Bethel,197,CADEXSA,13-63-118,CADEXSA,1450.0,Americas,Omar Acosta,325,69 kg,Instituto Hondureño del Café,2022 / 2023,"April 25th, 2023",CADEXSA,Catuai,Completed,Washed / Wet,7.67,7.58,7.33,7.5,7.58,7.5,10.0,10.0,10.0,7.5,0.0,82.67,9.6,0,0,green,2,"April 24th, 2024",Instituto Hondureño del Café,"Laboratorio de Control de Calidad de Café ( CNCC), 33 Calle, 1-2 Avenida, Sector El Cacao. San Pedro Sula, Cortes",Ramon Reyes - + 504 9693-9042,Honduras,False,medium,specialty
153,Taiwan,銅鏡莊園,A01-Northern Taiwan Specialty Coffee Evaluation,銅鏡莊園,,Taiwu Coffee Cooperative,165.0,Asia-Pacific,吳聲發,1,4 kg,Taiwan Coffee Laboratory 台灣咖啡研究室,2021 / 2022,"January 6th, 2023",Taiwu,unknow,Completed,Natural / Dry,7.67,7.67,7.42,7.42,7.42,7.5,10.0,10.0,10.0,7.5,0.0,82.58,9.8,0,0,green,0,"January 6th, 2024",Taiwan Coffee Laboratory 台灣咖啡研究室,"QAHWAH CO., LTD 4F, No. 225, Sec. 3, Beixin Rd., Xindian Dist. New Taipei City, Taiwan","Lin, Jen-An Neil 林仁安 - 886-289116612",Taiwan,False,low,specialty
154,Taiwan,掬香園,A22-Northern Taiwan Specialty Coffee Evaluation,掬香園,,Taiwu Coffee Cooperative,465.0,Asia-Pacific,謝櫞楨,1,32 kg,Taiwan Coffee Laboratory 台灣咖啡研究室,2021 / 2022,"January 6th, 2023",Taiwu,Caturra,Completed,Washed / Wet,7.67,7.58,7.42,7.42,7.5,7.5,10.0,10.0,10.0,7.5,0.0,82.58,8.4,0,0,blue-green,2,"January 6th, 2024",Taiwan Coffee Laboratory 台灣咖啡研究室,"QAHWAH CO., LTD 4F, No. 225, Sec. 3, Beixin Rd., Xindian Dist. New Taipei City, Taiwan","Lin, Jen-An Neil 林仁安 - 886-289116612",Taiwan,False,low,specialty
155,Nicaragua,Finca Las Dos Marias,4 -3.1,"Compare Coperativo Condega, Esteli, Nicaragua",,NicaNoLA Coffee,1350.0,Americas,NicaNoLA Coffee,120,45 kg,Specialty Coffee Association,2021 / 2022,"June 20th, 2022",rene j alcebo,Parainema,Completed,Washed / Wet,7.5,7.58,7.42,7.58,7.5,7.58,10.0,10.0,10.0,7.42,0.0,82.58,10.1,0,0,green,0,"June 20th, 2023",Specialty Coffee Association,*CURRENTLY NOT ACCEPTING SAMPLES**,Brit Amell (CQI) - bamell@coffeeinstitute.org -,Nicaragua,False,medium,specialty
156,El Salvador,Agua Caliente,1-26,Agua Caliente,9-392-35,Consejo Salvadoreño del Café,1200.0,Americas,"J.J. Borja Nathan, S.A.",600,30 kg,Salvadoran Coffee Council,2022 / 2023,"March 3rd, 2023",Consejo Salvadoreño del Café,Bourbon,Completed,Washed / Wet,7.67,7.33,7.17,7.67,7.83,7.5,10.0,10.0,10.0,7.33,0.0,82.5,11.3,0,0,green,2,"March 2nd, 2024",Salvadoran Coffee Council,"Final 1a. Av. Norte y 13 Calle Pte., dentro de las instalaciones del MAG",Tomas Bonilla - (503) 2505-6600,El Salvador,False,low,specialty
157,Panama,Finca Lerida,P03769,Finca Lerida,29-169-003,Panamerican Coffee Trading,1200.0,Americas,Finca Lerida,200,30 kg,Specialty Coffee Association of Costa Rica,2021 / 2022,"May 25th, 2022",Rodrigo Soto,Caturra,Completed,Washed / Wet,7.75,7.67,7.17,7.67,7.42,7.42,10.0,10.0,10.0,7.42,0.0,82.5,10.0,0,0,green,0,"May 25th, 2023",Specialty Coffee Association of Costa Rica,"Blvd Rohrmoser, de Prisma Dental 200 norte y 25 oeste, casa 21",Noelia Villalobos - (506) 2220 0685,Panama,False,low,specialty
158,Brazil,Fazenda Pedra Preta,MVB-QCert-001/2022,COPAG VARGINHA,002/1643/0049,Man Volcafe Brasil Ltda.,1100.0,Americas,Eduardo Niero de Souza,620,30 kg,Brazil Specialty Coffee Association,2022 / 2023,"November 3rd, 2022",ED&F Man Volcafe Brasil Ltda.,Mundo Novo,Completed,Natural / Dry,7.5,7.58,7.5,7.5,7.67,7.42,10.0,10.0,10.0,7.33,0.0,82.5,11.8,0,1,bluish-green,1,"November 3rd, 2023",Brazil Specialty Coffee Association,"Rua Gaspar Batista Paiva, 416 – Santa Luiza Varginha/MG – Brazil",Chris Allen - 55 35 3212-4705,Brazil,False,low,specialty
159,United States (Hawaii),Kainaliu Farm,"The 2022 Pacific Rim Coffee Summit,US03",Aloha Hills Kona Coffee,,Taiwan Coffee Laboratory,640.0,Americas,Kainaliu-Kona Coffee Company,4,15 kg,Taiwan Coffee Laboratory 台灣咖啡研究室,2022,"November 15th, 2022",Taiwan Coffee Laboratory 台灣咖啡研究室,Maragogype,Completed,Washed / Wet,7.33,7.58,7.5,7.5,7.5,7.58,10.0,10.0,10.0,7.5,0.0,82.5,11.7,0,0,blue-green,1,"November 15th, 2023",Taiwan Coffee Laboratory 台灣咖啡研究室,"QAHWAH CO., LTD 4F, No. 225, Sec. 3, Beixin Rd., Xindian Dist. New Taipei City, Taiwan","Lin, Jen-An Neil 林仁安 - 886-289116612",United States (Hawaii),False,low,specialty
160,Mexico,Las Trincheras,"The 2022 Pacific Rim Coffee Summit,MX01",Las Trincheras,,Taiwan Coffee Laboratory,1340.0,Americas,Jose Cienfuegos,10,15 kg,Taiwan Coffee Laboratory 台灣咖啡研究室,2021,"November 15th, 2022",Full Sweet Coffee,Pacamara,Completed,Washed / Wet,7.67,7.42,7.5,7.5,7.67,7.42,10.0,10.0,10.0,7.33,0.0,82.5,10.7,0,0,pale yellow,0,"November 15th, 2023",Taiwan Coffee Laboratory 台灣咖啡研究室,"QAHWAH CO., LTD 4F, No. 225, Sec. 3, Beixin Rd., Xindian Dist. New Taipei City, Taiwan","Lin, Jen-An Neil 林仁安 - 886-289116612",Mexico,False,medium,specialty
161,Honduras,La Cuchilla,185,CIGRAH,13-111-057,Mercon Honduras,1368.0,Americas,Fausto Nahun Maldonado,345,30 kg,Instituto Hondureño del Café,2021 / 2022,"May 23rd, 2022",Comercial Internacional de Granos de Honduras SA de CV,Catuai,Completed,Washed / Wet,7.58,7.58,7.33,7.5,7.58,7.42,10.0,10.0,10.0,7.5,0.0,82.5,10.6,0,0,green,8,"May 23rd, 2023",Instituto Hondureño del Café,"Laboratorio de Control de Calidad de Café ( CNCC), 33 Calle, 1-2 Avenida, Sector El Cacao. San Pedro Sula, Cortes",Ramon Reyes - + 504 9693-9042,Honduras,False,medium,specialty
162,Taiwan,弘欣咖啡園,A02-Northern Taiwan Specialty Coffee Evaluation,弘欣咖啡園,,Taiwu Coffee Cooperative,139.0,Asia-Pacific,胡明杰,1,200 kg,Taiwan Coffee Laboratory 台灣咖啡研究室,2021 / 2022,"January 6th, 2023",Taiwu,unknown,Completed,Washed / Wet,7.42,7.42,7.58,7.42,7.58,7.5,10.0,10.0,10.0,7.58,0.0,82.5,8.4,0,0,green,2,"January 6th, 2024",Taiwan Coffee Laboratory 台灣咖啡研究室,"QAHWAH CO., LTD 4F, No. 225, Sec. 3, Beixin Rd., Xindian Dist. New Taipei City, Taiwan","Lin, Jen-An Neil 林仁安 - 886-289116612",Taiwan,False,low,specialty
163,Nicaragua,Finca Aurora,1,Beneficio Seco Finca Aurora,,Mr.Brown Cafe,1275.0,Americas,Sabio Coffee - Enrique Ferrufino & Tania Ferrufino,275,69 kg,Taiwan Coffee Laboratory 台灣咖啡研究室,2021 / 2022,"December 30th, 2022",MR.BROWN CAFE,Caturra-Catuai,Completed,Washed / Wet,7.58,7.58,7.42,7.42,7.5,7.5,10.0,10.0,10.0,7.42,0.0,82.42,11.4,0,0,bluish-green,0,"December 30th, 2023",Taiwan Coffee Laboratory 台灣咖啡研究室,"QAHWAH CO., LTD 4F, No. 225, Sec. 3, Beixin Rd., Xindian Dist. New Taipei City, Taiwan","Lin, Jen-An Neil 林仁安 - 886-289116612",Nicaragua,False,medium,specialty
164,Vietnam,Apollo Estate,Apollo Washed 2021,Dry Mill,,"Sunvirtue Co., Ltd.",1040.0,Asia-Pacific,"Yeh,Li Chuan",77,15 kg,Specialty Coffee Association,2021,"June 1st, 2022","Sunvirtue Co., Ltd.",Catimor,Completed,Washed / Wet,7.5,7.5,7.33,7.5,7.5,7.42,10.0,10.0,10.0,7.58,0.0,82.33,10.5,0,0,bluish-green,0,"June 1st, 2023",Specialty Coffee Association,*CURRENTLY NOT ACCEPTING SAMPLES**,Brit Amell (CQI) - bamell@coffeeinstitute.org -,Vietnam,False,low,specialty
165,El Salvador,Agua Caliente,1-26,Agua Caliente,9-392-35,Consejo Salvadoreño del Café,1200.0,Americas,"J.J. Borja Nathan, S.A.",600,30 kg,Salvadoran Coffee Council,2022 / 2023,"February 21st, 2023",Consejo Salvadoreño del Café,Bourbon,Completed,Washed / Wet,7.5,7.5,7.42,7.42,7.42,7.67,10.0,10.0,10.0,7.42,0.0,82.33,12.0,0,7,green,10,"February 21st, 2024",Salvadoran Coffee Council,"Final 1a. Av. Norte y 13 Calle Pte., dentro de las instalaciones del MAG",Tomas Bonilla - (503) 2505-6600,El Salvador,False,low,specialty
166,El Salvador,Agua Caliente,1-74,Agua Caliente,09-392-144,Consejo Salvadoreño del Café,1200.0,Americas,"J.J. Borja Nathan, S.A.",275,69 kg,Salvadoran Coffee Council,2021 / 2022,"July 7th, 2022",Consejo Salvadoreño del Café,Bourbon,Completed,Washed / Wet,7.33,7.67,7.25,7.67,7.83,7.42,10.0,10.0,10.0,7.17,0.0,82.33,11.8,0,0,bluish-green,0,"July 7th, 2023",Salvadoran Coffee Council,"Final 1a. Av. Norte y 13 Calle Pte., dentro de las instalaciones del MAG",Tomas Bonilla - (503) 2505-6600,El Salvador,False,low,specialty
167,Taiwan,寶山謐靚,A48-Northern Taiwan Specialty Coffee Evaluation,寶山謐靚,,Taiwu Coffee Cooperative,140.0,Asia-Pacific,宋煦仁,1,5 kg,Taiwan Coffee Laboratory 台灣咖啡研究室,2021 / 2022,"January 6th, 2023",Taiwu,unknown,Completed,Natural / Dry,7.67,7.58,7.42,7.5,7.33,7.42,10.0,10.0,10.0,7.42,0.0,82.33,10.8,0,0,green,1,"January 6th, 2024",Taiwan Coffee Laboratory 台灣咖啡研究室,"QAHWAH CO., LTD 4F, No. 225, Sec. 3, Beixin Rd., Xindian Dist. New Taipei City, Taiwan","Lin, Jen-An Neil 林仁安 - 886-289116612",Taiwan,False,low,specialty
168,Peru,Fundo La Libertado,PR138,Planta Callao,,Itochu Corporation,1600.0,Americas,Sand Crispin Espiritu,275,69 kg,Japan Coffee Exchange,2022 / 2023,"July 11th, 2022",Kiichiro Iwata,Caturra,Completed,Washed / Wet,7.67,7.5,7.33,7.58,7.33,7.42,10.0,10.0,10.0,7.42,0.0,82.25,11.7,0,1,greenish,3,"July 11th, 2023",Japan Coffee Exchange,"〒413-0002 静岡県熱海市伊豆山１１７３−５８ 1173-58 Izusan, Atami, Shizuoka, 413-0002 JAPAN",松澤　宏樹　Koju Matsuzawa - +81(0)9085642901,Peru,False,medium,specialty
169,United States (Hawaii),Manny's Farm,Islander’s Coffee for Pacific Rim Summit,Manny's Farm,,Taiwan Coffee Laboratory,1200.0,Americas,Manny Ochoa,3,30 kg,Taiwan Coffee Laboratory 台灣咖啡研究室,2022,"November 9th, 2022",Taiwan Coffee Laboratory 台灣咖啡研究室,Typica,Completed,Washed / Wet,7.75,7.42,7.33,7.5,7.33,7.5,10.0,10.0,10.0,7.33,0.0,82.17,10.6,1,0,green,5,"November 9th, 2023",Taiwan Coffee Laboratory 台灣咖啡研究室,"QAHWAH CO., LTD 4F, No. 225, Sec. 3, Beixin Rd., Xindian Dist. New Taipei City, Taiwan","Lin, Jen-An Neil 林仁安 - 886-289116612",United States (Hawaii),False,low,specialty
170,Kenya,Kenyan Highlands,CQU2023004,TAYLOR WINCH,,Coffee Quality Union,1725.0,Africa,Slelected small holder,13,5 kg,Japan Coffee Exchange,2022,"April 7th, 2023",Coffee Quality Union,"SL28,SL34,Ruiru11",Completed,Washed / Wet,7.5,7.5,7.42,7.5,7.25,7.5,10.0,10.0,10.0,7.5,0.0,82.17,11.2,0,0,green,2,"April 6th, 2024",Japan Coffee Exchange,"〒413-0002 静岡県熱海市伊豆山１１７３−５８ 1173-58 Izusan, Atami, Shizuoka, 413-0002 JAPAN",松澤　宏樹　Koju Matsuzawa - +81(0)9085642901,Kenya,False,high,specialty
171,Honduras,La Cuchilla,184,CIGRAH,13-111-056,Mercon Honduras,1368.0,Americas,Fausto Nahun Maldonado,125,69 kg,Instituto Hondureño del Café,2021 / 2022,"May 23rd, 2022",Comercial Internacional de Granos de Honduras SA de CV,Catuai,Completed,Washed / Wet,7.67,7.5,7.25,7.5,7.5,7.33,10.0,10.0,10.0,7.42,0.0,82.17,10.6,0,0,green,8,"May 23rd, 2023",Instituto Hondureño del Café,"Laboratorio de Control de Calidad de Café ( CNCC), 33 Calle, 1-2 Avenida, Sector El Cacao. San Pedro Sula, Cortes",Ramon Reyes - + 504 9693-9042,Honduras,False,medium,specialty
172,Taiwan,金暖農場,A43-Northern Taiwan Specialty Coffee Evaluation,金暖農場,,Taiwu Coffee Cooperative,600.0,Asia-Pacific,何育達,1,3 kg,Taiwan Coffee Laboratory 台灣咖啡研究室,2021 / 2022,"January 6th, 2023",Taiwu,unknown,Completed,Washed / Wet,7.5,7.67,7.33,7.5,7.25,7.33,10.0,10.0,10.0,7.5,0.0,82.08,9.7,0,0,bluish-green,0,"January 6th, 2024",Taiwan Coffee Laboratory 台灣咖啡研究室,"QAHWAH CO., LTD 4F, No. 225, Sec. 3, Beixin Rd., Xindian Dist. New Taipei City, Taiwan","Lin, Jen-An Neil 林仁安 - 886-289116612",Taiwan,False,low,specialty
173,Taiwan,好客農埸,A34-Northern Taiwan Specialty Coffee Evaluation,好客農埸,,Taiwu Coffee Cooperative,460.0,Asia-Pacific,彭聰明,1,60 kg,Taiwan Coffee Laboratory 台灣咖啡研究室,2021 / 2022,"January 6th, 2023",Taiwu,unknown,Completed,Pulped natural / honey,7.33,7.42,7.42,7.5,7.42,7.5,10.0,10.0,10.0,7.5,0.0,82.08,8.1,0,0,greenish,3,"January 6th, 2024",Taiwan Coffee Laboratory 台灣咖啡研究室,"QAHWAH CO., LTD 4F, No. 225, Sec. 3, Beixin Rd., Xindian Dist. New Taipei City, Taiwan","Lin, Jen-An Neil 林仁安 - 886-289116612",Taiwan,False,low,specialty
174,Taiwan,拉拉山祖嵐咖啡莊園,A50-Northern Taiwan Specialty Coffee Evaluation,拉拉山祖嵐咖啡莊園,,Taiwu Coffee Cooperative,500.0,Asia-Pacific,宗素霞,1,20 kg,Taiwan Coffee Laboratory 台灣咖啡研究室,2021 / 2022,"January 6th, 2023",Taiwu,unknown,Completed,Washed / Wet,7.5,7.58,7.42,7.42,7.25,7.42,10.0,10.0,10.0,7.42,0.0,82.0,8.2,0,0,green,1,"January 6th, 2024",Taiwan Coffee Laboratory 台灣咖啡研究室,"QAHWAH CO., LTD 4F, No. 225, Sec. 3, Beixin Rd., Xindian Dist. New Taipei City, Taiwan","Lin, Jen-An Neil 林仁安 - 886-289116612",Taiwan,False,low,specialty
175,Thailand,Doi Tung Development Project,MIXED DT 21/22 (Coffea Arabica),Dry Mill,,Doi Tung Development Project,1000.0,Asia-Pacific,Doi Tung Development Project,2,1 kg,FABB Academy of Coffee,2022,"July 14th, 2022",Doi Tung Development Project,Catimor,Completed,Washed / Wet,7.17,7.5,7.42,7.42,7.58,7.5,10.0,10.0,10.0,7.42,0.0,82.0,9.8,0,0,green,0,"July 14th, 2023",FABB Academy of Coffee,"FABB ACADEMY OF COFFEE 259/313 SUKHUMVIT 71 RD., SOI PRIDI BANOMYONG 15, VHADANA BKK, 10110 THAILAND",Janejira Kamonsawedkun - +(66) 095 095 9593,Thailand,False,low,specialty
176,Costa Rica,San Diego Mill,S019194 - P04178,Dosmil,5-0015-0228,Beneficios Volcafé Costa Rica,1500.0,Americas,San Diego Mill,500,30 kg,Specialty Coffee Association of Costa Rica,2018 / 2019,"March 29th, 2023",Volcafe Japan,Caturra,Completed,Washed / Wet,7.42,7.42,7.42,7.33,7.58,7.33,10.0,10.0,10.0,7.5,0.0,82.0,10.5,1,2,green,8,"March 28th, 2024",Specialty Coffee Association of Costa Rica,"Blvd Rohrmoser, de Prisma Dental 200 norte y 25 oeste, casa 21",Noelia Villalobos - (506) 2220 0685,Costa Rica,False,medium,specialty
177,Guatemala,Not Specificated,SA4238,Dry Mill of Exportcafe,#327,Marubeni Corporation,1450.0,Americas,"Exportcafe, S.A.",275,69 kg,Japan Coffee Exchange,2021 / 2022,"November 28th, 2022",Ikuto Uehara,,Completed,Washed / Wet,7.42,7.42,7.42,7.33,7.5,7.42,10.0,10.0,10.0,7.5,0.0,82.0,11.5,0,1,blue-green,2,"November 28th, 2023",Japan Coffee Exchange,"〒413-0002 静岡県熱海市伊豆山１１７３−５８ 1173-58 Izusan, Atami, Shizuoka, 413-0002 JAPAN",松澤　宏樹　Koju Matsuzawa - +81(0)9085642901,Guatemala,False,medium,specialty
178,Indonesia,Wahana Graha Makmur,015/1686/057,PT. Wahana Graha Makmur Medan,,InterAmerican Coffee,1350.0,Asia-Pacific,PT. Wahana Graha Makmur Group,320,60 kg,NKG Quality Service (a division of Bernhard Rothfos Intercafé AG),2022,"August 22nd, 2022",Charles Umeano,,Completed,Pulped natural / honey,7.67,7.33,7.25,7.67,7.42,7.25,10.0,10.0,10.0,7.42,0.0,82.0,12.5,0,0,bluish-green,0,"August 22nd, 2023",NKG Quality Service (a division of Bernhard Rothfos Intercafé AG),"Bahnhofstrasse 22 6300 Zug, Switzerland",Tirza Odermatt - +41 41 728 72 81,Indonesia,False,medium,specialty
179,Peru,Fundo La Libertad,301R,Planta Callao,301R,Itochu Corporation,1600.0,Americas,Sandro Crispin Espiritu,275,69 kg,Japan Coffee Exchange,2022 / 2023,"July 11th, 2022",Kiichiro Iwata,Caturra,Completed,Washed / Wet,7.5,7.5,7.33,7.5,7.33,7.33,10.0,10.0,10.0,7.42,0.0,81.92,11.6,0,2,greenish,2,"July 11th, 2023",Japan Coffee Exchange,"〒413-0002 静岡県熱海市伊豆山１１７３−５８ 1173-58 Izusan, Atami, Shizuoka, 413-0002 JAPAN",松澤　宏樹　Koju Matsuzawa - +81(0)9085642901,Peru,False,medium,specialty
180,Guatemala,MULTIPLE SMALLHOLDER FARMS,GF-23392,MULTIPLE SMALLHOLDER FARMS,11/15/179,"HARU International Corp, 守成咖啡",1200.0,Americas,La Minita,540,30 kg,Taiwan Coffee Laboratory 台灣咖啡研究室,2022,"November 3rd, 2022",Anderson Wong,Caturra,Completed,Washed / Wet,7.33,7.42,7.33,7.42,7.58,7.42,10.0,10.0,10.0,7.42,0.0,81.92,10.3,0,0,greenish,1,"November 3rd, 2023",Taiwan Coffee Laboratory 台灣咖啡研究室,"QAHWAH CO., LTD 4F, No. 225, Sec. 3, Beixin Rd., Xindian Dist. New Taipei City, Taiwan","Lin, Jen-An Neil 林仁安 - 886-289116612",Guatemala,False,low,specialty
181,Taiwan,阿拉思家,A10-Northern Taiwan Specialty Coffee Evaluation,阿拉思家,,Taiwu Coffee Cooperative,300.0,Asia-Pacific,李秀圓,1,6 kg,Taiwan Coffee Laboratory 台灣咖啡研究室,2021 / 2022,"January 6th, 2023",Taiwu,Typica,Completed,Pulped natural / honey,7.25,7.42,7.42,7.5,7.42,7.42,10.0,10.0,10.0,7.42,0.0,81.83,11.3,0,0,green,0,"January 6th, 2024",Taiwan Coffee Laboratory 台灣咖啡研究室,"QAHWAH CO., LTD 4F, No. 225, Sec. 3, Beixin Rd., Xindian Dist. New Taipei City, Taiwan","Lin, Jen-An Neil 林仁安 - 886-289116612",Taiwan,False,low,specialty
182,Vietnam,Gaia Farms,221221,Hulling Facility,,Brew Baby Coffee Company,1645.92,Asia-Pacific,Viet Coffee Company Limited,1,1 kg,Firedancer Coffee Consultants,2022 / 2023,"April 10th, 2023",Rodney Murray,Catimor,Completed,Pulped natural / honey,7.5,7.5,7.25,7.42,7.42,7.42,10.0,10.0,10.0,7.33,0.0,81.83,11.2,0,0,green,4,"April 9th, 2024",Firedancer Coffee Consultants,"165 Commerce Drive, Ste 103",Firedancer Coffee Consultants -,Vietnam,True,high,specialty
183,Brazil,Sitio Colinas,CQU2023007,COCARIVE,,Coffee Quality Union,1000.0,Americas,Luis Flavio Pereira de Castro,14,5 kg,Japan Coffee Exchange,2022,"April 7th, 2023",Coffee Quality Union,Yellow Catuai,Completed,Pulped natural / honey,7.5,7.5,7.42,7.33,7.33,7.33,10.0,10.0,10.0,7.42,0.0,81.83,11.3,0,0,pale yellow,2,"April 6th, 2024",Japan Coffee Exchange,"〒413-0002 静岡県熱海市伊豆山１１７３−５８ 1173-58 Izusan, Atami, Shizuoka, 413-0002 JAPAN",松澤　宏樹　Koju Matsuzawa - +81(0)9085642901,Brazil,False,low,specialty
184,Brazil,Fazenda Olhos Dagua,1,Owned by producer,,Mr.Brown Cafe,950.0,Americas,Paulo Enidio Crabi,325,59 kg,Taiwan Coffee Laboratory 台灣咖啡研究室,2021,"December 30th, 2022",MR.BROWN CAFE,Catucai,Completed,Natural / Dry,7.42,7.5,7.58,7.33,7.33,7.25,10.0,10.0,10.0,7.33,0.0,81.75,11.1,0,0,yellow-green,0,"December 30th, 2023",Taiwan Coffee Laboratory 台灣咖啡研究室,"QAHWAH CO., LTD 4F, No. 225, Sec. 3, Beixin Rd., Xindian Dist. New Taipei City, Taiwan","Lin, Jen-An Neil 林仁安 - 886-289116612",Brazil,False,low,specialty
185,Colombia,More than one,1,Trilladora CCA Buga,,Mr.Brown Cafe,1574.0,Americas,More than one,275,70 kg,Taiwan Coffee Laboratory 台灣咖啡研究室,2021,"December 30th, 2022",MR.BROWN CAFE,Santander,Completed,Washed / Wet,7.33,7.5,7.33,7.42,7.42,7.42,10.0,10.0,10.0,7.33,0.0,81.75,11.2,0,0,yellow-green,0,"December 30th, 2023",Taiwan Coffee Laboratory 台灣咖啡研究室,"QAHWAH CO., LTD 4F, No. 225, Sec. 3, Beixin Rd., Xindian Dist. New Taipei City, Taiwan","Lin, Jen-An Neil 林仁安 - 886-289116612",Colombia,False,medium,specialty
186,Mexico,Finca San José,002,"Coatepec, Veracruz",3093,La Villa Coffee Company LLC,1200.0,Americas,José Gerardo Gutierrez Morales,32,69 kg,Centro Agroecológico del Café A.C.,2021 / 2022,"August 11th, 2022",Alvin La Vaughn Landry,Typica,Completed,Washed / Wet,7.58,7.42,7.25,7.25,7.5,7.33,10.0,10.0,10.0,7.33,0.0,81.67,11.8,2,0,green,2,"August 11th, 2023",Centro Agroecológico del Café A.C.,"Instituto de Ecología A. C., Campus III Edificio A Planta Baja Carretera Antigua a Coatepec No. 351 Col. El Haya C.P. 91070 Xalapa, Veracruz, México.",Stephany Escamilla Femat - Tel. +52 228 8421800 Ext. 3092,Mexico,False,low,specialty
187,Costa Rica,HACIENDA SAN IGNACIO,OIC 5-019-0037/ Contenedor: DRYU3106597 / Cliente: O COFFEE,Beneficio La Giorgia,,Grupo ECOM,1200.0,Americas,FJO ORLICH HNO LTDA,100,69 kg,Specialty Coffee Association of Costa Rica,2022 / 2023,"March 29th, 2023",Ruddy Azofeifa,Caturra,Completed,Washed / Wet,7.33,7.42,7.25,7.42,7.42,7.33,10.0,10.0,10.0,7.42,0.0,81.58,9.7,0,2,green,4,"March 28th, 2024",Specialty Coffee Association of Costa Rica,"Blvd Rohrmoser, de Prisma Dental 200 norte y 25 oeste, casa 21",Noelia Villalobos - (506) 2220 0685,Costa Rica,False,low,specialty
188,Taiwan,橫鹿,A46-Northern Taiwan Specialty Coffee Evaluation,橫鹿,,Taiwu Coffee Cooperative,300.0,Asia-Pacific,呂星輝,1,100 kg,Taiwan Coffee Laboratory 台灣咖啡研究室,2021 / 2022,"January 6th, 2023",Taiwu,Typica,Completed,Pulped natural / honey,7.42,7.5,7.33,7.33,7.33,7.33,10.0,10.0,10.0,7.33,0.0,81.58,9.0,0,0,yellow-green,0,"January 6th, 2024",Taiwan Coffee Laboratory 台灣咖啡研究室,"QAHWAH CO., LTD 4F, No. 225, Sec. 3, Beixin Rd., Xindian Dist. New Taipei City, Taiwan","Lin, Jen-An Neil 林仁安 - 886-289116612",Taiwan,False,low,specialty
189,Taiwan,大屯29莊園,A38-Northern Taiwan Specialty Coffee Evaluation,大屯29莊園,,Taiwu Coffee Cooperative,435.0,Asia-Pacific,侯奕瑋,1,8 kg,Taiwan Coffee Laboratory 台灣咖啡研究室,2021 / 2022,"January 6th, 2023",Taiwu,unknown,Completed,Pulped natural / honey,7.33,7.5,7.42,7.33,7.33,7.25,10.0,10.0,10.0,7.33,0.0,81.5,8.5,0,0,green,0,"January 6th, 2024",Taiwan Coffee Laboratory 台灣咖啡研究室,"QAHWAH CO., LTD 4F, No. 225, Sec. 3, Beixin Rd., Xindian Dist. New Taipei City, Taiwan","Lin, Jen-An Neil 林仁安 - 886-289116612",Taiwan,False,low,specialty
190,Thailand,Doi Tung Development Project,JAVA 21/22 (Coffea Arabica),Dry Mill,,Doi Tung Development Project,1400.0,Asia-Pacific,Doi Tung Development Project,2,1 kg,FABB Academy of Coffee,2022,"July 14th, 2022",Doi Tung Development Project,Java,Completed,Washed / Wet,7.33,7.42,7.25,7.33,7.5,7.42,10.0,10.0,10.0,7.17,0.0,81.42,11.6,2,0,green,1,"July 14th, 2023",FABB Academy of Coffee,"FABB ACADEMY OF COFFEE 259/313 SUKHUMVIT 71 RD., SOI PRIDI BANOMYONG 15, VHADANA BKK, 10110 THAILAND",Janejira Kamonsawedkun - +(66) 095 095 9593,Thailand,False,medium,specialty
191,Thailand,Doi Lan,"The 2022 Pacific Rim Coffee Summit,TH07",Miramar Coffee,,Taiwan Coffee Laboratory,1400.0,Asia-Pacific,Prakol Saelee,5,15 kg,Taiwan Coffee Laboratory 台灣咖啡研究室,2021,"November 15th, 2022",Full Sweet Coffee,Typica Bourbon Caturra Catimor,Completed,Natural / Dry,7.42,7.25,7.33,7.42,7.33,7.33,10.0,10.0,10.0,7.25,0.0,81.33,10.5,0,0,yellowish,5,"November 15th, 2023",Taiwan Coffee Laboratory 台灣咖啡研究室,"QAHWAH CO., LTD 4F, No. 225, Sec. 3, Beixin Rd., Xindian Dist. New Taipei City, Taiwan","Lin, Jen-An Neil 林仁安 - 886-289116612",Thailand,False,medium,specialty
192,Thailand,Doi Tung Development Project,MIXED 21/22 (Coffea Arabica),Dry Mill,,Doi Tung Development Project,700.0,Asia-Pacific,Doi Tung Development Project,2,1 kg,FABB Academy of Coffee,2022,"July 14th, 2022",Doi Tung Development Project,Catimor,Completed,Washed / Wet,7.25,7.25,7.42,7.25,7.42,7.42,10.0,10.0,10.0,7.17,0.0,81.17,10.4,0,0,green,0,"July 14th, 2023",FABB Academy of Coffee,"FABB ACADEMY OF COFFEE 259/313 SUKHUMVIT 71 RD., SOI PRIDI BANOMYONG 15, VHADANA BKK, 10110 THAILAND",Janejira Kamonsawedkun - +(66) 095 095 9593,Thailand,False,low,specialty
193,Colombia,Escalera,CQU2022019,Escalera,,Coffee Quality Union,1550.0,Americas,Escalera,1,30 kg,Japan Coffee Exchange,2021 / 2022,"December 22nd, 2022",Coffee Quality Union,"Caturra,Colombia,Castillo",Completed,Washed / Wet,7.42,7.25,7.25,7.42,7.17,7.33,10.0,10.0,10.0,7.33,0.0,81.17,11.4,0,2,greenish,2,"December 22nd, 2023",Japan Coffee Exchange,"〒413-0002 静岡県熱海市伊豆山１１７３−５８ 1173-58 Izusan, Atami, Shizuoka, 413-0002 JAPAN",松澤　宏樹　Koju Matsuzawa - +81(0)9085642901,Colombia,False,medium,specialty
194,Brazil,Various farm,0038,Dry Mill of Cocapil,002/1738/0038,Marubeni Corporation,1200.0,Americas,Cocapil,440,60 kg,Japan Coffee Exchange,2022 / 2023,"April 17th, 2023",Ikuto Uehara,,Completed,Natural / Dry,7.42,7.42,7.25,7.25,7.17,7.25,10.0,10.0,10.0,7.25,0.0,81.0,10.6,0,2,greenish,1,"April 16th, 2024",Japan Coffee Exchange,"〒413-0002 静岡県熱海市伊豆山１１７３−５８ 1173-58 Izusan, Atami, Shizuoka, 413-0002 JAPAN",松澤　宏樹　Koju Matsuzawa - +81(0)9085642901,Brazil,False,low,specialty
195,El Salvador,"Rosario de Maria II, Area de Loma Alta",0623C01,"Optimum Coffee, San Salvador, El Salvador",,Aprentium Enterprises LLC,1400.0,Americas,Roselia Yglesias,1,2 kg,Salvadoran Coffee Council,2023,"March 8th, 2023",Roselia Yglesias,Bourbon,Completed,Natural / Dry,7.42,7.33,7.33,7.5,7.08,7.0,10.0,10.0,10.0,7.17,0.0,80.83,10.5,0,8,bluish-green,7,"March 7th, 2024",Salvadoran Coffee Council,"Final 1a. Av. Norte y 13 Calle Pte., dentro de las instalaciones del MAG",Tomas Bonilla - (503) 2505-6600,El Salvador,False,medium,specialty
196,Nicaragua,EXPORTADORA ATLANTIC S.A,017/053/0603,Lavado,,ISHIMITSU,1100.0,Americas,Varios Productores,275,69 kg,Japan Coffee Exchange,2021,"July 11th, 2022",丸山花織,Caturra,Completed,Washed / Wet,7.25,7.25,7.17,7.33,7.08,7.25,10.0,10.0,10.0,7.17,0.0,80.5,11.5,0,1,greenish,3,"July 11th, 2023",Japan Coffee Exchange,"〒413-0002 静岡県熱海市伊豆山１１７３−５８ 1173-58 Izusan, Atami, Shizuoka, 413-0002 JAPAN",松澤　宏樹　Koju Matsuzawa - +81(0)9085642901,Nicaragua,False,low,specialty
197,Nicaragua,Sajonia Estate Coffee S.A.,1,Sajonia Estate Coffee S.A.,017/411,SAJONIA ESTATE COFFEE S.A.,1000.0,Americas,Sajonia Estate Coffee S.A.,275,69 kg,Asociación de Cafés Especiales de Nicaragua,2022 / 2023,"April 20th, 2023",SAJONIA ESTATE COFFEE S.A.,Sarchimor,Completed,Washed / Wet,7.42,7.17,7.0,7.08,7.42,7.17,10.0,10.0,10.0,7.17,0.0,80.42,11.2,0,0,green,5,"April 19th, 2024",Asociación de Cafés Especiales de Nicaragua,"Del Hotel Seminole 2 C al lago, 1 C arriba.",Maria Ines Benavidez Toval - 011-(505)-8396 4717,Nicaragua,False,low,specialty
198,Colombia,Finca Mallorca,CQU2023001,Finca Mallorca,,Coffee Quality Union,1600.0,Americas,Finca Mallorca,3,10 kg,Japan Coffee Exchange,2022,"March 6th, 2023",Coffee Quality Union,"Castillo,Caturra,Bourbon",Completed,Washed / Wet,7.25,7.25,7.17,7.33,7.0,7.17,10.0,10.0,10.0,7.25,0.0,80.42,11.0,0,3,greenish,3,"March 5th, 2024",Japan Coffee Exchange,"〒413-0002 静岡県熱海市伊豆山１１７３−５８ 1173-58 Izusan, Atami, Shizuoka, 413-0002 JAPAN",松澤　宏樹　Koju Matsuzawa - +81(0)9085642901,Colombia,False,medium,specialty
199,Peru,Fundo La Libertad,PR137,Callao Plant,,Itochu Corporation,1600.0,Americas,Sandro Crispin Espiritu,275,69 kg,Japan Coffee Exchange,2022 / 2023,"June 10th, 2022",Kiichiro Iwata,Caturra,Completed,Washed / Wet,7.5,7.25,7.17,7.17,7.17,7.08,10.0,10.0,10.0,7.0,0.0,80.33,11.8,0,6,greenish,11,"June 10th, 2023",Japan Coffee Exchange,"〒413-0002 静岡県熱海市伊豆山１１７３−５８ 1173-58 Izusan, Atami, Shizuoka, 413-0002 JAPAN",松澤　宏樹　Koju Matsuzawa - +81(0)9085642901,Peru,False,medium,specialty
200,El Salvador,"Rosario de Maria II, Area de Menjivar",0523B01,"Optimum Coffee, San Salvador, El Salvador",,Aprentium Enterprises LLC,1300.0,Americas,Roselia Yglesias,1,2 kg,Salvadoran Coffee Council,2023,"March 8th, 2023",Roselia Yglesias,Pacas,Completed,Natural / Dry,7.08,7.25,7.08,7.42,7.42,7.08,10.0,10.0,10.0,7.0,0.0,80.33,11.5,0,10,bluish-green,7,"March 7th, 2024",Salvadoran Coffee Council,"Final 1a. Av. Norte y 13 Calle Pte., dentro de las instalaciones del MAG",Tomas Bonilla - (503) 2505-6600,El Salvador,False,medium,specialty
201,Brazil,Various farm,002/1738/0029,Dry mill,002/1738/0029,marubeni,1200.0,Americas,COCAPIL,440,60 kg,Japan Coffee Exchange,2021 / 2022,"July 20th, 2022",Ikuto Uehara,Catuai and Mundo Novo,Completed,Natural / Dry,7.25,7.17,7.17,7.08,7.17,7.17,10.0,10.0,10.0,7.17,0.0,80.17,11.6,0,1,greenish,2,"July 20th, 2023",Japan Coffee Exchange,"〒413-0002 静岡県熱海市伊豆山１１７３−５８ 1173-58 Izusan, Atami, Shizuoka, 413-0002 JAPAN",松澤　宏樹　Koju Matsuzawa - +81(0)9085642901,Brazil,False,low,specialty
202,Brazil,Fazenda Conquista,019/22,Dry Mill,,Ipanema Coffees,950.0,Americas,Ipanema Coffees,2240,60 kg,Brazil Specialty Coffee Association,2022 / 2023,"February 2nd, 2023",Ipanema Coffees,Mundo Novo,Completed,Natural / Dry,7.17,7.17,6.92,7.17,7.42,7.17,10.0,10.0,10.0,7.08,0.0,80.08,11.4,0,0,green,4,"February 2nd, 2024",Brazil Specialty Coffee Association,"Rua Gaspar Batista Paiva, 416 – Santa Luiza Varginha/MG – Brazil",Chris Allen - 55 35 3212-4705,Brazil,False,low,specialty
203,Nicaragua,Finca San Felipe,017-053-0155,Beneficio Atlantic Sébaco,017-053-0155,Exportadora Atlantic S.A,1200.0,Americas,Exportadora Atlantic S.A.,300,30 kg,Asociación de Cafés Especiales de Nicaragua,2022 / 2023,"March 3rd, 2023","Exportadora Atlantic, S.A.",SHG,Completed,Natural / Dry,7.33,7.08,6.75,7.17,7.42,7.17,10.0,10.0,10.0,7.08,0.0,80.0,10.4,0,2,green,12,"March 2nd, 2024",Asociación de Cafés Especiales de Nicaragua,"Del Hotel Seminole 2 C al lago, 1 C arriba.",Maria Ines Benavidez Toval - 011-(505)-8396 4717,Nicaragua,False,low,specialty
204,Laos,-,105/3/VL7285-005,DRY MILL,105/3/VL7285-005,Marubeni Corporation,1300.0,Asia-Pacific,"LAO MINH TIEN COFFEE SOLE CO.,LTD",343,60 kg,Japan Coffee Exchange,2021 / 2022,"November 11th, 2022",Ikuto Uehara,Catimor,Completed,Washed / Wet,7.25,7.17,7.08,7.0,7.08,7.08,10.0,10.0,10.0,7.0,0.0,79.67,11.6,0,9,green,11,"November 11th, 2023",Japan Coffee Exchange,"〒413-0002 静岡県熱海市伊豆山１１７３−５８ 1173-58 Izusan, Atami, Shizuoka, 413-0002 JAPAN",松澤　宏樹　Koju Matsuzawa - +81(0)9085642901,Laos,False,medium,standard
205,El Salvador,"Rosario de Maria II, Area de La Pila",0423A01,"Optimum Coffee, San Salvador, El Salvador",,Aprentium Enterprises LLC,1200.0,Americas,Roselia Yglesias,1,2 kg,Salvadoran Coffee Council,2023,"March 8th, 2023",Roselia Yglesias,Maragogype,Completed,Natural / Dry,6.5,6.75,6.75,7.17,7.08,7.0,10.0,10.0,10.0,6.83,0.0,78.08,11.0,0,12,bluish-green,13,"March 7th, 2024",Salvadoran Coffee Council,"Final 1a. Av. Norte y 13 Calle Pte., dentro de las instalaciones del MAG",Tomas Bonilla - (503) 2505-6600,El Salvador,False,low,standard
206,Brazil,Walter Matter,1058 y 1059,Beneficio humedo/seco,002/1208/1016,Descafeinadores Mexicano SA. de CV,975.0,Americas,Walter Matter,600,60 kg,Centro Agroecológico del Café A.C.,2021 / 2022,"November 18th, 2022",Descafeinadores Mexicanos S.A de C.V,Mundo Novo,Completed,SEMI-LAVADO,7.25,7.08,6.67,6.83,6.83,6.67,10.0,10.0,10.0,6.67,0.0,78.0,11.3,0,0,green,1,"November 18th, 2023",Centro Agroecológico del Café A.C.,"Instituto de Ecología A. C., Campus III Edificio A Planta Baja Carretera Antigua a Coatepec No. 351 Col. El Haya C.P. 91070 Xalapa, Veracruz, México.",Stephany Escamilla Femat - Tel. +52 228 8421800 Ext. 3092,Brazil,False,low,standard
