region,code,year,production_tonnes
Africa,OWID_AFR,1961,870970.0
Africa,OWID_AFR,1962,883512.0
Africa,OWID_AFR,1963,996674.0
Africa,OWID_AFR,1964,1162048.0
Africa,OWID_AFR,1965,1075084.0
Africa,OWID_AFR,1966,1199529.0
Africa,OWID_AFR,1967,1085561.0
Africa,OWID_AFR,1968,1183868.0
Africa,OWID_AFR,1969,1253504.0
Africa,OWID_AFR,1970,1295001.0
Africa,OWID_AFR,1971,1266294.0
Africa,OWID_AFR,1972,1296274.0
Africa,OWID_AFR,1973,1379422.0
Africa,OWID_AFR,1974,1266734.0
Africa,OWID_AFR,1975,1312580.0
Africa,OWID_AFR,1976,1165512.0
Africa,OWID_AFR,1977,1235352.0
Africa,OWID_AFR,1978,1063658.0
Africa,OWID_AFR,1979,1110744.0
Africa,OWID_AFR,1980,1163648.0
Africa,OWID_AFR,1981,1293046.0
Africa,OWID_AFR,1982,1206872.0
Africa,OWID_AFR,1983,1113475.0
Africa,OWID_AFR,1984,1036465.0
Africa,OWID_AFR,1985,1181857.0
Africa,OWID_AFR,1986,1274895.0
Africa,OWID_AFR,1987,1235947.0
Africa,OWID_AFR,1988,1218793.0
Africa,OWID_AFR,1989,1256511.0
Africa,OWID_AFR,1990,1254209.0
Africa,OWID_AFR,1991,1192323.0
Africa,OWID_AFR,1992,1156200.0
Africa,OWID_AFR,1993,991822.56
Africa,OWID_AFR,1994,1058407.9
Africa,OWID_AFR,1995,1127035.5
Africa,OWID_AFR,1996,1254436.2
Africa,OWID_AFR,1997,1176346.1
Africa,OWID_AFR,1998,1219222.2
Africa,OWID_AFR,1999,1254014.8
Africa,OWID_AFR,2000,1277578.2
Africa,OWID_AFR,2001,1121398.8
Africa,OWID_AFR,2002,1097192.8
Africa,OWID_AFR,2003,811628.4
Africa,OWID_AFR,2004,1064072.8
Africa,OWID_AFR,2005,986411.9
Africa,OWID_AFR,2006,1061882.8
Africa,OWID_AFR,2007,998151.2
Africa,OWID_AFR,2008,1079877.6
Africa,OWID_AFR,2009,1002789.75
Africa,OWID_AFR,2010,1086196.2
Africa,OWID_AFR,2011,1053917.8
Africa,OWID_AFR,2012,1150397.0
Africa,OWID_AFR,2013,1105640.9
Africa,OWID_AFR,2014,1154436.0
Africa,OWID_AFR,2015,1381548.5
Africa,OWID_AFR,2016,1402423.5
Africa,OWID_AFR,2017,1451777.6
Africa,OWID_AFR,2018,1660516.1
Africa,OWID_AFR,2019,1813980.1
Africa,OWID_AFR,2020,1883187.6
Africa,OWID_AFR,2021,1966350.6
Africa,OWID_AFR,2022,2065840.8
Africa,OWID_AFR,2023,1943557.1
Africa,OWID_AFR,2024,1909981.6
Africa (FAO),,1961,870970.0
Africa (FAO),,1962,883512.0
Africa (FAO),,1963,996674.0
Africa (FAO),,1964,1162048.0
Africa (FAO),,1965,1075084.0
Africa (FAO),,1966,1199529.0
Africa (FAO),,1967,1085561.0
Africa (FAO),,1968,1183868.0
Africa (FAO),,1969,1253504.0
Africa (FAO),,1970,1295001.0
Africa (FAO),,1971,1266294.0
Africa (FAO),,1972,1296274.0
Africa (FAO),,1973,1379422.0
Africa (FAO),,1974,1266734.0
Africa (FAO),,1975,1312580.0
Africa (FAO),,1976,1165512.0
Africa (FAO),,1977,1235352.0
Africa (FAO),,1978,1063658.0
Africa (FAO),,1979,1110744.0
Africa (FAO),,1980,1163648.0
Africa (FAO),,1981,1293046.0
Africa (FAO),,1982,1206872.0
Africa (FAO),,1983,1113475.0
Africa (FAO),,1984,1036465.0
Africa (FAO),,1985,1181857.0
Africa (FAO),,1986,1274895.0
Africa (FAO),,1987,1235947.0
Africa (FAO),,1988,1218793.0
Africa (FAO),,1989,1256511.0
Africa (FAO),,1990,1254209.0
Africa (FAO),,1991,1192323.0
Africa (FAO),,1992,1156200.0
Africa (FAO),,1993,991822.56
Africa (FAO),,1994,1058407.9
Africa (FAO),,1995,1127035.5
Africa (FAO),,1996,1254436.2
Africa (FAO),,1997,1176346.1
Africa (FAO),,1998,1219222.2
Africa (FAO),,1999,1254014.6
Africa (FAO),,2000,1277578.2
Africa (FAO),,2001,1121398.8
Africa (FAO),,2002,1097192.8
Africa (FAO),,2003,811628.4
Africa (FAO),,2004,1064072.8
Africa (FAO),,2005,986411.9
Africa (FAO),,2006,1061882.8
Africa (FAO),,2007,998151.2
Africa (FAO),,2008,1079877.6
Africa (FAO),,2009,1002789.75
Africa (FAO),,2010,1086196.2
Africa (FAO),,2011,1053917.8
Africa (FAO),,2012,1150397.0
Africa (FAO),,2013,1105640.8
Africa (FAO),,2014,1154435.9
Africa (FAO),,2015,1381548.5
Africa (FAO),,2016,1402423.5
Africa (FAO),,2017,1451777.6
Africa (FAO),,2018,1660516.1
Africa (FAO),,2019,1813980.1
Africa (FAO),,2020,1883187.6
Africa (FAO),,2021,1966350.6
Africa (FAO),,2022,2065840.8
Africa (FAO),,2023,1943557.1
Africa (FAO),,2024,1909981.5
Americas (FAO),,1961,3450946.0
Americas (FAO),,1962,3474586.0
Americas (FAO),,1963,2891256.0
Americas (FAO),,1964,2337445.0
Americas (FAO),,1965,3620044.0
Americas (FAO),,1966,2557166.0
Americas (FAO),,1967,2910826.0
Americas (FAO),,1968,2443850.0
Americas (FAO),,1969,2663590.0
Americas (FAO),,1970,2190997.0
Americas (FAO),,1971,2989531.0
Americas (FAO),,1972,2907067.0
Americas (FAO),,1973,2438003.0
Americas (FAO),,1974,3136378.0
Americas (FAO),,1975,2854435.0
Americas (FAO),,1976,1905543.0
Americas (FAO),,1977,2673232.0
Americas (FAO),,1978,3096048.0
Americas (FAO),,1979,3261343.0
Americas (FAO),,1980,2987143.0
Americas (FAO),,1981,4094151.0
Americas (FAO),,1982,3014170.0
Americas (FAO),,1983,3752510.0
Americas (FAO),,1984,3528917.0
Americas (FAO),,1985,3857266.0
Americas (FAO),,1986,3193538.0
Americas (FAO),,1987,4266338.0
Americas (FAO),,1988,3582576.0
Americas (FAO),,1989,3669875.0
Americas (FAO),,1990,3883989.0
Americas (FAO),,1991,3909803.0
Americas (FAO),,1992,3890575.0
Americas (FAO),,1993,3516330.0
Americas (FAO),,1994,3503408.0
Americas (FAO),,1995,3217473.2
Americas (FAO),,1996,3652299.0
Americas (FAO),,1997,3505525.5
Americas (FAO),,1998,3910577.8
Americas (FAO),,1999,3854455.0
Americas (FAO),,2000,4188908.8
Americas (FAO),,2001,4165133.2
Americas (FAO),,2002,4793794.5
Americas (FAO),,2003,4138067.0
Americas (FAO),,2004,4622145.0
Americas (FAO),,2005,4292591.5
Americas (FAO),,2006,4818187.5
Americas (FAO),,2007,4583816.5
Americas (FAO),,2008,5043730.0
Americas (FAO),,2009,4384681.5
Americas (FAO),,2010,4942636.5
Americas (FAO),,2011,4774524.0
Americas (FAO),,2012,5154999.5
Americas (FAO),,2013,4984020.0
Americas (FAO),,2014,4829105.5
Americas (FAO),,2015,4806984.0
Americas (FAO),,2016,5249792.0
Americas (FAO),,2017,5118902.5
Americas (FAO),,2018,6024632.0
Americas (FAO),,2019,5519472.5
Americas (FAO),,2020,6083770.5
Americas (FAO),,2021,5165406.0
Americas (FAO),,2022,5387947.0
Americas (FAO),,2023,5591925.0
Americas (FAO),,2024,5713503.5
Angola,AGO,1961,168600.0
Angola,AGO,1962,185000.0
Angola,AGO,1963,168300.0
Angola,AGO,1964,198200.0
Angola,AGO,1965,205000.0
Angola,AGO,1966,225700.0
Angola,AGO,1967,235200.0
Angola,AGO,1968,198000.0
Angola,AGO,1969,215000.0
Angola,AGO,1970,204000.0
Angola,AGO,1971,228000.0
Angola,AGO,1972,225000.0
Angola,AGO,1973,210000.0
Angola,AGO,1974,224772.0
Angola,AGO,1975,180000.0
Angola,AGO,1976,57480.0
Angola,AGO,1977,57060.0
Angola,AGO,1978,34320.0
Angola,AGO,1979,17340.0
Angola,AGO,1980,43260.0
Angola,AGO,1981,20640.0
Angola,AGO,1982,17400.0
Angola,AGO,1983,13000.0
Angola,AGO,1984,15000.0
Angola,AGO,1985,12000.0
Angola,AGO,1986,14800.0
Angola,AGO,1987,8700.0
Angola,AGO,1988,11000.0
Angola,AGO,1989,10000.0
Angola,AGO,1990,5000.0
Angola,AGO,1991,5000.0
Angola,AGO,1992,5000.0
Angola,AGO,1993,4620.0
Angola,AGO,1994,2160.0
Angola,AGO,1995,3300.0
Angola,AGO,1996,2820.0
Angola,AGO,1997,3840.0
Angola,AGO,1998,5100.0
Angola,AGO,1999,3300.0
Angola,AGO,2000,4260.0
Angola,AGO,2001,3300.0
Angola,AGO,2002,1260.0
Angola,AGO,2003,2040.0
Angola,AGO,2004,1980.0
Angola,AGO,2005,3500.0
Angola,AGO,2006,5000.0
Angola,AGO,2007,11523.0
Angola,AGO,2008,4000.0
Angola,AGO,2009,11982.0
Angola,AGO,2010,9951.0
Angola,AGO,2011,10192.0
Angola,AGO,2012,11740.03
Angola,AGO,2013,12550.0
Angola,AGO,2014,15009.0
Angola,AGO,2015,15000.0
Angola,AGO,2016,14679.61
Angola,AGO,2017,13542.99
Angola,AGO,2018,13228.18
Angola,AGO,2019,13256.51
Angola,AGO,2020,11652.14
Angola,AGO,2021,10304.0
Angola,AGO,2022,5206.0
Angola,AGO,2023,6229.0
Angola,AGO,2024,7584.0
Asia,OWID_ASI,1961,200714.0
Asia,OWID_ASI,1962,219396.0
Asia,OWID_ASI,1963,256183.0
Asia,OWID_ASI,1964,259422.0
Asia,OWID_ASI,1965,274510.0
Asia,OWID_ASI,1966,281472.0
Asia,OWID_ASI,1967,318436.0
Asia,OWID_ASI,1968,292682.0
Asia,OWID_ASI,1969,331704.0
Asia,OWID_ASI,1970,334964.0
Asia,OWID_ASI,1971,379074.0
Asia,OWID_ASI,1972,336959.0
Asia,OWID_ASI,1973,331692.0
Asia,OWID_ASI,1974,331901.0
Asia,OWID_ASI,1975,397476.0
Asia,OWID_ASI,1976,410280.0
Asia,OWID_ASI,1977,451855.0
Asia,OWID_ASI,1978,518792.0
Asia,OWID_ASI,1979,550496.0
Asia,OWID_ASI,1980,632728.0
Asia,OWID_ASI,1981,645359.0
Asia,OWID_ASI,1982,678251.0
Asia,OWID_ASI,1983,659572.0
Asia,OWID_ASI,1984,611961.0
Asia,OWID_ASI,1985,728453.0
Asia,OWID_ASI,1986,723857.0
Asia,OWID_ASI,1987,819779.0
Asia,OWID_ASI,1988,781885.0
Asia,OWID_ASI,1989,915561.0
Asia,OWID_ASI,1990,863875.0
Asia,OWID_ASI,1991,913066.25
Asia,OWID_ASI,1992,988734.0
Asia,OWID_ASI,1993,982946.06
Asia,OWID_ASI,1994,1093630.0
Asia,OWID_ASI,1995,1124934.0
Asia,OWID_ASI,1996,1225733.0
Asia,OWID_ASI,1997,1325602.0
Asia,OWID_ASI,1998,1421774.0
Asia,OWID_ASI,1999,1599114.0
Asia,OWID_ASI,2000,1949181.0
Asia,OWID_ASI,2001,2029551.0
Asia,OWID_ASI,2002,1972317.1
Asia,OWID_ASI,2003,2020006.0
Asia,OWID_ASI,2004,2116732.0
Asia,OWID_ASI,2005,2036915.6
Asia,OWID_ASI,2006,2219260.0
Asia,OWID_ASI,2007,2494485.0
Asia,OWID_ASI,2008,2304398.0
Asia,OWID_ASI,2009,2330024.5
Asia,OWID_ASI,2010,2379412.2
Asia,OWID_ASI,2011,2521749.8
Asia,OWID_ASI,2012,2623674.0
Asia,OWID_ASI,2013,2699674.0
Asia,OWID_ASI,2014,2759619.5
Asia,OWID_ASI,2015,2813389.5
Asia,OWID_ASI,2016,2844287.2
Asia,OWID_ASI,2017,2971828.8
Asia,OWID_ASI,2018,3089587.8
Asia,OWID_ASI,2019,3182731.5
Asia,OWID_ASI,2020,3231200.8
Asia,OWID_ASI,2021,3392001.2
Asia,OWID_ASI,2022,3493100.8
Asia,OWID_ASI,2023,3498487.5
Asia,OWID_ASI,2024,3610914.5
Asia (FAO),,1961,200714.0
Asia (FAO),,1962,219396.0
Asia (FAO),,1963,256183.0
Asia (FAO),,1964,259422.0
Asia (FAO),,1965,274510.0
Asia (FAO),,1966,281472.0
Asia (FAO),,1967,318436.0
Asia (FAO),,1968,292682.0
Asia (FAO),,1969,331704.0
Asia (FAO),,1970,334964.0
Asia (FAO),,1971,379074.0
Asia (FAO),,1972,336959.0
Asia (FAO),,1973,331692.0
Asia (FAO),,1974,331901.0
Asia (FAO),,1975,397476.0
Asia (FAO),,1976,410280.0
Asia (FAO),,1977,451855.0
Asia (FAO),,1978,518792.0
Asia (FAO),,1979,550496.0
Asia (FAO),,1980,632728.0
Asia (FAO),,1981,645359.0
Asia (FAO),,1982,678251.0
Asia (FAO),,1983,659572.0
Asia (FAO),,1984,611961.0
Asia (FAO),,1985,728453.0
Asia (FAO),,1986,723857.0
Asia (FAO),,1987,819779.0
Asia (FAO),,1988,781885.0
Asia (FAO),,1989,915561.0
Asia (FAO),,1990,863875.0
Asia (FAO),,1991,913066.25
Asia (FAO),,1992,988734.0
Asia (FAO),,1993,982946.06
Asia (FAO),,1994,1093630.0
Asia (FAO),,1995,1124934.0
Asia (FAO),,1996,1225733.0
Asia (FAO),,1997,1325602.0
Asia (FAO),,1998,1421774.0
Asia (FAO),,1999,1599114.0
Asia (FAO),,2000,1949181.0
Asia (FAO),,2001,2029551.0
Asia (FAO),,2002,1972317.1
Asia (FAO),,2003,2020006.0
Asia (FAO),,2004,2116732.0
Asia (FAO),,2005,2036915.6
Asia (FAO),,2006,2219260.0
Asia (FAO),,2007,2494485.0
Asia (FAO),,2008,2304398.0
Asia (FAO),,2009,2330024.5
Asia (FAO),,2010,2379412.2
Asia (FAO),,2011,2521749.8
Asia (FAO),,2012,2623674.0
Asia (FAO),,2013,2699674.0
Asia (FAO),,2014,2759619.5
Asia (FAO),,2015,2813389.5
Asia (FAO),,2016,2844287.2
Asia (FAO),,2017,2971828.8
Asia (FAO),,2018,3089587.8
Asia (FAO),,2019,3182731.5
Asia (FAO),,2020,3231200.8
Asia (FAO),,2021,3392001.2
Asia (FAO),,2022,3493101.0
Asia (FAO),,2023,3498487.5
Asia (FAO),,2024,3610914.5
Belize,BLZ,1998,93.0
Belize,BLZ,1999,70.0
Belize,BLZ,2000,165.0
Belize,BLZ,2001,229.0
Belize,BLZ,2002,227.0
Belize,BLZ,2003,229.0
Belize,BLZ,2004,231.0
Belize,BLZ,2005,54.0
Belize,BLZ,2006,95.0
Belize,BLZ,2007,45.0
Belize,BLZ,2008,90.0
Belize,BLZ,2009,105.19
Belize,BLZ,2010,90.46
Belize,BLZ,2011,90.68
Belize,BLZ,2012,88.98
Belize,BLZ,2013,87.27
Belize,BLZ,2014,87.54
Belize,BLZ,2015,91.22
Belize,BLZ,2016,89.13
Belize,BLZ,2017,89.3
Belize,BLZ,2018,89.88
Belize,BLZ,2019,89.44
Belize,BLZ,2020,89.54
Belize,BLZ,2021,89.62
Belize,BLZ,2022,89.53
Belize,BLZ,2023,89.56
Belize,BLZ,2024,89.57
Benin,BEN,1961,2090.0
Benin,BEN,1962,1730.0
Benin,BEN,1963,1002.0
Benin,BEN,1964,1065.0
Benin,BEN,1965,891.0
Benin,BEN,1966,1041.0
Benin,BEN,1967,1086.0
Benin,BEN,1968,511.0
Benin,BEN,1969,2268.0
Benin,BEN,1970,1940.0
Benin,BEN,1971,2229.0
Benin,BEN,1972,2724.0
Benin,BEN,1973,1341.0
Benin,BEN,1974,161.0
Benin,BEN,1975,477.0
Benin,BEN,1976,599.0
Benin,BEN,1977,610.0
Benin,BEN,1978,185.0
Benin,BEN,1979,31.0
Benin,BEN,1980,321.0
Benin,BEN,1981,585.0
Benin,BEN,1982,1629.0
Benin,BEN,1983,1000.0
Benin,BEN,1984,3000.0
Benin,BEN,1985,700.0
Benin,BEN,1986,1100.0
Benin,BEN,1987,1900.0
Benin,BEN,1988,2700.0
Benin,BEN,1989,800.0
Benin,BEN,1990,120.0
Benin,BEN,1991,180.0
Benin,BEN,1992,200.0
Benin,BEN,1993,300.0
Benin,BEN,1994,200.0
Benin,BEN,1995,174.67
Benin,BEN,1996,165.26
Benin,BEN,1997,160.65
Benin,BEN,1998,153.89
Benin,BEN,1999,150.68
Benin,BEN,2000,142.51
Benin,BEN,2001,150.0
Benin,BEN,2002,100.0
Benin,BEN,2003,60.0
Benin,BEN,2004,85.77
Benin,BEN,2005,82.25
Benin,BEN,2006,60.0
Benin,BEN,2007,60.0
Benin,BEN,2008,70.43
Benin,BEN,2009,67.34
Benin,BEN,2010,60.0
Benin,BEN,2011,65.0
Benin,BEN,2012,68.0
Benin,BEN,2013,70.0
Benin,BEN,2014,57.3
Benin,BEN,2015,48.76
Benin,BEN,2016,58.69
Benin,BEN,2017,54.91
Benin,BEN,2018,54.12
Benin,BEN,2019,55.91
Benin,BEN,2020,54.98
Benin,BEN,2021,55.0
Benin,BEN,2022,55.3
Benin,BEN,2023,55.09
Benin,BEN,2024,55.13
Bolivia,BOL,1961,4400.0
Bolivia,BOL,1962,4400.0
Bolivia,BOL,1963,4400.0
Bolivia,BOL,1964,7400.0
Bolivia,BOL,1965,4700.0
Bolivia,BOL,1966,7700.0
Bolivia,BOL,1967,8200.0
Bolivia,BOL,1968,9500.0
Bolivia,BOL,1969,10100.0
Bolivia,BOL,1970,11200.0
Bolivia,BOL,1971,12400.0
Bolivia,BOL,1972,13000.0
Bolivia,BOL,1973,13400.0
Bolivia,BOL,1974,13870.0
Bolivia,BOL,1975,14900.0
Bolivia,BOL,1976,14664.0
Bolivia,BOL,1977,13372.0
Bolivia,BOL,1978,13424.0
Bolivia,BOL,1979,15700.0
Bolivia,BOL,1980,20540.0
Bolivia,BOL,1981,21325.0
Bolivia,BOL,1982,21179.0
Bolivia,BOL,1983,21141.0
Bolivia,BOL,1984,21566.0
Bolivia,BOL,1985,23361.0
Bolivia,BOL,1986,24153.0
Bolivia,BOL,1987,25200.0
Bolivia,BOL,1988,25450.0
Bolivia,BOL,1989,26740.0
Bolivia,BOL,1990,24378.0
Bolivia,BOL,1991,14071.0
Bolivia,BOL,1992,15179.0
Bolivia,BOL,1993,13153.0
Bolivia,BOL,1994,19216.0
Bolivia,BOL,1995,20323.0
Bolivia,BOL,1996,22015.0
Bolivia,BOL,1997,22608.0
Bolivia,BOL,1998,22532.0
Bolivia,BOL,1999,26931.0
Bolivia,BOL,2000,27696.0
Bolivia,BOL,2001,24086.0
Bolivia,BOL,2002,24513.0
Bolivia,BOL,2003,24700.0
Bolivia,BOL,2004,24546.0
Bolivia,BOL,2005,24976.0
Bolivia,BOL,2006,25272.0
Bolivia,BOL,2007,27012.0
Bolivia,BOL,2008,27305.0
Bolivia,BOL,2009,28270.0
Bolivia,BOL,2010,27327.02
Bolivia,BOL,2011,27596.4
Bolivia,BOL,2012,28136.86
Bolivia,BOL,2013,29455.13
Bolivia,BOL,2014,20496.0
Bolivia,BOL,2015,20954.0
Bolivia,BOL,2016,21427.0
Bolivia,BOL,2017,21181.0
Bolivia,BOL,2018,22120.99
Bolivia,BOL,2019,24841.0
Bolivia,BOL,2020,23401.0
Bolivia,BOL,2021,23451.98
Bolivia,BOL,2022,23238.78
Bolivia,BOL,2023,23579.45
Bolivia,BOL,2024,23063.65
Brazil,BRA,1961,2228704.0
Brazil,BRA,1962,2190303.0
Brazil,BRA,1963,1650527.0
Brazil,BRA,1964,1042013.0
Brazil,BRA,1965,2294047.0
Brazil,BRA,1966,1202868.0
Brazil,BRA,1967,1507500.0
Brazil,BRA,1968,1057700.0
Brazil,BRA,1969,1283500.0
Brazil,BRA,1970,754800.0
Brazil,BRA,1971,1551462.0
Brazil,BRA,1972,1495705.0
Brazil,BRA,1973,872897.0
Brazil,BRA,1974,1615309.0
Brazil,BRA,1975,1272298.0
Brazil,BRA,1976,375985.0
Brazil,BRA,1977,975385.0
Brazil,BRA,1978,1267661.0
Brazil,BRA,1979,1332772.0
Brazil,BRA,1980,1061195.0
Brazil,BRA,1981,2032210.0
Brazil,BRA,1982,957931.0
Brazil,BRA,1983,1671588.0
Brazil,BRA,1984,1420281.0
Brazil,BRA,1985,1910646.0
Brazil,BRA,1986,1041406.0
Brazil,BRA,1987,2202708.0
Brazil,BRA,1988,1348014.0
Brazil,BRA,1989,1532335.0
Brazil,BRA,1990,1464856.0
Brazil,BRA,1991,1520382.0
Brazil,BRA,1992,1294373.0
Brazil,BRA,1993,1278759.0
Brazil,BRA,1994,1307289.0
Brazil,BRA,1995,930135.0
Brazil,BRA,1996,1369196.0
Brazil,BRA,1997,1228513.0
Brazil,BRA,1998,1689366.0
Brazil,BRA,1999,1631852.0
Brazil,BRA,2000,1903562.0
Brazil,BRA,2001,1819569.0
Brazil,BRA,2002,2610524.0
Brazil,BRA,2003,1987074.0
Brazil,BRA,2004,2465710.0
Brazil,BRA,2005,2140169.0
Brazil,BRA,2006,2573368.0
Brazil,BRA,2007,2249011.0
Brazil,BRA,2008,2796927.0
Brazil,BRA,2009,2440056.0
Brazil,BRA,2010,2907265.0
Brazil,BRA,2011,2700540.0
Brazil,BRA,2012,3037534.0
Brazil,BRA,2013,2964538.0
Brazil,BRA,2014,2804070.0
Brazil,BRA,2015,2647504.0
Brazil,BRA,2016,3024466.0
Brazil,BRA,2017,2684508.0
Brazil,BRA,2018,3552729.0
Brazil,BRA,2019,3011745.0
Brazil,BRA,2020,3705719.0
Brazil,BRA,2021,2985581.0
Brazil,BRA,2022,3179341.0
Brazil,BRA,2023,3348510.0
Brazil,BRA,2024,3387724.0
Burundi,BDI,1961,14000.0
Burundi,BDI,1962,13001.0
Burundi,BDI,1963,5777.0
Burundi,BDI,1964,17737.0
Burundi,BDI,1965,12831.0
Burundi,BDI,1966,14071.0
Burundi,BDI,1967,18682.0
Burundi,BDI,1968,16539.0
Burundi,BDI,1969,14551.0
Burundi,BDI,1970,22084.0
Burundi,BDI,1971,25051.0
Burundi,BDI,1972,19403.0
Burundi,BDI,1973,21395.0
Burundi,BDI,1974,28140.0
Burundi,BDI,1975,16924.0
Burundi,BDI,1976,21428.0
Burundi,BDI,1977,17030.0
Burundi,BDI,1978,22783.0
Burundi,BDI,1979,27728.0
Burundi,BDI,1980,18894.0
Burundi,BDI,1981,43824.0
Burundi,BDI,1982,20221.0
Burundi,BDI,1983,35954.0
Burundi,BDI,1984,27005.0
Burundi,BDI,1985,32493.0
Burundi,BDI,1986,31290.0
Burundi,BDI,1987,37338.0
Burundi,BDI,1988,35247.0
Burundi,BDI,1989,31400.0
Burundi,BDI,1990,32694.0
Burundi,BDI,1991,34204.0
Burundi,BDI,1992,37215.0
Burundi,BDI,1993,22991.0
Burundi,BDI,1994,41293.0
Burundi,BDI,1995,25516.0
Burundi,BDI,1996,26875.0
Burundi,BDI,1997,19991.0
Burundi,BDI,1998,16937.0
Burundi,BDI,1999,29130.0
Burundi,BDI,2000,67439.0
Burundi,BDI,2001,70980.0
Burundi,BDI,2002,182182.0
Burundi,BDI,2003,35682.0
Burundi,BDI,2004,204509.0
Burundi,BDI,2005,34828.0
Burundi,BDI,2006,149460.0
Burundi,BDI,2007,31964.0
Burundi,BDI,2008,100475.0
Burundi,BDI,2009,20517.0
Burundi,BDI,2010,89960.0
Burundi,BDI,2011,41960.0
Burundi,BDI,2012,26340.0
Burundi,BDI,2013,22625.0
Burundi,BDI,2014,10405.0
Burundi,BDI,2015,18367.0
Burundi,BDI,2016,13624.46
Burundi,BDI,2017,16340.0
Burundi,BDI,2018,14216.0
Burundi,BDI,2019,14059.0
Burundi,BDI,2020,7111.0
Burundi,BDI,2021,13800.0
Burundi,BDI,2022,10500.0
Burundi,BDI,2023,8400.0
Burundi,BDI,2024,6900.0
Cambodia,KHM,1961,240.0
Cambodia,KHM,1962,350.0
Cambodia,KHM,1963,400.0
Cambodia,KHM,1964,350.0
Cambodia,KHM,1965,400.0
Cambodia,KHM,1966,480.0
Cambodia,KHM,1967,433.0
Cambodia,KHM,1968,350.0
Cambodia,KHM,1969,460.0
Cambodia,KHM,1970,600.0
Cambodia,KHM,1971,600.0
Cambodia,KHM,1972,470.0
Cambodia,KHM,1973,124.0
Cambodia,KHM,1974,100.0
Cambodia,KHM,1975,100.0
Cambodia,KHM,1976,90.0
Cambodia,KHM,1977,85.0
Cambodia,KHM,1978,72.0
Cambodia,KHM,1979,50.0
Cambodia,KHM,1980,70.0
Cambodia,KHM,1981,68.0
Cambodia,KHM,1982,70.0
Cambodia,KHM,1983,80.0
Cambodia,KHM,1984,90.0
Cambodia,KHM,1985,100.0
Cambodia,KHM,1986,120.0
Cambodia,KHM,1987,130.0
Cambodia,KHM,1988,140.0
Cambodia,KHM,1989,150.0
Cambodia,KHM,1990,160.0
Cambodia,KHM,1991,170.0
Cambodia,KHM,1992,180.0
Cambodia,KHM,1993,198.08
Cambodia,KHM,1994,190.0
Cambodia,KHM,1995,200.0
Cambodia,KHM,1996,250.0
Cambodia,KHM,1997,280.0
Cambodia,KHM,1998,290.0
Cambodia,KHM,1999,300.0
Cambodia,KHM,2000,300.0
Cambodia,KHM,2001,300.0
Cambodia,KHM,2002,300.17
Cambodia,KHM,2003,305.02
Cambodia,KHM,2004,310.0
Cambodia,KHM,2005,319.57
Cambodia,KHM,2006,300.0
Cambodia,KHM,2007,320.0
Cambodia,KHM,2008,330.0
Cambodia,KHM,2009,350.0
Cambodia,KHM,2010,362.29
Cambodia,KHM,2011,348.8
Cambodia,KHM,2012,350.04
Cambodia,KHM,2013,353.12
Cambodia,KHM,2014,356.58
Cambodia,KHM,2015,369.69
Cambodia,KHM,2016,359.8
Cambodia,KHM,2017,356.64
Cambodia,KHM,2018,356.82
Cambodia,KHM,2019,357.51
Cambodia,KHM,2020,358.97
Cambodia,KHM,2021,362.38
Cambodia,KHM,2022,361.76
Cambodia,KHM,2023,362.22
Cambodia,KHM,2024,362.68
Cameroon,CMR,1961,44700.0
Cameroon,CMR,1962,45000.0
Cameroon,CMR,1963,53600.0
Cameroon,CMR,1964,59100.0
Cameroon,CMR,1965,74100.0
Cameroon,CMR,1966,63300.0
Cameroon,CMR,1967,79600.0
Cameroon,CMR,1968,81700.0
Cameroon,CMR,1969,81815.0
Cameroon,CMR,1970,92993.0
Cameroon,CMR,1971,94790.0
Cameroon,CMR,1972,96165.0
Cameroon,CMR,1973,93913.0
Cameroon,CMR,1974,104442.0
Cameroon,CMR,1975,92488.0
Cameroon,CMR,1976,79599.0
Cameroon,CMR,1977,86448.0
Cameroon,CMR,1978,107993.0
Cameroon,CMR,1979,101166.0
Cameroon,CMR,1980,112207.0
Cameroon,CMR,1981,109286.0
Cameroon,CMR,1982,128237.0
Cameroon,CMR,1983,63700.0
Cameroon,CMR,1984,137900.0
Cameroon,CMR,1985,100020.0
Cameroon,CMR,1986,132000.0
Cameroon,CMR,1987,82560.0
Cameroon,CMR,1988,119400.0
Cameroon,CMR,1989,115700.0
Cameroon,CMR,1990,100980.0
Cameroon,CMR,1991,115080.0
Cameroon,CMR,1992,76200.0
Cameroon,CMR,1993,68417.0
Cameroon,CMR,1994,73743.0
Cameroon,CMR,1995,74000.0
Cameroon,CMR,1996,104121.0
Cameroon,CMR,1997,63600.0
Cameroon,CMR,1998,112532.0
Cameroon,CMR,1999,98000.0
Cameroon,CMR,2000,86200.0
Cameroon,CMR,2001,70500.0
Cameroon,CMR,2002,41000.0
Cameroon,CMR,2003,48000.0
Cameroon,CMR,2004,54000.0
Cameroon,CMR,2005,60000.0
Cameroon,CMR,2006,62300.0
Cameroon,CMR,2007,47792.0
Cameroon,CMR,2008,50687.0
Cameroon,CMR,2009,48123.0
Cameroon,CMR,2010,66584.0
Cameroon,CMR,2011,26322.0
Cameroon,CMR,2012,38127.0
Cameroon,CMR,2013,41800.0
Cameroon,CMR,2014,41143.17
Cameroon,CMR,2015,39702.17
Cameroon,CMR,2016,38411.7
Cameroon,CMR,2017,41916.8
Cameroon,CMR,2018,41184.5
Cameroon,CMR,2019,40907.3
Cameroon,CMR,2020,36359.9
Cameroon,CMR,2021,32487.61
Cameroon,CMR,2022,32255.27
Cameroon,CMR,2023,31009.61
Cameroon,CMR,2024,29774.37
Cape Verde,CPV,1961,52.0
Cape Verde,CPV,1962,22.0
Cape Verde,CPV,1963,40.0
Cape Verde,CPV,1964,39.0
Cape Verde,CPV,1965,45.0
Cape Verde,CPV,1966,106.0
Cape Verde,CPV,1967,121.0
Cape Verde,CPV,1968,82.0
Cape Verde,CPV,1969,94.0
Cape Verde,CPV,1970,114.0
Cape Verde,CPV,1971,185.0
Cape Verde,CPV,1972,76.0
Cape Verde,CPV,1973,8.0
Cape Verde,CPV,1974,71.0
Cape Verde,CPV,1975,103.0
Cape Verde,CPV,1976,168.0
Cape Verde,CPV,1977,53.0
Cape Verde,CPV,1978,100.0
Cape Verde,CPV,1979,150.0
Cape Verde,CPV,1980,50.0
Cape Verde,CPV,1981,100.0
Cape Verde,CPV,1982,50.0
Cape Verde,CPV,1983,50.0
Cape Verde,CPV,1984,50.0
Cape Verde,CPV,1985,30.0
Cape Verde,CPV,1986,44.0
Cape Verde,CPV,1987,34.0
Cape Verde,CPV,1988,50.0
Cape Verde,CPV,1989,100.0
Cape Verde,CPV,1990,50.0
Cape Verde,CPV,1991,10.0
Cape Verde,CPV,1992,0.0
Cape Verde,CPV,2011,62.0
Cape Verde,CPV,2012,88.0
Cape Verde,CPV,2013,62.0
Cape Verde,CPV,2014,52.0
Cape Verde,CPV,2015,52.34
Cape Verde,CPV,2016,68.09
Cape Verde,CPV,2017,46.89
Cape Verde,CPV,2018,46.0
Cape Verde,CPV,2019,40.0
Cape Verde,CPV,2020,48.0
Cape Verde,CPV,2021,40.73
Cape Verde,CPV,2022,47.0
Cape Verde,CPV,2023,17.17
Cape Verde,CPV,2024,14.0
Caribbean (FAO),,1961,143212.0
Caribbean (FAO),,1962,156795.0
Caribbean (FAO),,1963,137156.0
Caribbean (FAO),,1964,146070.0
Caribbean (FAO),,1965,126325.0
Caribbean (FAO),,1966,128930.0
Caribbean (FAO),,1967,130891.0
Caribbean (FAO),,1968,125072.0
Caribbean (FAO),,1969,117061.0
Caribbean (FAO),,1970,115379.0
Caribbean (FAO),,1971,120509.0
Caribbean (FAO),,1972,119712.0
Caribbean (FAO),,1973,131165.0
Caribbean (FAO),,1974,129053.0
Caribbean (FAO),,1975,127829.0
Caribbean (FAO),,1976,132693.0
Caribbean (FAO),,1977,121222.0
Caribbean (FAO),,1978,100840.0
Caribbean (FAO),,1979,136505.0
Caribbean (FAO),,1980,138610.0
Caribbean (FAO),,1981,124802.0
Caribbean (FAO),,1982,141026.0
Caribbean (FAO),,1983,141448.0
Caribbean (FAO),,1984,146628.0
Caribbean (FAO),,1985,150504.0
Caribbean (FAO),,1986,145516.0
Caribbean (FAO),,1987,143246.0
Caribbean (FAO),,1988,150801.0
Caribbean (FAO),,1989,149332.0
Caribbean (FAO),,1990,138256.0
Caribbean (FAO),,1991,131309.05
Caribbean (FAO),,1992,104348.0
Caribbean (FAO),,1993,106914.0
Caribbean (FAO),,1994,97532.97
Caribbean (FAO),,1995,105178.25
Caribbean (FAO),,1996,107274.04
Caribbean (FAO),,1997,99278.45
Caribbean (FAO),,1998,113786.87
Caribbean (FAO),,1999,94924.91
Caribbean (FAO),,2000,103611.71
Caribbean (FAO),,2001,91651.52
Caribbean (FAO),,2002,90130.41
Caribbean (FAO),,2003,95587.21
Caribbean (FAO),,2004,92817.33
Caribbean (FAO),,2005,103728.55
Caribbean (FAO),,2006,105615.02
Caribbean (FAO),,2007,124004.45
Caribbean (FAO),,2008,92867.68
Caribbean (FAO),,2009,86152.29
Caribbean (FAO),,2010,66749.06
Caribbean (FAO),,2011,68384.36
Caribbean (FAO),,2012,68537.58
Caribbean (FAO),,2013,50277.82
Caribbean (FAO),,2014,36587.45
Caribbean (FAO),,2015,30670.51
Caribbean (FAO),,2016,34811.79
Caribbean (FAO),,2017,35275.67
Caribbean (FAO),,2018,39601.96
Caribbean (FAO),,2019,35913.89
Caribbean (FAO),,2020,36924.78
Caribbean (FAO),,2021,40159.77
Caribbean (FAO),,2022,43014.28
Caribbean (FAO),,2023,49345.38
Caribbean (FAO),,2024,43675.98
Central African Republic,CAF,1961,8200.0
Central African Republic,CAF,1962,5800.0
Central African Republic,CAF,1963,12600.0
Central African Republic,CAF,1964,7600.0
Central African Republic,CAF,1965,11400.0
Central African Republic,CAF,1966,9127.0
Central African Republic,CAF,1967,8207.0
Central African Republic,CAF,1968,8826.0
Central African Republic,CAF,1969,12163.0
Central African Republic,CAF,1970,10665.0
Central African Republic,CAF,1971,6065.0
Central African Republic,CAF,1972,8359.0
Central African Republic,CAF,1973,10001.0
Central African Republic,CAF,1974,13200.0
Central African Republic,CAF,1975,14300.0
Central African Republic,CAF,1976,13900.0
Central African Republic,CAF,1977,14800.0
Central African Republic,CAF,1978,15183.0
Central African Republic,CAF,1979,16073.0
Central African Republic,CAF,1980,16808.0
Central African Republic,CAF,1981,17000.0
Central African Republic,CAF,1982,17000.0
Central African Republic,CAF,1983,15400.0
Central African Republic,CAF,1984,18400.0
Central African Republic,CAF,1985,13300.0
Central African Republic,CAF,1986,20100.0
Central African Republic,CAF,1987,21346.0
Central African Republic,CAF,1988,24482.0
Central African Republic,CAF,1989,20808.0
Central African Republic,CAF,1990,14314.0
Central African Republic,CAF,1991,17625.0
Central African Republic,CAF,1992,9036.0
Central African Republic,CAF,1993,9124.0
Central African Republic,CAF,1994,14500.0
Central African Republic,CAF,1995,9000.0
Central African Republic,CAF,1996,18000.0
Central African Republic,CAF,1997,15000.0
Central African Republic,CAF,1998,12037.0
Central African Republic,CAF,1999,11260.0
Central African Republic,CAF,2000,12900.0
Central African Republic,CAF,2001,12300.0
Central African Republic,CAF,2002,13000.0
Central African Republic,CAF,2003,5520.0
Central African Republic,CAF,2004,4320.0
Central African Republic,CAF,2005,3300.0
Central African Republic,CAF,2006,1500.0
Central African Republic,CAF,2007,2400.0
Central African Republic,CAF,2008,3300.0
Central African Republic,CAF,2009,3544.0
Central African Republic,CAF,2010,5270.0
Central African Republic,CAF,2011,6217.62
Central African Republic,CAF,2012,6922.63
Central African Republic,CAF,2013,7974.68
Central African Republic,CAF,2014,10799.0
Central African Republic,CAF,2015,9050.0
Central African Republic,CAF,2016,10120.0
Central African Republic,CAF,2017,9989.67
Central African Republic,CAF,2018,89979.42
Central African Republic,CAF,2019,202752.73
Central African Republic,CAF,2020,289283.3
Central African Republic,CAF,2021,297961.8
Central African Republic,CAF,2022,306900.66
Central African Republic,CAF,2023,316108.0
Central African Republic,CAF,2024,324923.0
Central America (FAO),,1961,461135.0
Central America (FAO),,1962,472456.0
Central America (FAO),,1963,486178.0
Central America (FAO),,1964,505772.0
Central America (FAO),,1965,523828.0
Central America (FAO),,1966,544139.0
Central America (FAO),,1967,621122.0
Central America (FAO),,1968,589478.0
Central America (FAO),,1969,596975.0
Central America (FAO),,1970,597831.0
Central America (FAO),,1971,638102.0
Central America (FAO),,1972,654823.0
Central America (FAO),,1973,672371.0
Central America (FAO),,1974,712745.0
Central America (FAO),,1975,709770.0
Central America (FAO),,1976,700649.0
Central America (FAO),,1977,695348.0
Central America (FAO),,1978,799311.0
Central America (FAO),,1979,804152.0
Central America (FAO),,1980,818696.0
Central America (FAO),,1981,893332.0
Central America (FAO),,1982,883508.0
Central America (FAO),,1983,907059.0
Central America (FAO),,1984,871774.0
Central America (FAO),,1985,834478.0
Central America (FAO),,1986,968045.0
Central America (FAO),,1987,943933.0
Central America (FAO),,1988,1015357.0
Central America (FAO),,1989,970698.0
Central America (FAO),,1990,1100027.0
Central America (FAO),,1991,999455.0
Central America (FAO),,1992,1077081.0
Central America (FAO),,1993,1003845.0
Central America (FAO),,1994,1004065.0
Central America (FAO),,1995,1023709.0
Central America (FAO),,1996,1127286.0
Central America (FAO),,1997,1134363.0
Central America (FAO),,1998,1049771.0
Central America (FAO),,1999,1165583.0
Central America (FAO),,2000,1211647.0
Central America (FAO),,2001,1114229.9
Central America (FAO),,2002,1045084.25
Central America (FAO),,2003,1038303.5
Central America (FAO),,2004,1027412.8
Central America (FAO),,2005,1055575.0
Central America (FAO),,2006,1003384.4
Central America (FAO),,2007,1084729.0
Central America (FAO),,2008,1055361.4
Central America (FAO),,2009,1016527.44
Central America (FAO),,2010,1033490.2
Central America (FAO),,2011,1077735.9
Central America (FAO),,2012,1166399.8
Central America (FAO),,2013,956535.6
Central America (FAO),,2014,956115.56
Central America (FAO),,2015,969671.9
Central America (FAO),,2016,1015450.94
Central America (FAO),,2017,1121706.1
Central America (FAO),,2018,1160473.4
Central America (FAO),,2019,1129998.6
Central America (FAO),,2020,1068651.4
Central America (FAO),,2021,1127533.5
Central America (FAO),,2022,1050120.8
Central America (FAO),,2023,1054861.4
Central America (FAO),,2024,992128.6
China,CHN,1961,1500.0
China,CHN,1962,1700.0
China,CHN,1963,2000.0
China,CHN,1964,2300.0
China,CHN,1965,2500.0
China,CHN,1966,3200.0
China,CHN,1967,3500.0
China,CHN,1968,3500.0
China,CHN,1969,3700.0
China,CHN,1970,3800.0
China,CHN,1971,3900.0
China,CHN,1972,5000.0
China,CHN,1973,6000.0
China,CHN,1974,6000.0
China,CHN,1975,4000.0
China,CHN,1976,4000.0
China,CHN,1977,4000.0
China,CHN,1978,4000.0
China,CHN,1979,5000.0
China,CHN,1980,5000.0
China,CHN,1981,6000.0
China,CHN,1982,6000.0
China,CHN,1983,6000.0
China,CHN,1984,9000.0
China,CHN,1985,7000.0
China,CHN,1986,7700.0
China,CHN,1987,8600.0
China,CHN,1988,10000.0
China,CHN,1989,8000.0
China,CHN,1990,6300.0
China,CHN,1991,3500.0
China,CHN,1992,3800.0
China,CHN,1993,4000.0
China,CHN,1994,3250.0
China,CHN,1995,3196.0
China,CHN,1996,3023.0
China,CHN,1997,3573.0
China,CHN,1998,6237.0
China,CHN,1999,8743.0
China,CHN,2000,11568.0
China,CHN,2001,17202.0
China,CHN,2002,19456.0
China,CHN,2003,23144.0
China,CHN,2004,21659.0
China,CHN,2005,21919.0
China,CHN,2006,25655.0
China,CHN,2007,26000.0
China,CHN,2008,33278.0
China,CHN,2009,70405.0
China,CHN,2010,49596.0
China,CHN,2011,65384.0
China,CHN,2012,92064.0
China,CHN,2013,116826.0
China,CHN,2014,127585.93
China,CHN,2015,115139.76
China,CHN,2016,113345.44
China,CHN,2017,114163.14
China,CHN,2018,115500.0
China,CHN,2019,120000.0
China,CHN,2020,114000.0
China,CHN,2021,108000.0
China,CHN,2022,108000.0
China,CHN,2023,108000.0
China,CHN,2024,114000.0
China (FAO),,1961,1612.0
China (FAO),,1962,1756.0
China (FAO),,1963,2042.0
China (FAO),,1964,2346.0
China (FAO),,1965,2577.0
China (FAO),,1966,3236.0
China (FAO),,1967,3566.0
China (FAO),,1968,3540.0
China (FAO),,1969,3748.0
China (FAO),,1970,3836.0
China (FAO),,1971,3934.0
China (FAO),,1972,5029.0
China (FAO),,1973,6017.0
China (FAO),,1974,6068.0
China (FAO),,1975,4066.0
China (FAO),,1976,4009.0
China (FAO),,1977,4052.0
China (FAO),,1978,4047.0
China (FAO),,1979,5036.0
China (FAO),,1980,5051.0
China (FAO),,1981,6052.0
China (FAO),,1982,6054.0
China (FAO),,1983,6000.0
China (FAO),,1984,9000.0
China (FAO),,1985,7000.0
China (FAO),,1986,7700.0
China (FAO),,1987,8600.0
China (FAO),,1988,10000.0
China (FAO),,1989,8000.0
China (FAO),,1990,6300.0
China (FAO),,1991,3500.0
China (FAO),,1992,3800.0
China (FAO),,1993,4000.0
China (FAO),,1994,3250.0
China (FAO),,1995,3196.0
China (FAO),,1996,3023.0
China (FAO),,1997,3573.0
China (FAO),,1998,6237.0
China (FAO),,1999,8743.0
China (FAO),,2000,11568.0
China (FAO),,2001,17202.0
China (FAO),,2002,19456.0
China (FAO),,2003,23144.0
China (FAO),,2004,21659.0
China (FAO),,2005,21919.0
China (FAO),,2006,25655.0
China (FAO),,2007,26000.0
China (FAO),,2008,33278.0
China (FAO),,2009,70405.0
China (FAO),,2010,49596.0
China (FAO),,2011,65384.0
China (FAO),,2012,92064.0
China (FAO),,2013,116826.0
China (FAO),,2014,127585.93
China (FAO),,2015,115896.76
China (FAO),,2016,114186.44
China (FAO),,2017,115110.14
China (FAO),,2018,116519.0
China (FAO),,2019,121012.0
China (FAO),,2020,114970.0
China (FAO),,2021,108906.0
China (FAO),,2022,108980.0
China (FAO),,2023,108956.0
China (FAO),,2024,114951.29
Colombia,COL,1961,450000.0
Colombia,COL,1962,482100.0
Colombia,COL,1963,450000.0
Colombia,COL,1964,468000.0
Colombia,COL,1965,492000.0
Colombia,COL,1966,492000.0
Colombia,COL,1967,456000.0
Colombia,COL,1968,480000.0
Colombia,COL,1969,474000.0
Colombia,COL,1970,507000.0
Colombia,COL,1971,468000.0
Colombia,COL,1972,432000.0
Colombia,COL,1973,528000.0
Colombia,COL,1974,470000.0
Colombia,COL,1975,513200.0
Colombia,COL,1976,483000.0
Colombia,COL,1977,639420.0
Colombia,COL,1978,683220.0
Colombia,COL,1979,713340.0
Colombia,COL,1980,724380.0
Colombia,COL,1981,782200.0
Colombia,COL,1982,773600.0
Colombia,COL,1983,768600.0
Colombia,COL,1984,807800.0
Colombia,COL,1985,643100.0
Colombia,COL,1986,713500.0
Colombia,COL,1987,651600.0
Colombia,COL,1988,708700.0
Colombia,COL,1989,664000.0
Colombia,COL,1990,845000.0
Colombia,COL,1991,970740.0
Colombia,COL,1992,1100000.0
Colombia,COL,1993,818220.0
Colombia,COL,1994,721860.0
Colombia,COL,1995,821820.0
Colombia,COL,1996,671401.0
Colombia,COL,1997,642239.0
Colombia,COL,1998,766980.0
Colombia,COL,1999,546720.0
Colombia,COL,2000,637140.0
Colombia,COL,2001,656160.0
Colombia,COL,2002,696840.0
Colombia,COL,2003,694080.0
Colombia,COL,2004,674400.0
Colombia,COL,2005,667140.0
Colombia,COL,2006,724740.0
Colombia,COL,2007,757080.0
Colombia,COL,2008,688680.0
Colombia,COL,2009,468720.0
Colombia,COL,2010,535380.0
Colombia,COL,2011,468540.0
Colombia,COL,2012,462000.0
Colombia,COL,2013,653160.0
Colombia,COL,2014,728400.0
Colombia,COL,2015,827750.0
Colombia,COL,2016,818243.0
Colombia,COL,2017,851640.0
Colombia,COL,2018,813420.0
Colombia,COL,2019,885120.0
Colombia,COL,2020,833400.0
Colombia,COL,2021,560340.0
Colombia,COL,2022,665015.94
Colombia,COL,2023,680857.7
Colombia,COL,2024,839846.7
Comoros,COM,1961,100.0
Comoros,COM,1962,100.0
Comoros,COM,1963,150.0
Comoros,COM,1964,100.0
Comoros,COM,1965,100.0
Comoros,COM,1966,180.0
Comoros,COM,1967,180.0
Comoros,COM,1968,180.0
Comoros,COM,1969,180.0
Comoros,COM,1970,180.0
Comoros,COM,1971,120.0
Comoros,COM,1972,120.0
Comoros,COM,1973,120.0
Comoros,COM,1974,120.0
Comoros,COM,1975,60.0
Comoros,COM,1976,60.0
Comoros,COM,1977,70.0
Comoros,COM,1978,90.0
Comoros,COM,1979,90.0
Comoros,COM,1980,80.0
Comoros,COM,1981,82.0
Comoros,COM,1982,82.0
Comoros,COM,1983,83.0
Comoros,COM,1984,84.0
Comoros,COM,1985,85.0
Comoros,COM,1986,85.0
Comoros,COM,1987,85.0
Comoros,COM,1988,87.0
Comoros,COM,1989,87.0
Comoros,COM,1990,90.0
Comoros,COM,1991,91.0
Comoros,COM,1992,92.0
Comoros,COM,1993,92.11
Comoros,COM,1994,92.87
Comoros,COM,1995,93.68
Comoros,COM,1996,94.0
Comoros,COM,1997,95.44
Comoros,COM,1998,96.0
Comoros,COM,1999,98.07
Comoros,COM,2000,98.0
Comoros,COM,2001,100.99
Comoros,COM,2002,102.67
Comoros,COM,2003,100.0
Comoros,COM,2004,110.1
Comoros,COM,2005,120.0
Comoros,COM,2006,119.09
Comoros,COM,2007,120.8
Comoros,COM,2008,122.62
Comoros,COM,2009,124.24
Comoros,COM,2010,125.78
Comoros,COM,2011,127.35
Comoros,COM,2012,130.0
Comoros,COM,2013,132.0
Comoros,COM,2014,133.48
Comoros,COM,2015,135.35
Comoros,COM,2016,136.26
Comoros,COM,2017,137.12
Comoros,COM,2018,138.18
Comoros,COM,2019,139.35
Comoros,COM,2020,140.59
Comoros,COM,2021,143.45
Comoros,COM,2022,141.13
Comoros,COM,2023,141.73
Comoros,COM,2024,142.1
Congo,COG,1961,900.0
Congo,COG,1962,1300.0
Congo,COG,1963,1500.0
Congo,COG,1964,1500.0
Congo,COG,1965,2700.0
Congo,COG,1966,910.0
Congo,COG,1967,920.0
Congo,COG,1968,890.0
Congo,COG,1969,1111.0
Congo,COG,1970,1102.0
Congo,COG,1971,1286.0
Congo,COG,1972,1021.0
Congo,COG,1973,1035.0
Congo,COG,1974,1292.0
Congo,COG,1975,1050.0
Congo,COG,1976,2160.0
Congo,COG,1977,5244.0
Congo,COG,1978,4843.0
Congo,COG,1979,3120.0
Congo,COG,1980,2700.0
Congo,COG,1981,2580.0
Congo,COG,1982,2900.0
Congo,COG,1983,3360.0
Congo,COG,1984,2980.0
Congo,COG,1985,3480.0
Congo,COG,1986,1444.0
Congo,COG,1987,1028.0
Congo,COG,1988,1830.0
Congo,COG,1989,1843.0
Congo,COG,1990,1354.0
Congo,COG,1991,1401.0
Congo,COG,1992,1450.0
Congo,COG,1993,1501.0
Congo,COG,1994,1553.0
Congo,COG,1995,1606.0
Congo,COG,1996,1600.0
Congo,COG,1997,1338.0
Congo,COG,1998,850.0
Congo,COG,1999,1490.0
Congo,COG,2000,1550.0
Congo,COG,2001,1612.0
Congo,COG,2002,1687.0
Congo,COG,2003,2000.0
Congo,COG,2004,2800.0
Congo,COG,2005,3300.0
Congo,COG,2006,3000.0
Congo,COG,2007,3000.0
Congo,COG,2008,2400.0
Congo,COG,2009,2700.0
Congo,COG,2010,2826.61
Congo,COG,2011,2900.7
Congo,COG,2012,2934.58
Congo,COG,2013,2987.03
Congo,COG,2014,3005.38
Congo,COG,2015,3038.73
Congo,COG,2016,3062.07
Congo,COG,2017,3108.09
Congo,COG,2018,3151.08
Congo,COG,2019,3173.44
Congo,COG,2020,3191.72
Congo,COG,2021,3172.08
Congo,COG,2022,3179.08
Congo,COG,2023,3180.96
Congo,COG,2024,3177.37
Cook Islands,COK,1961,3.0
Cook Islands,COK,1962,5.0
Cook Islands,COK,1963,7.0
Cook Islands,COK,1964,11.0
Cook Islands,COK,1965,10.0
Cook Islands,COK,1966,11.0
Cook Islands,COK,1967,12.0
Cook Islands,COK,1968,10.0
Cook Islands,COK,1969,10.0
Cook Islands,COK,1970,10.0
Cook Islands,COK,1971,10.0
Cook Islands,COK,1972,10.0
Cook Islands,COK,1973,10.0
Cook Islands,COK,1974,10.0
Cook Islands,COK,1975,10.0
Cook Islands,COK,1976,2.0
Cook Islands,COK,1977,3.0
Cook Islands,COK,1978,2.0
Cook Islands,COK,1979,2.0
Cook Islands,COK,1980,2.0
Cook Islands,COK,1981,2.0
Cook Islands,COK,1982,2.0
Cook Islands,COK,1983,2.0
Cook Islands,COK,1984,2.0
Cook Islands,COK,1985,2.0
Cook Islands,COK,1986,2.0
Cook Islands,COK,1987,2.0
Cook Islands,COK,1988,1.0
Cook Islands,COK,1989,1.0
Cook Islands,COK,1990,2.0
Cook Islands,COK,1991,2.0
Cook Islands,COK,1992,5.0
Cook Islands,COK,1993,4.0
Cook Islands,COK,1994,8.0
Cook Islands,COK,1995,15.0
Cook Islands,COK,1996,20.0
Cook Islands,COK,1997,15.0
Cook Islands,COK,1998,10.0
Cook Islands,COK,1999,5.0
Cook Islands,COK,2000,6.5
Cook Islands,COK,2001,6.62
Cook Islands,COK,2002,6.78
Cook Islands,COK,2003,3.0
Cook Islands,COK,2004,0.0
Cook Islands,COK,2005,0.14
Cook Islands,COK,2006,0.0
Cook Islands,COK,2007,0.0
Cook Islands,COK,2008,0.12
Cook Islands,COK,2009,0.37
Cook Islands,COK,2010,0.35
Cook Islands,COK,2011,0.33
Cook Islands,COK,2012,0.32
Cook Islands,COK,2013,0.3
Cook Islands,COK,2014,0.3
Cook Islands,COK,2015,0.4
Cook Islands,COK,2016,0.34
Cook Islands,COK,2017,0.3
Cook Islands,COK,2018,0.27
Cook Islands,COK,2019,0.26
Cook Islands,COK,2020,0.25
Cook Islands,COK,2021,0.34
Cook Islands,COK,2022,0.36
Cook Islands,COK,2023,0.36
Cook Islands,COK,2024,0.37
Costa Rica,CRI,1961,61769.0
Costa Rica,CRI,1962,54523.0
Costa Rica,CRI,1963,62295.0
Costa Rica,CRI,1964,47219.0
Costa Rica,CRI,1965,58384.0
Costa Rica,CRI,1966,68344.0
Costa Rica,CRI,1967,76014.0
Costa Rica,CRI,1968,69372.0
Costa Rica,CRI,1969,84549.0
Costa Rica,CRI,1970,73192.0
Costa Rica,CRI,1971,89350.0
Costa Rica,CRI,1972,78787.0
Costa Rica,CRI,1973,95721.0
Costa Rica,CRI,1974,84287.0
Costa Rica,CRI,1975,80248.0
Costa Rica,CRI,1976,81784.0
Costa Rica,CRI,1977,87183.0
Costa Rica,CRI,1978,98549.0
Costa Rica,CRI,1979,98575.0
Costa Rica,CRI,1980,106389.0
Costa Rica,CRI,1981,113102.0
Costa Rica,CRI,1982,115087.0
Costa Rica,CRI,1983,124008.0
Costa Rica,CRI,1984,136857.0
Costa Rica,CRI,1985,124000.0
Costa Rica,CRI,1986,128227.0
Costa Rica,CRI,1987,138000.0
Costa Rica,CRI,1988,144900.0
Costa Rica,CRI,1989,157000.0
Costa Rica,CRI,1990,151100.0
Costa Rica,CRI,1991,158000.0
Costa Rica,CRI,1992,168000.0
Costa Rica,CRI,1993,156927.0
Costa Rica,CRI,1994,147998.0
Costa Rica,CRI,1995,150061.0
Costa Rica,CRI,1996,154131.0
Costa Rica,CRI,1997,132015.0
Costa Rica,CRI,1998,152385.0
Costa Rica,CRI,1999,147868.0
Costa Rica,CRI,2000,161395.0
Costa Rica,CRI,2001,150289.0
Costa Rica,CRI,2002,140874.0
Costa Rica,CRI,2003,132259.0
Costa Rica,CRI,2004,126000.0
Costa Rica,CRI,2005,125669.0
Costa Rica,CRI,2006,101038.0
Costa Rica,CRI,2007,121058.0
Costa Rica,CRI,2008,111959.0
Costa Rica,CRI,2009,91403.0
Costa Rica,CRI,2010,91620.0
Costa Rica,CRI,2011,95038.0
Costa Rica,CRI,2012,117873.0
Costa Rica,CRI,2013,71381.0
Costa Rica,CRI,2014,96735.0
Costa Rica,CRI,2015,83846.0
Costa Rica,CRI,2016,93720.0
Costa Rica,CRI,2017,90419.0
Costa Rica,CRI,2018,92016.0
Costa Rica,CRI,2019,76385.0
Costa Rica,CRI,2020,86791.0
Costa Rica,CRI,2021,95322.0
Costa Rica,CRI,2022,74620.26
Costa Rica,CRI,2023,80270.33
Costa Rica,CRI,2024,62153.98
Cote d'Ivoire,CIV,1961,185500.0
Cote d'Ivoire,CIV,1962,97071.0
Cote d'Ivoire,CIV,1963,194639.0
Cote d'Ivoire,CIV,1964,260698.0
Cote d'Ivoire,CIV,1965,202105.0
Cote d'Ivoire,CIV,1966,272566.0
Cote d'Ivoire,CIV,1967,130759.0
Cote d'Ivoire,CIV,1968,287760.0
Cote d'Ivoire,CIV,1969,210124.0
Cote d'Ivoire,CIV,1970,279610.0
Cote d'Ivoire,CIV,1971,239706.0
Cote d'Ivoire,CIV,1972,268836.0
Cote d'Ivoire,CIV,1973,301804.0
Cote d'Ivoire,CIV,1974,195935.0
Cote d'Ivoire,CIV,1975,270400.0
Cote d'Ivoire,CIV,1976,308400.0
Cote d'Ivoire,CIV,1977,291339.0
Cote d'Ivoire,CIV,1978,195565.0
Cote d'Ivoire,CIV,1979,277048.0
Cote d'Ivoire,CIV,1980,249608.0
Cote d'Ivoire,CIV,1981,366839.0
Cote d'Ivoire,CIV,1982,247708.0
Cote d'Ivoire,CIV,1983,270581.0
Cote d'Ivoire,CIV,1984,85203.0
Cote d'Ivoire,CIV,1985,277082.0
Cote d'Ivoire,CIV,1986,265199.0
Cote d'Ivoire,CIV,1987,270130.0
Cote d'Ivoire,CIV,1988,186705.0
Cote d'Ivoire,CIV,1989,221350.0
Cote d'Ivoire,CIV,1990,285164.0
Cote d'Ivoire,CIV,1991,198909.0
Cote d'Ivoire,CIV,1992,257000.0
Cote d'Ivoire,CIV,1993,138937.0
Cote d'Ivoire,CIV,1994,145576.0
Cote d'Ivoire,CIV,1995,194968.0
Cote d'Ivoire,CIV,1996,167786.0
Cote d'Ivoire,CIV,1997,279219.0
Cote d'Ivoire,CIV,1998,311000.0
Cote d'Ivoire,CIV,1999,307331.0
Cote d'Ivoire,CIV,2000,380000.0
Cote d'Ivoire,CIV,2001,301127.0
Cote d'Ivoire,CIV,2002,182001.0
Cote d'Ivoire,CIV,2003,140027.0
Cote d'Ivoire,CIV,2004,154081.0
Cote d'Ivoire,CIV,2005,230000.0
Cote d'Ivoire,CIV,2006,187000.0
Cote d'Ivoire,CIV,2007,170849.0
Cote d'Ivoire,CIV,2008,173118.0
Cote d'Ivoire,CIV,2009,142945.0
Cote d'Ivoire,CIV,2010,94372.0
Cote d'Ivoire,CIV,2011,32291.0
Cote d'Ivoire,CIV,2012,121426.0
Cote d'Ivoire,CIV,2013,103743.0
Cote d'Ivoire,CIV,2014,109913.47
Cote d'Ivoire,CIV,2015,127000.0
Cote d'Ivoire,CIV,2016,106000.0
Cote d'Ivoire,CIV,2017,33600.0
Cote d'Ivoire,CIV,2018,123900.0
Cote d'Ivoire,CIV,2019,95204.0
Cote d'Ivoire,CIV,2020,82366.0
Cote d'Ivoire,CIV,2021,61312.0
Cote d'Ivoire,CIV,2022,89878.0
Cote d'Ivoire,CIV,2023,46975.0
Cote d'Ivoire,CIV,2024,72133.0
Cuba,CUB,1961,37000.0
Cuba,CUB,1962,52206.0
Cuba,CUB,1963,34691.0
Cuba,CUB,1964,32028.0
Cuba,CUB,1965,23880.0
Cuba,CUB,1966,33407.0
Cuba,CUB,1967,34246.0
Cuba,CUB,1968,29246.0
Cuba,CUB,1969,31649.0
Cuba,CUB,1970,19742.0
Cuba,CUB,1971,25987.0
Cuba,CUB,1972,25391.0
Cuba,CUB,1973,21028.0
Cuba,CUB,1974,28795.0
Cuba,CUB,1975,20112.0
Cuba,CUB,1976,27151.0
Cuba,CUB,1977,16826.0
Cuba,CUB,1978,14807.0
Cuba,CUB,1979,22674.0
Cuba,CUB,1980,18973.0
Cuba,CUB,1981,21616.0
Cuba,CUB,1982,28684.0
Cuba,CUB,1983,18410.0
Cuba,CUB,1984,22051.0
Cuba,CUB,1985,23783.0
Cuba,CUB,1986,24509.0
Cuba,CUB,1987,26165.0
Cuba,CUB,1988,28801.0
Cuba,CUB,1989,28920.0
Cuba,CUB,1990,24900.0
Cuba,CUB,1991,22740.0
Cuba,CUB,1992,18720.0
Cuba,CUB,1993,17100.0
Cuba,CUB,1994,17040.0
Cuba,CUB,1995,17100.0
Cuba,CUB,1996,16680.0
Cuba,CUB,1997,19980.0
Cuba,CUB,1998,13500.0
Cuba,CUB,1999,22020.0
Cuba,CUB,2000,16500.0
Cuba,CUB,2001,15720.0
Cuba,CUB,2002,14700.0
Cuba,CUB,2003,15000.0
Cuba,CUB,2004,15240.0
Cuba,CUB,2005,10800.0
Cuba,CUB,2006,8400.0
Cuba,CUB,2007,13500.0
Cuba,CUB,2008,6240.0
Cuba,CUB,2009,7980.0
Cuba,CUB,2010,8430.0
Cuba,CUB,2011,10150.0
Cuba,CUB,2012,7560.0
Cuba,CUB,2013,8944.0
Cuba,CUB,2014,9203.03
Cuba,CUB,2015,7416.54
Cuba,CUB,2016,7539.75
Cuba,CUB,2017,6780.0
Cuba,CUB,2018,7680.0
Cuba,CUB,2019,7800.0
Cuba,CUB,2020,7500.0
Cuba,CUB,2021,9100.0
Cuba,CUB,2022,6252.0
Cuba,CUB,2023,6000.0
Cuba,CUB,2024,6000.0
Democratic Republic of Congo,COD,1961,54000.0
Democratic Republic of Congo,COD,1962,66000.0
Democratic Republic of Congo,COD,1963,66000.0
Democratic Republic of Congo,COD,1964,57000.0
Democratic Republic of Congo,COD,1965,58500.0
Democratic Republic of Congo,COD,1966,54000.0
Democratic Republic of Congo,COD,1967,60000.0
Democratic Republic of Congo,COD,1968,63300.0
Democratic Republic of Congo,COD,1969,68000.0
Democratic Republic of Congo,COD,1970,69600.0
Democratic Republic of Congo,COD,1971,74600.0
Democratic Republic of Congo,COD,1972,79200.0
Democratic Republic of Congo,COD,1973,77700.0
Democratic Republic of Congo,COD,1974,77100.0
Democratic Republic of Congo,COD,1975,82500.0
Democratic Republic of Congo,COD,1976,91100.0
Democratic Republic of Congo,COD,1977,88500.0
Democratic Republic of Congo,COD,1978,85600.0
Democratic Republic of Congo,COD,1979,86700.0
Democratic Republic of Congo,COD,1980,89000.0
Democratic Republic of Congo,COD,1981,93400.0
Democratic Republic of Congo,COD,1982,93400.0
Democratic Republic of Congo,COD,1983,84200.0
Democratic Republic of Congo,COD,1984,92700.0
Democratic Republic of Congo,COD,1985,91600.0
Democratic Republic of Congo,COD,1986,95000.0
Democratic Republic of Congo,COD,1987,97200.0
Democratic Republic of Congo,COD,1988,103080.0
Democratic Republic of Congo,COD,1989,94740.0
Democratic Republic of Congo,COD,1990,101594.0
Democratic Republic of Congo,COD,1991,95000.0
Democratic Republic of Congo,COD,1992,92400.0
Democratic Republic of Congo,COD,1993,90109.0
Democratic Republic of Congo,COD,1994,88346.0
Democratic Republic of Congo,COD,1995,84714.0
Democratic Republic of Congo,COD,1996,73975.0
Democratic Republic of Congo,COD,1997,70299.0
Democratic Republic of Congo,COD,1998,55991.0
Democratic Republic of Congo,COD,1999,48605.0
Democratic Republic of Congo,COD,2000,46767.0
Democratic Republic of Congo,COD,2001,34723.0
Democratic Republic of Congo,COD,2002,32080.0
Democratic Republic of Congo,COD,2003,32050.0
Democratic Republic of Congo,COD,2004,32020.0
Democratic Republic of Congo,COD,2005,31990.0
Democratic Republic of Congo,COD,2006,31960.0
Democratic Republic of Congo,COD,2007,31930.0
Democratic Republic of Congo,COD,2008,31900.0
Democratic Republic of Congo,COD,2009,31870.0
Democratic Republic of Congo,COD,2010,31840.0
Democratic Republic of Congo,COD,2011,31810.0
Democratic Republic of Congo,COD,2012,31561.74
Democratic Republic of Congo,COD,2013,29700.71
Democratic Republic of Congo,COD,2014,28233.0
Democratic Republic of Congo,COD,2015,30999.41
Democratic Republic of Congo,COD,2016,29644.37
Democratic Republic of Congo,COD,2017,40342.18
Democratic Republic of Congo,COD,2018,51485.0
Democratic Republic of Congo,COD,2019,52940.0
Democratic Republic of Congo,COD,2020,53303.0
Democratic Republic of Congo,COD,2021,54159.65
Democratic Republic of Congo,COD,2022,58817.48
Democratic Republic of Congo,COD,2023,62405.41
Democratic Republic of Congo,COD,2024,65701.24
Dominica,DMA,1961,0.0
Dominica,DMA,1962,0.0
Dominica,DMA,1963,0.0
Dominica,DMA,1964,0.0
Dominica,DMA,1965,0.0
Dominica,DMA,1966,0.0
Dominica,DMA,1967,0.0
Dominica,DMA,1968,0.0
Dominica,DMA,1969,0.0
Dominica,DMA,1970,0.0
Dominica,DMA,1971,0.0
Dominica,DMA,1972,0.0
Dominica,DMA,1973,0.0
Dominica,DMA,1974,0.0
Dominica,DMA,1975,0.0
Dominica,DMA,1976,0.0
Dominica,DMA,1977,0.0
Dominica,DMA,1978,0.0
Dominica,DMA,1979,171.0
Dominica,DMA,1980,164.0
Dominica,DMA,1981,168.0
Dominica,DMA,1982,171.0
Dominica,DMA,1983,175.0
Dominica,DMA,1984,187.0
Dominica,DMA,1985,192.0
Dominica,DMA,1986,195.0
Dominica,DMA,1987,192.0
Dominica,DMA,1988,196.0
Dominica,DMA,1989,193.0
Dominica,DMA,1990,178.0
Dominica,DMA,1991,205.0
Dominica,DMA,1992,204.0
Dominica,DMA,1993,340.0
Dominica,DMA,1994,350.0
Dominica,DMA,1995,348.79
Dominica,DMA,1996,360.0
Dominica,DMA,1997,359.62
Dominica,DMA,1998,362.38
Dominica,DMA,1999,370.0
Dominica,DMA,2000,307.71
Dominica,DMA,2001,289.72
Dominica,DMA,2002,271.73
Dominica,DMA,2003,253.74
Dominica,DMA,2004,235.76
Dominica,DMA,2005,217.8
Dominica,DMA,2006,199.84
Dominica,DMA,2007,82.0
Dominica,DMA,2008,67.0
Dominica,DMA,2009,58.0
Dominica,DMA,2010,45.0
Dominica,DMA,2011,498.0
Dominica,DMA,2012,370.81
Dominica,DMA,2013,370.55
Dominica,DMA,2014,370.3
Dominica,DMA,2015,370.1
Dominica,DMA,2016,369.63
Dominica,DMA,2017,369.36
Dominica,DMA,2018,369.7
Dominica,DMA,2019,353.64
Dominica,DMA,2020,364.23
Dominica,DMA,2021,362.53
Dominica,DMA,2022,360.13
Dominica,DMA,2023,362.3
Dominica,DMA,2024,361.65
Dominican Republic,DOM,1961,36210.0
Dominican Republic,DOM,1962,45968.0
Dominican Republic,DOM,1963,44783.0
Dominican Republic,DOM,1964,51974.0
Dominican Republic,DOM,1965,43072.0
Dominican Republic,DOM,1966,44535.0
Dominican Republic,DOM,1967,42400.0
Dominican Republic,DOM,1968,44500.0
Dominican Republic,DOM,1969,43550.0
Dominican Republic,DOM,1970,42494.0
Dominican Republic,DOM,1971,45000.0
Dominican Republic,DOM,1972,45300.0
Dominican Republic,DOM,1973,58682.0
Dominican Republic,DOM,1974,54311.0
Dominican Republic,DOM,1975,51855.0
Dominican Republic,DOM,1976,56997.0
Dominican Republic,DOM,1977,60208.0
Dominican Republic,DOM,1978,43405.0
Dominican Republic,DOM,1979,60391.0
Dominican Republic,DOM,1980,60091.0
Dominican Republic,DOM,1981,52206.0
Dominican Republic,DOM,1982,63493.0
Dominican Republic,DOM,1983,68027.0
Dominican Republic,DOM,1984,72109.0
Dominican Republic,DOM,1985,71965.0
Dominican Republic,DOM,1986,68504.0
Dominican Republic,DOM,1987,67134.0
Dominican Republic,DOM,1988,67939.0
Dominican Republic,DOM,1989,64611.0
Dominican Republic,DOM,1990,59377.0
Dominican Republic,DOM,1991,55222.0
Dominican Republic,DOM,1992,42464.0
Dominican Republic,DOM,1993,37744.0
Dominican Republic,DOM,1994,32715.23
Dominican Republic,DOM,1995,42407.33
Dominican Republic,DOM,1996,47895.31
Dominican Republic,DOM,1997,33997.01
Dominican Republic,DOM,1998,56943.0
Dominican Republic,DOM,1999,34609.0
Dominican Republic,DOM,2000,45546.0
Dominican Republic,DOM,2001,35476.0
Dominican Republic,DOM,2002,37330.0
Dominican Republic,DOM,2003,36929.0
Dominican Republic,DOM,2004,35421.0
Dominican Republic,DOM,2005,40303.0
Dominican Republic,DOM,2006,41352.17
Dominican Republic,DOM,2007,41231.97
Dominican Republic,DOM,2008,35582.42
Dominican Republic,DOM,2009,37950.0
Dominican Republic,DOM,2010,21876.0
Dominican Republic,DOM,2011,22679.85
Dominican Republic,DOM,2012,27009.0
Dominican Republic,DOM,2013,18552.12
Dominican Republic,DOM,2014,13213.28
Dominican Republic,DOM,2015,9888.42
Dominican Republic,DOM,2016,11470.58
Dominican Republic,DOM,2017,15241.0
Dominican Republic,DOM,2018,18416.04
Dominican Republic,DOM,2019,13873.31
Dominican Republic,DOM,2020,15380.93
Dominican Republic,DOM,2021,16558.97
Dominican Republic,DOM,2022,20577.02
Dominican Republic,DOM,2023,27397.26
Dominican Republic,DOM,2024,24838.0
East Timor,TLS,1961,1700.0
East Timor,TLS,1962,2127.0
East Timor,TLS,1963,2453.0
East Timor,TLS,1964,2378.0
East Timor,TLS,1965,2806.0
East Timor,TLS,1966,2088.0
East Timor,TLS,1967,6602.0
East Timor,TLS,1968,1023.0
East Timor,TLS,1969,5025.0
East Timor,TLS,1970,4906.0
East Timor,TLS,1971,5275.0
East Timor,TLS,1972,4701.0
East Timor,TLS,1973,5355.0
East Timor,TLS,1974,4500.0
East Timor,TLS,1975,4500.0
East Timor,TLS,1976,6000.0
East Timor,TLS,1977,8500.0
East Timor,TLS,1978,8500.0
East Timor,TLS,1979,8000.0
East Timor,TLS,1980,8000.0
East Timor,TLS,1981,8000.0
East Timor,TLS,1982,8000.0
East Timor,TLS,1983,8000.0
East Timor,TLS,1984,8000.0
East Timor,TLS,1985,8000.0
East Timor,TLS,1986,8000.0
East Timor,TLS,1987,8000.0
East Timor,TLS,1988,8000.0
East Timor,TLS,1989,8000.0
East Timor,TLS,1990,8631.0
East Timor,TLS,1991,8538.26
East Timor,TLS,1992,7734.0
East Timor,TLS,1993,8000.0
East Timor,TLS,1994,9000.0
East Timor,TLS,1995,10000.0
East Timor,TLS,1996,10987.0
East Timor,TLS,1997,9723.0
East Timor,TLS,1998,11000.0
East Timor,TLS,1999,12000.0
East Timor,TLS,2000,13000.0
East Timor,TLS,2001,14134.0
East Timor,TLS,2002,14000.0
East Timor,TLS,2003,12000.0
East Timor,TLS,2004,14500.0
East Timor,TLS,2005,14500.0
East Timor,TLS,2006,14000.0
East Timor,TLS,2007,14000.0
East Timor,TLS,2008,14009.0
East Timor,TLS,2009,10122.0
East Timor,TLS,2010,12653.0
East Timor,TLS,2011,8320.0
East Timor,TLS,2012,3660.0
East Timor,TLS,2013,4800.0
East Timor,TLS,2014,6660.0
East Timor,TLS,2015,3540.0
East Timor,TLS,2016,4920.0
East Timor,TLS,2017,3900.0
East Timor,TLS,2018,8340.0
East Timor,TLS,2019,6180.0
East Timor,TLS,2020,9088.23
East Timor,TLS,2021,13313.98
East Timor,TLS,2022,11571.53
East Timor,TLS,2023,9637.22
East Timor,TLS,2024,9522.52
Eastern Africa (FAO),,1961,362367.0
Eastern Africa (FAO),,1962,433999.0
Eastern Africa (FAO),,1963,452557.0
Eastern Africa (FAO),,1964,525285.0
Eastern Africa (FAO),,1965,477497.0
Eastern Africa (FAO),,1966,513307.0
Eastern Africa (FAO),,1967,523297.0
Eastern Africa (FAO),,1968,484641.0
Eastern Africa (FAO),,1969,608589.0
Eastern Africa (FAO),,1970,580884.0
Eastern Africa (FAO),,1971,566934.0
Eastern Africa (FAO),,1972,562532.0
Eastern Africa (FAO),,1973,631174.0
Eastern Africa (FAO),,1974,609498.0
Eastern Africa (FAO),,1975,622260.0
Eastern Africa (FAO),,1976,566589.0
Eastern Africa (FAO),,1977,634278.0
Eastern Africa (FAO),,1978,577015.0
Eastern Africa (FAO),,1979,555363.0
Eastern Africa (FAO),,1980,590281.0
Eastern Africa (FAO),,1981,629740.0
Eastern Africa (FAO),,1982,641309.0
Eastern Africa (FAO),,1983,605083.0
Eastern Africa (FAO),,1984,621489.0
Eastern Africa (FAO),,1985,608892.0
Eastern Africa (FAO),,1986,688344.0
Eastern Africa (FAO),,1987,693514.0
Eastern Africa (FAO),,1988,695394.0
Eastern Africa (FAO),,1989,708951.0
Eastern Africa (FAO),,1990,664597.0
Eastern Africa (FAO),,1991,664956.0
Eastern Africa (FAO),,1992,639324.0
Eastern Africa (FAO),,1993,598129.1
Eastern Africa (FAO),,1994,648923.9
Eastern Africa (FAO),,1995,679829.7
Eastern Africa (FAO),,1996,797452.0
Eastern Africa (FAO),,1997,666769.44
Eastern Africa (FAO),,1998,635360.0
Eastern Africa (FAO),,1999,714931.94
Eastern Africa (FAO),,2000,679350.0
Eastern Africa (FAO),,2001,636830.44
Eastern Africa (FAO),,2002,767665.3
Eastern Africa (FAO),,2003,524609.5
Eastern Africa (FAO),,2004,753554.1
Eastern Africa (FAO),,2005,591871.6
Eastern Africa (FAO),,2006,702446.8
Eastern Africa (FAO),,2007,661635.6
Eastern Africa (FAO),,2008,745240.7
Eastern Africa (FAO),,2009,689844.75
Eastern Africa (FAO),,2010,800056.75
Eastern Africa (FAO),,2011,862597.0
Eastern Africa (FAO),,2012,865394.06
Eastern Africa (FAO),,2013,833408.56
Eastern Africa (FAO),,2014,878605.8
Eastern Africa (FAO),,2015,919452.8
Eastern Africa (FAO),,2016,953933.6
Eastern Africa (FAO),,2017,1064236.2
Eastern Africa (FAO),,2018,1073238.9
Eastern Africa (FAO),,2019,1130809.2
Eastern Africa (FAO),,2020,1132504.9
Eastern Africa (FAO),,2021,1211995.5
Eastern Africa (FAO),,2022,1272746.5
Eastern Africa (FAO),,2023,1245259.0
Eastern Africa (FAO),,2024,1200451.4
Eastern Asia (FAO),,1961,1612.0
Eastern Asia (FAO),,1962,1756.0
Eastern Asia (FAO),,1963,2042.0
Eastern Asia (FAO),,1964,2346.0
Eastern Asia (FAO),,1965,2577.0
Eastern Asia (FAO),,1966,3236.0
Eastern Asia (FAO),,1967,3566.0
Eastern Asia (FAO),,1968,3540.0
Eastern Asia (FAO),,1969,3748.0
Eastern Asia (FAO),,1970,3836.0
Eastern Asia (FAO),,1971,3934.0
Eastern Asia (FAO),,1972,5029.0
Eastern Asia (FAO),,1973,6017.0
Eastern Asia (FAO),,1974,6068.0
Eastern Asia (FAO),,1975,4066.0
Eastern Asia (FAO),,1976,4009.0
Eastern Asia (FAO),,1977,4052.0
Eastern Asia (FAO),,1978,4047.0
Eastern Asia (FAO),,1979,5036.0
Eastern Asia (FAO),,1980,5051.0
Eastern Asia (FAO),,1981,6052.0
Eastern Asia (FAO),,1982,6054.0
Eastern Asia (FAO),,1983,6000.0
Eastern Asia (FAO),,1984,9000.0
Eastern Asia (FAO),,1985,7000.0
Eastern Asia (FAO),,1986,7700.0
Eastern Asia (FAO),,1987,8600.0
Eastern Asia (FAO),,1988,10000.0
Eastern Asia (FAO),,1989,8000.0
Eastern Asia (FAO),,1990,6300.0
Eastern Asia (FAO),,1991,3500.0
Eastern Asia (FAO),,1992,3800.0
Eastern Asia (FAO),,1993,4000.0
Eastern Asia (FAO),,1994,3250.0
Eastern Asia (FAO),,1995,3196.0
Eastern Asia (FAO),,1996,3023.0
Eastern Asia (FAO),,1997,3573.0
Eastern Asia (FAO),,1998,6237.0
Eastern Asia (FAO),,1999,8743.0
Eastern Asia (FAO),,2000,11568.0
Eastern Asia (FAO),,2001,17202.0
Eastern Asia (FAO),,2002,19456.0
Eastern Asia (FAO),,2003,23144.0
Eastern Asia (FAO),,2004,21659.0
Eastern Asia (FAO),,2005,21919.0
Eastern Asia (FAO),,2006,25655.0
Eastern Asia (FAO),,2007,26000.0
Eastern Asia (FAO),,2008,33278.0
Eastern Asia (FAO),,2009,70405.0
Eastern Asia (FAO),,2010,49596.0
Eastern Asia (FAO),,2011,65384.0
Eastern Asia (FAO),,2012,92064.0
Eastern Asia (FAO),,2013,116826.0
Eastern Asia (FAO),,2014,127585.93
Eastern Asia (FAO),,2015,115896.76
Eastern Asia (FAO),,2016,114186.44
Eastern Asia (FAO),,2017,115110.14
Eastern Asia (FAO),,2018,116519.0
Eastern Asia (FAO),,2019,121012.0
Eastern Asia (FAO),,2020,114970.0
Eastern Asia (FAO),,2021,108906.0
Eastern Asia (FAO),,2022,108980.0
Eastern Asia (FAO),,2023,108956.0
Eastern Asia (FAO),,2024,114951.29
Ecuador,ECU,1961,53500.0
Ecuador,ECU,1962,55500.0
Ecuador,ECU,1963,42800.0
Ecuador,ECU,1964,47000.0
Ecuador,ECU,1965,66200.0
Ecuador,ECU,1966,57222.0
Ecuador,ECU,1967,61731.0
Ecuador,ECU,1968,60493.0
Ecuador,ECU,1969,44345.0
Ecuador,ECU,1970,72053.0
Ecuador,ECU,1971,62252.0
Ecuador,ECU,1972,71385.0
Ecuador,ECU,1973,74980.0
Ecuador,ECU,1974,69638.0
Ecuador,ECU,1975,76437.0
Ecuador,ECU,1976,87101.0
Ecuador,ECU,1977,82680.0
Ecuador,ECU,1978,75447.0
Ecuador,ECU,1979,89728.0
Ecuador,ECU,1980,69445.0
Ecuador,ECU,1981,86085.0
Ecuador,ECU,1982,83938.0
Ecuador,ECU,1983,81075.0
Ecuador,ECU,1984,97258.0
Ecuador,ECU,1985,120861.0
Ecuador,ECU,1986,118000.0
Ecuador,ECU,1987,111720.0
Ecuador,ECU,1988,144401.0
Ecuador,ECU,1989,129309.0
Ecuador,ECU,1990,134980.0
Ecuador,ECU,1991,116917.0
Ecuador,ECU,1992,137671.0
Ecuador,ECU,1993,137004.0
Ecuador,ECU,1994,186797.0
Ecuador,ECU,1995,148205.0
Ecuador,ECU,1996,168919.0
Ecuador,ECU,1997,173868.0
Ecuador,ECU,1998,48190.0
Ecuador,ECU,1999,132939.0
Ecuador,ECU,2000,27606.0
Ecuador,ECU,2001,164790.0
Ecuador,ECU,2002,23325.0
Ecuador,ECU,2003,23579.0
Ecuador,ECU,2004,27932.0
Ecuador,ECU,2005,40805.0
Ecuador,ECU,2006,31461.0
Ecuador,ECU,2007,38687.0
Ecuador,ECU,2008,32096.0
Ecuador,ECU,2009,33624.0
Ecuador,ECU,2010,31347.0
Ecuador,ECU,2011,23829.0
Ecuador,ECU,2012,7340.03
Ecuador,ECU,2013,7760.0
Ecuador,ECU,2014,4224.53
Ecuador,ECU,2015,5297.44
Ecuador,ECU,2016,3904.53
Ecuador,ECU,2017,7564.0
Ecuador,ECU,2018,5065.0
Ecuador,ECU,2019,8140.98
Ecuador,ECU,2020,5280.29
Ecuador,ECU,2021,4916.87
Ecuador,ECU,2022,7965.97
Ecuador,ECU,2023,5584.19
Ecuador,ECU,2024,5465.05
El Salvador,SLV,1961,122500.0
El Salvador,SLV,1962,98300.0
El Salvador,SLV,1963,122700.0
El Salvador,SLV,1964,123100.0
El Salvador,SLV,1965,109200.0
El Salvador,SLV,1966,123100.0
El Salvador,SLV,1967,144800.0
El Salvador,SLV,1968,123800.0
El Salvador,SLV,1969,143980.0
El Salvador,SLV,1970,129490.0
El Salvador,SLV,1971,144624.0
El Salvador,SLV,1972,147476.0
El Salvador,SLV,1973,126500.0
El Salvador,SLV,1974,159436.0
El Salvador,SLV,1975,161415.0
El Salvador,SLV,1976,138690.0
El Salvador,SLV,1977,147465.0
El Salvador,SLV,1978,158490.0
El Salvador,SLV,1979,185625.0
El Salvador,SLV,1980,184230.0
El Salvador,SLV,1981,180000.0
El Salvador,SLV,1982,174616.0
El Salvador,SLV,1983,154560.0
El Salvador,SLV,1984,163852.0
El Salvador,SLV,1985,148810.0
El Salvador,SLV,1986,138184.0
El Salvador,SLV,1987,147890.0
El Salvador,SLV,1988,120290.0
El Salvador,SLV,1989,121900.0
El Salvador,SLV,1990,147200.0
El Salvador,SLV,1991,149450.0
El Salvador,SLV,1992,175720.0
El Salvador,SLV,1993,140576.0
El Salvador,SLV,1994,140534.0
El Salvador,SLV,1995,139513.0
El Salvador,SLV,1996,148859.0
El Salvador,SLV,1997,124239.0
El Salvador,SLV,1998,117214.0
El Salvador,SLV,1999,160782.0
El Salvador,SLV,2000,114087.0
El Salvador,SLV,2001,112201.0
El Salvador,SLV,2002,91513.0
El Salvador,SLV,2003,81157.0
El Salvador,SLV,2004,83088.0
El Salvador,SLV,2005,87963.0
El Salvador,SLV,2006,85350.0
El Salvador,SLV,2007,96355.0
El Salvador,SLV,2008,97727.0
El Salvador,SLV,2009,76591.0
El Salvador,SLV,2010,112636.0
El Salvador,SLV,2011,82095.0
El Salvador,SLV,2012,89489.0
El Salvador,SLV,2013,32864.0
El Salvador,SLV,2014,41965.0
El Salvador,SLV,2015,35682.0
El Salvador,SLV,2016,38636.0
El Salvador,SLV,2017,41141.36
El Salvador,SLV,2018,43318.8
El Salvador,SLV,2019,33640.91
El Salvador,SLV,2020,35000.0
El Salvador,SLV,2021,41910.91
El Salvador,SLV,2022,41866.0
El Salvador,SLV,2023,32570.72
El Salvador,SLV,2024,28487.64
Equatorial Guinea,GNQ,1961,6600.0
Equatorial Guinea,GNQ,1962,8100.0
Equatorial Guinea,GNQ,1963,6700.0
Equatorial Guinea,GNQ,1964,8235.0
Equatorial Guinea,GNQ,1965,6664.0
Equatorial Guinea,GNQ,1966,6400.0
Equatorial Guinea,GNQ,1967,8700.0
Equatorial Guinea,GNQ,1968,7500.0
Equatorial Guinea,GNQ,1969,7200.0
Equatorial Guinea,GNQ,1970,7200.0
Equatorial Guinea,GNQ,1971,6900.0
Equatorial Guinea,GNQ,1972,6900.0
Equatorial Guinea,GNQ,1973,6300.0
Equatorial Guinea,GNQ,1974,6600.0
Equatorial Guinea,GNQ,1975,5400.0
Equatorial Guinea,GNQ,1976,5400.0
Equatorial Guinea,GNQ,1977,4800.0
Equatorial Guinea,GNQ,1978,5400.0
Equatorial Guinea,GNQ,1979,6000.0
Equatorial Guinea,GNQ,1980,6000.0
Equatorial Guinea,GNQ,1981,6600.0
Equatorial Guinea,GNQ,1982,6700.0
Equatorial Guinea,GNQ,1983,6700.0
Equatorial Guinea,GNQ,1984,6800.0
Equatorial Guinea,GNQ,1985,7000.0
Equatorial Guinea,GNQ,1986,7000.0
Equatorial Guinea,GNQ,1987,7000.0
Equatorial Guinea,GNQ,1988,7000.0
Equatorial Guinea,GNQ,1989,7000.0
Equatorial Guinea,GNQ,1990,6500.0
Equatorial Guinea,GNQ,1991,6000.0
Equatorial Guinea,GNQ,1992,5500.0
Equatorial Guinea,GNQ,1993,5329.48
Equatorial Guinea,GNQ,1994,5000.0
Equatorial Guinea,GNQ,1995,4500.0
Equatorial Guinea,GNQ,1996,5000.0
Equatorial Guinea,GNQ,1997,5000.0
Equatorial Guinea,GNQ,1998,5000.0
Equatorial Guinea,GNQ,1999,3500.0
Equatorial Guinea,GNQ,2000,5000.0
Equatorial Guinea,GNQ,2001,5000.0
Equatorial Guinea,GNQ,2002,5000.0
Equatorial Guinea,GNQ,2003,5000.0
Equatorial Guinea,GNQ,2004,4000.0
Equatorial Guinea,GNQ,2005,4000.0
Equatorial Guinea,GNQ,2006,4500.0
Equatorial Guinea,GNQ,2007,4397.59
Equatorial Guinea,GNQ,2008,4299.55
Equatorial Guinea,GNQ,2009,4000.0
Equatorial Guinea,GNQ,2010,4250.71
Equatorial Guinea,GNQ,2011,4342.63
Equatorial Guinea,GNQ,2012,4594.72
Equatorial Guinea,GNQ,2013,4401.74
Equatorial Guinea,GNQ,2014,4385.48
Equatorial Guinea,GNQ,2015,4254.38
Equatorial Guinea,GNQ,2016,4174.11
Equatorial Guinea,GNQ,2017,4134.3
Equatorial Guinea,GNQ,2018,4113.44
Equatorial Guinea,GNQ,2019,4094.87
Equatorial Guinea,GNQ,2020,4056.41
Equatorial Guinea,GNQ,2021,4062.25
Equatorial Guinea,GNQ,2022,4076.41
Equatorial Guinea,GNQ,2023,4055.45
Equatorial Guinea,GNQ,2024,4034.35
Ethiopia,ETH,1993,180000.0
Ethiopia,ETH,1994,207000.0
Ethiopia,ETH,1995,229980.0
Ethiopia,ETH,1996,229980.0
Ethiopia,ETH,1997,228000.0
Ethiopia,ETH,1998,229980.0
Ethiopia,ETH,1999,217450.0
Ethiopia,ETH,2000,229980.0
Ethiopia,ETH,2001,157155.0
Ethiopia,ETH,2002,160000.0
Ethiopia,ETH,2003,126188.0
Ethiopia,ETH,2004,156170.0
Ethiopia,ETH,2005,171631.0
Ethiopia,ETH,2006,241482.0
Ethiopia,ETH,2007,273400.0
Ethiopia,ETH,2008,260239.0
Ethiopia,ETH,2009,265469.0
Ethiopia,ETH,2010,370569.0
Ethiopia,ETH,2011,442270.0
Ethiopia,ETH,2012,449740.0
Ethiopia,ETH,2013,392006.0
Ethiopia,ETH,2014,467860.0
Ethiopia,ETH,2015,501240.0
Ethiopia,ETH,2016,494819.0
Ethiopia,ETH,2017,549531.0
Ethiopia,ETH,2018,573986.0
Ethiopia,ETH,2019,573580.0
Ethiopia,ETH,2020,584789.56
Ethiopia,ETH,2021,590400.0
Ethiopia,ETH,2022,545566.4
Ethiopia,ETH,2023,559400.0
Ethiopia,ETH,2024,575696.2
Ethiopia (former),OWID_ERE,1961,127400.0
Ethiopia (former),OWID_ERE,1962,132700.0
Ethiopia (former),OWID_ERE,1963,139100.0
Ethiopia (former),OWID_ERE,1964,170400.0
Ethiopia (former),OWID_ERE,1965,140000.0
Ethiopia (former),OWID_ERE,1966,140000.0
Ethiopia (former),OWID_ERE,1967,155000.0
Ethiopia (former),OWID_ERE,1968,160000.0
Ethiopia (former),OWID_ERE,1969,165000.0
Ethiopia (former),OWID_ERE,1970,170000.0
Ethiopia (former),OWID_ERE,1971,182200.0
Ethiopia (former),OWID_ERE,1972,163500.0
Ethiopia (former),OWID_ERE,1973,180080.0
Ethiopia (former),OWID_ERE,1974,153400.0
Ethiopia (former),OWID_ERE,1975,171000.0
Ethiopia (former),OWID_ERE,1976,178600.0
Ethiopia (former),OWID_ERE,1977,191400.0
Ethiopia (former),OWID_ERE,1978,190000.0
Ethiopia (former),OWID_ERE,1979,188000.0
Ethiopia (former),OWID_ERE,1980,187200.0
Ethiopia (former),OWID_ERE,1981,202000.0
Ethiopia (former),OWID_ERE,1982,202000.0
Ethiopia (former),OWID_ERE,1983,157824.0
Ethiopia (former),OWID_ERE,1984,145306.0
Ethiopia (former),OWID_ERE,1985,155200.0
Ethiopia (former),OWID_ERE,1986,186000.0
Ethiopia (former),OWID_ERE,1987,186000.0
Ethiopia (former),OWID_ERE,1988,190000.0
Ethiopia (former),OWID_ERE,1989,200000.0
Ethiopia (former),OWID_ERE,1990,204000.0
Ethiopia (former),OWID_ERE,1991,210000.0
Ethiopia (former),OWID_ERE,1992,216000.0
Europe,OWID_EUR,1961,5.0
Europe,OWID_EUR,1962,5.0
Europe,OWID_EUR,1963,5.0
Europe,OWID_EUR,1964,5.0
Europe,OWID_EUR,1965,6.0
Europe,OWID_EUR,1966,8.0
Europe,OWID_EUR,1967,8.0
Europe,OWID_EUR,1968,8.0
Europe,OWID_EUR,1969,7.0
Europe,OWID_EUR,1970,8.0
Europe,OWID_EUR,1971,6.0
Europe,OWID_EUR,1972,0.0
Europe,OWID_EUR,1973,6.0
Europe,OWID_EUR,1974,6.0
Europe,OWID_EUR,1975,8.0
Europe,OWID_EUR,1976,8.0
Europe,OWID_EUR,1977,8.0
Europe,OWID_EUR,1978,9.0
Europe,OWID_EUR,1979,9.0
Europe,OWID_EUR,1980,9.0
Europe,OWID_EUR,1981,4.0
Europe,OWID_EUR,1982,0.0
Europe,OWID_EUR,1983,0.0
Europe,OWID_EUR,1984,0.0
Europe,OWID_EUR,1985,0.0
Europe,OWID_EUR,1986,0.0
Europe,OWID_EUR,1987,11.0
Europe,OWID_EUR,1988,13.0
Europe,OWID_EUR,1989,14.0
Europe,OWID_EUR,1990,9.0
Europe,OWID_EUR,1991,7.0
Europe,OWID_EUR,1992,5.0
Europe,OWID_EUR,1993,5.0
Europe,OWID_EUR,1994,5.0
Europe (FAO),,1961,5.0
Europe (FAO),,1962,5.0
Europe (FAO),,1963,5.0
Europe (FAO),,1964,5.0
Europe (FAO),,1965,6.0
Europe (FAO),,1966,8.0
Europe (FAO),,1967,8.0
Europe (FAO),,1968,8.0
Europe (FAO),,1969,7.0
Europe (FAO),,1970,8.0
Europe (FAO),,1971,6.0
Europe (FAO),,1972,0.0
Europe (FAO),,1973,6.0
Europe (FAO),,1974,6.0
Europe (FAO),,1975,8.0
Europe (FAO),,1976,8.0
Europe (FAO),,1977,8.0
Europe (FAO),,1978,9.0
Europe (FAO),,1979,9.0
Europe (FAO),,1980,9.0
Europe (FAO),,1981,4.0
Europe (FAO),,1982,0.0
Europe (FAO),,1983,0.0
Europe (FAO),,1984,0.0
Europe (FAO),,1985,0.0
Europe (FAO),,1986,0.0
Europe (FAO),,1987,11.0
Europe (FAO),,1988,13.0
Europe (FAO),,1989,14.0
Europe (FAO),,1990,9.0
Europe (FAO),,1991,7.0
Europe (FAO),,1992,5.0
Europe (FAO),,1993,5.0
Europe (FAO),,1994,5.0
European Union (27),OWID_EU27,1961,5.0
European Union (27),OWID_EU27,1962,5.0
European Union (27),OWID_EU27,1963,5.0
European Union (27),OWID_EU27,1964,5.0
European Union (27),OWID_EU27,1965,6.0
European Union (27),OWID_EU27,1966,8.0
European Union (27),OWID_EU27,1967,8.0
European Union (27),OWID_EU27,1968,8.0
European Union (27),OWID_EU27,1969,7.0
European Union (27),OWID_EU27,1970,8.0
European Union (27),OWID_EU27,1971,6.0
European Union (27),OWID_EU27,1972,0.0
European Union (27),OWID_EU27,1973,6.0
European Union (27),OWID_EU27,1974,6.0
European Union (27),OWID_EU27,1975,8.0
European Union (27),OWID_EU27,1976,8.0
European Union (27),OWID_EU27,1977,8.0
European Union (27),OWID_EU27,1978,9.0
European Union (27),OWID_EU27,1979,9.0
European Union (27),OWID_EU27,1980,9.0
European Union (27),OWID_EU27,1981,4.0
European Union (27),OWID_EU27,1982,0.0
European Union (27),OWID_EU27,1983,0.0
European Union (27),OWID_EU27,1984,0.0
European Union (27),OWID_EU27,1985,0.0
European Union (27),OWID_EU27,1986,0.0
European Union (27),OWID_EU27,1987,11.0
European Union (27),OWID_EU27,1988,13.0
European Union (27),OWID_EU27,1989,14.0
European Union (27),OWID_EU27,1990,9.0
European Union (27),OWID_EU27,1991,7.0
European Union (27),OWID_EU27,1992,5.0
European Union (27),OWID_EU27,1993,5.0
European Union (27),OWID_EU27,1994,5.0
Fiji,FJI,1961,0.0
Fiji,FJI,1962,1.0
Fiji,FJI,1963,1.0
Fiji,FJI,1964,1.0
Fiji,FJI,1965,1.0
Fiji,FJI,1966,2.0
Fiji,FJI,1967,5.0
Fiji,FJI,1968,8.0
Fiji,FJI,1969,11.0
Fiji,FJI,1970,11.0
Fiji,FJI,1971,13.0
Fiji,FJI,1972,13.0
Fiji,FJI,1973,13.0
Fiji,FJI,1974,13.0
Fiji,FJI,1975,15.0
Fiji,FJI,1976,15.0
Fiji,FJI,1977,15.0
Fiji,FJI,1978,20.0
Fiji,FJI,1979,20.0
Fiji,FJI,1980,20.0
Fiji,FJI,1981,20.0
Fiji,FJI,1982,30.0
Fiji,FJI,1983,40.0
Fiji,FJI,1984,30.0
Fiji,FJI,1985,40.0
Fiji,FJI,1986,45.0
Fiji,FJI,1987,30.0
Fiji,FJI,1988,63.0
Fiji,FJI,1989,97.0
Fiji,FJI,1990,660.0
Fiji,FJI,1991,354.0
Fiji,FJI,1992,226.0
Fiji,FJI,1993,176.0
Fiji,FJI,1994,11.0
Fiji,FJI,1995,10.0
Fiji,FJI,1996,10.48
Fiji,FJI,1997,11.02
Fiji,FJI,1998,10.85
Fiji,FJI,1999,10.62
Fiji,FJI,2000,15.0
Fiji,FJI,2001,16.15
Fiji,FJI,2002,15.0
Fiji,FJI,2003,15.1
Fiji,FJI,2004,15.01
Fiji,FJI,2005,15.0
Fiji,FJI,2006,14.43
Fiji,FJI,2007,14.76
Fiji,FJI,2008,14.85
Fiji,FJI,2009,15.0
Fiji,FJI,2010,15.15
Fiji,FJI,2011,16.47
Fiji,FJI,2012,17.83
Fiji,FJI,2013,20.0
Fiji,FJI,2014,21.14
Fiji,FJI,2015,7.76
Fiji,FJI,2016,16.3
Fiji,FJI,2017,15.07
Fiji,FJI,2018,13.04
Fiji,FJI,2019,14.8
Fiji,FJI,2020,14.3
Fiji,FJI,2021,14.05
Fiji,FJI,2022,14.38
Fiji,FJI,2023,14.25
Fiji,FJI,2024,14.23
French Polynesia,PYF,1961,113.0
French Polynesia,PYF,1962,271.0
French Polynesia,PYF,1963,141.0
French Polynesia,PYF,1964,200.0
French Polynesia,PYF,1965,89.0
French Polynesia,PYF,1966,173.0
French Polynesia,PYF,1967,126.0
French Polynesia,PYF,1968,190.0
French Polynesia,PYF,1969,145.0
French Polynesia,PYF,1970,102.0
French Polynesia,PYF,1971,110.0
French Polynesia,PYF,1972,110.0
French Polynesia,PYF,1973,120.0
French Polynesia,PYF,1974,130.0
French Polynesia,PYF,1975,160.0
French Polynesia,PYF,1976,102.0
French Polynesia,PYF,1977,84.0
French Polynesia,PYF,1978,125.0
French Polynesia,PYF,1979,180.0
French Polynesia,PYF,1980,168.0
French Polynesia,PYF,1981,121.0
French Polynesia,PYF,1982,56.0
French Polynesia,PYF,1983,142.0
French Polynesia,PYF,1984,63.0
French Polynesia,PYF,1985,55.0
French Polynesia,PYF,1986,14.0
French Polynesia,PYF,1987,4.0
French Polynesia,PYF,1988,4.0
French Polynesia,PYF,1989,10.0
French Polynesia,PYF,1990,6.0
French Polynesia,PYF,1991,13.0
French Polynesia,PYF,1992,4.0
French Polynesia,PYF,1993,8.0
French Polynesia,PYF,1994,9.0
French Polynesia,PYF,1995,10.0
French Polynesia,PYF,1996,10.0
French Polynesia,PYF,1997,11.0
French Polynesia,PYF,1998,16.0
French Polynesia,PYF,1999,18.0
French Polynesia,PYF,2000,17.61
French Polynesia,PYF,2001,17.55
French Polynesia,PYF,2002,17.48
French Polynesia,PYF,2003,17.42
French Polynesia,PYF,2004,15.0
French Polynesia,PYF,2005,16.0
French Polynesia,PYF,2006,16.84
French Polynesia,PYF,2007,17.14
French Polynesia,PYF,2008,16.0
French Polynesia,PYF,2009,17.69
French Polynesia,PYF,2010,18.11
French Polynesia,PYF,2011,20.0
French Polynesia,PYF,2012,20.0
French Polynesia,PYF,2013,22.0
French Polynesia,PYF,2014,20.0
French Polynesia,PYF,2015,20.88
French Polynesia,PYF,2016,21.59
French Polynesia,PYF,2017,20.82
French Polynesia,PYF,2018,21.85
French Polynesia,PYF,2019,22.42
French Polynesia,PYF,2020,21.7
French Polynesia,PYF,2021,21.99
French Polynesia,PYF,2022,22.03
French Polynesia,PYF,2023,21.91
French Polynesia,PYF,2024,21.98
Gabon,GAB,1961,1100.0
Gabon,GAB,1962,2500.0
Gabon,GAB,1963,1100.0
Gabon,GAB,1964,1100.0
Gabon,GAB,1965,1100.0
Gabon,GAB,1966,900.0
Gabon,GAB,1967,900.0
Gabon,GAB,1968,1200.0
Gabon,GAB,1969,1200.0
Gabon,GAB,1970,900.0
Gabon,GAB,1971,600.0
Gabon,GAB,1972,900.0
Gabon,GAB,1973,540.0
Gabon,GAB,1974,600.0
Gabon,GAB,1975,259.0
Gabon,GAB,1976,145.0
Gabon,GAB,1977,360.0
Gabon,GAB,1978,502.0
Gabon,GAB,1979,269.0
Gabon,GAB,1980,680.0
Gabon,GAB,1981,750.0
Gabon,GAB,1982,1850.0
Gabon,GAB,1983,1400.0
Gabon,GAB,1984,1200.0
Gabon,GAB,1985,1295.0
Gabon,GAB,1986,1332.0
Gabon,GAB,1987,1724.0
Gabon,GAB,1988,1774.0
Gabon,GAB,1989,1920.0
Gabon,GAB,1990,269.0
Gabon,GAB,1991,451.0
Gabon,GAB,1992,193.0
Gabon,GAB,1993,256.0
Gabon,GAB,1994,259.0
Gabon,GAB,1995,159.0
Gabon,GAB,1996,219.0
Gabon,GAB,1997,154.0
Gabon,GAB,1998,145.0
Gabon,GAB,1999,125.0
Gabon,GAB,2000,198.0
Gabon,GAB,2001,78.0
Gabon,GAB,2002,180.0
Gabon,GAB,2003,120.0
Gabon,GAB,2004,134.33
Gabon,GAB,2005,100.0
Gabon,GAB,2006,120.0
Gabon,GAB,2007,125.0
Gabon,GAB,2008,125.99
Gabon,GAB,2009,122.8
Gabon,GAB,2010,121.76
Gabon,GAB,2011,118.56
Gabon,GAB,2012,117.01
Gabon,GAB,2013,114.28
Gabon,GAB,2014,109.37
Gabon,GAB,2015,107.33
Gabon,GAB,2016,104.51
Gabon,GAB,2017,102.42
Gabon,GAB,2018,104.75
Gabon,GAB,2019,103.9
Gabon,GAB,2020,103.69
Gabon,GAB,2021,104.11
Gabon,GAB,2022,103.9
Gabon,GAB,2023,103.9
Gabon,GAB,2024,103.97
Ghana,GHA,1961,1700.0
Ghana,GHA,1962,3920.0
Ghana,GHA,1963,2650.0
Ghana,GHA,1964,6700.0
Ghana,GHA,1965,1644.0
Ghana,GHA,1966,8610.0
Ghana,GHA,1967,4057.0
Ghana,GHA,1968,6440.0
Ghana,GHA,1969,4700.0
Ghana,GHA,1970,6510.0
Ghana,GHA,1971,7322.0
Ghana,GHA,1972,7550.0
Ghana,GHA,1973,3910.0
Ghana,GHA,1974,2455.0
Ghana,GHA,1975,4000.0
Ghana,GHA,1976,5500.0
Ghana,GHA,1977,3800.0
Ghana,GHA,1978,1770.0
Ghana,GHA,1979,1700.0
Ghana,GHA,1980,1500.0
Ghana,GHA,1981,1500.0
Ghana,GHA,1982,1500.0
Ghana,GHA,1983,1300.0
Ghana,GHA,1984,700.0
Ghana,GHA,1985,500.0
Ghana,GHA,1986,531.0
Ghana,GHA,1987,791.0
Ghana,GHA,1988,377.0
Ghana,GHA,1989,700.0
Ghana,GHA,1990,1000.0
Ghana,GHA,1991,2300.0
Ghana,GHA,1992,2400.0
Ghana,GHA,1993,4000.0
Ghana,GHA,1994,3000.0
Ghana,GHA,1995,3575.44
Ghana,GHA,1996,6330.0
Ghana,GHA,1997,2880.0
Ghana,GHA,1998,8370.0
Ghana,GHA,1999,3965.0
Ghana,GHA,2000,1956.0
Ghana,GHA,2001,1379.0
Ghana,GHA,2002,1464.0
Ghana,GHA,2003,900.0
Ghana,GHA,2004,1140.0
Ghana,GHA,2005,1200.0
Ghana,GHA,2006,1740.0
Ghana,GHA,2007,1860.0
Ghana,GHA,2008,1620.0
Ghana,GHA,2009,1860.0
Ghana,GHA,2010,1200.0
Ghana,GHA,2011,550.0
Ghana,GHA,2012,600.0
Ghana,GHA,2013,698.0
Ghana,GHA,2014,736.0
Ghana,GHA,2015,736.0
Ghana,GHA,2016,736.0
Ghana,GHA,2017,736.0
Ghana,GHA,2018,736.0
Ghana,GHA,2019,736.0
Ghana,GHA,2020,736.0
Ghana,GHA,2021,736.0
Ghana,GHA,2022,736.0
Ghana,GHA,2023,736.0
Ghana,GHA,2024,736.0
Guadeloupe,GLP,1961,500.0
Guadeloupe,GLP,1962,500.0
Guadeloupe,GLP,1963,300.0
Guadeloupe,GLP,1964,400.0
Guadeloupe,GLP,1965,200.0
Guadeloupe,GLP,1966,300.0
Guadeloupe,GLP,1967,300.0
Guadeloupe,GLP,1968,300.0
Guadeloupe,GLP,1969,300.0
Guadeloupe,GLP,1970,300.0
Guadeloupe,GLP,1971,270.0
Guadeloupe,GLP,1972,220.0
Guadeloupe,GLP,1973,180.0
Guadeloupe,GLP,1974,120.0
Guadeloupe,GLP,1975,100.0
Guadeloupe,GLP,1976,116.0
Guadeloupe,GLP,1977,95.0
Guadeloupe,GLP,1978,20.0
Guadeloupe,GLP,1979,20.0
Guadeloupe,GLP,1980,10.0
Guadeloupe,GLP,1981,10.0
Guadeloupe,GLP,1982,10.0
Guadeloupe,GLP,1983,20.0
Guadeloupe,GLP,1984,40.0
Guadeloupe,GLP,1985,40.0
Guadeloupe,GLP,1986,26.0
Guadeloupe,GLP,1987,40.0
Guadeloupe,GLP,1988,40.0
Guadeloupe,GLP,1989,35.0
Guadeloupe,GLP,1990,20.0
Guadeloupe,GLP,1991,20.0
Guadeloupe,GLP,1992,47.0
Guadeloupe,GLP,1993,53.0
Guadeloupe,GLP,1994,23.0
Guadeloupe,GLP,1995,15.12
Guadeloupe,GLP,1996,23.94
Guadeloupe,GLP,1997,27.0
Guadeloupe,GLP,1998,29.0
Guadeloupe,GLP,1999,32.0
Guadeloupe,GLP,2000,35.0
Guadeloupe,GLP,2001,35.0
Guadeloupe,GLP,2002,35.0
Guadeloupe,GLP,2003,30.0
Guadeloupe,GLP,2004,19.0
Guadeloupe,GLP,2005,25.0
Guadeloupe,GLP,2006,24.44
Guatemala,GTM,1961,100600.0
Guatemala,GTM,1962,117700.0
Guatemala,GTM,1963,104400.0
Guatemala,GTM,1964,105200.0
Guatemala,GTM,1965,126100.0
Guatemala,GTM,1966,106200.0
Guatemala,GTM,1967,102363.0
Guatemala,GTM,1968,112392.0
Guatemala,GTM,1969,118685.0
Guatemala,GTM,1970,126546.0
Guatemala,GTM,1971,128386.0
Guatemala,GTM,1972,142682.0
Guatemala,GTM,1973,145642.0
Guatemala,GTM,1974,157437.0
Guatemala,GTM,1975,139091.0
Guatemala,GTM,1976,158433.0
Guatemala,GTM,1977,168217.0
Guatemala,GTM,1978,169636.0
Guatemala,GTM,1979,164810.0
Guatemala,GTM,1980,177430.0
Guatemala,GTM,1981,193830.0
Guatemala,GTM,1982,189330.0
Guatemala,GTM,1983,183010.0
Guatemala,GTM,1984,196610.0
Guatemala,GTM,1985,181630.0
Guatemala,GTM,1986,196560.0
Guatemala,GTM,1987,193200.0
Guatemala,GTM,1988,179400.0
Guatemala,GTM,1989,193200.0
Guatemala,GTM,1990,202400.0
Guatemala,GTM,1991,196190.0
Guatemala,GTM,1992,206586.0
Guatemala,GTM,1993,208650.0
Guatemala,GTM,1994,213900.0
Guatemala,GTM,1995,210920.0
Guatemala,GTM,1996,240300.0
Guatemala,GTM,1997,271440.0
Guatemala,GTM,1998,253080.0
Guatemala,GTM,1999,293520.0
Guatemala,GTM,2000,312060.0
Guatemala,GTM,2001,261096.84
Guatemala,GTM,2002,255091.28
Guatemala,GTM,2003,244200.0
Guatemala,GTM,2004,250279.0
Guatemala,GTM,2005,248277.0
Guatemala,GTM,2006,240331.38
Guatemala,GTM,2007,248613.98
Guatemala,GTM,2008,254914.38
Guatemala,GTM,2009,247502.69
Guatemala,GTM,2010,248355.44
Guatemala,GTM,2011,265401.44
Guatemala,GTM,2012,272432.0
Guatemala,GTM,2013,248668.0
Guatemala,GTM,2014,227653.47
Guatemala,GTM,2015,225653.12
Guatemala,GTM,2016,236144.72
Guatemala,GTM,2017,224000.0
Guatemala,GTM,2018,240400.0
Guatemala,GTM,2019,216400.0
Guatemala,GTM,2020,246000.0
Guatemala,GTM,2021,226700.0
Guatemala,GTM,2022,238354.0
Guatemala,GTM,2023,212848.0
Guatemala,GTM,2024,224860.0
Guinea,GIN,1961,15000.0
Guinea,GIN,1962,13000.0
Guinea,GIN,1963,12300.0
Guinea,GIN,1964,9000.0
Guinea,GIN,1965,9600.0
Guinea,GIN,1966,13000.0
Guinea,GIN,1967,13000.0
Guinea,GIN,1968,14500.0
Guinea,GIN,1969,10000.0
Guinea,GIN,1970,11500.0
Guinea,GIN,1971,12500.0
Guinea,GIN,1972,13000.0
Guinea,GIN,1973,13673.0
Guinea,GIN,1974,13809.0
Guinea,GIN,1975,13949.0
Guinea,GIN,1976,13975.0
Guinea,GIN,1977,14121.0
Guinea,GIN,1978,14283.0
Guinea,GIN,1979,14405.0
Guinea,GIN,1980,14400.0
Guinea,GIN,1981,14400.0
Guinea,GIN,1982,14500.0
Guinea,GIN,1983,14700.0
Guinea,GIN,1984,14800.0
Guinea,GIN,1985,14900.0
Guinea,GIN,1986,6500.0
Guinea,GIN,1987,6500.0
Guinea,GIN,1988,20000.0
Guinea,GIN,1989,27500.0
Guinea,GIN,1990,30000.0
Guinea,GIN,1991,30000.0
Guinea,GIN,1992,28804.0
Guinea,GIN,1993,28800.0
Guinea,GIN,1994,30000.0
Guinea,GIN,1995,28000.0
Guinea,GIN,1996,22750.0
Guinea,GIN,1997,20000.0
Guinea,GIN,1998,20888.0
Guinea,GIN,1999,22119.47
Guinea,GIN,2000,22080.0
Guinea,GIN,2001,14160.0
Guinea,GIN,2002,19680.0
Guinea,GIN,2003,20880.0
Guinea,GIN,2004,20220.0
Guinea,GIN,2005,20770.0
Guinea,GIN,2006,23226.0
Guinea,GIN,2007,26556.0
Guinea,GIN,2008,27353.0
Guinea,GIN,2009,28173.0
Guinea,GIN,2010,29018.0
Guinea,GIN,2011,30320.0
Guinea,GIN,2012,17907.0
Guinea,GIN,2013,18440.0
Guinea,GIN,2014,41500.0
Guinea,GIN,2015,210866.0
Guinea,GIN,2016,218635.0
Guinea,GIN,2017,216691.0
Guinea,GIN,2018,235043.0
Guinea,GIN,2019,243703.0
Guinea,GIN,2020,242682.0
Guinea,GIN,2021,261992.0
Guinea,GIN,2022,261645.0
Guinea,GIN,2023,200000.0
Guinea,GIN,2024,174847.19
Guyana,GUY,1961,860.0
Guyana,GUY,1962,1039.0
Guyana,GUY,1963,659.0
Guyana,GUY,1964,1129.0
Guyana,GUY,1965,1156.0
Guyana,GUY,1966,1122.0
Guyana,GUY,1967,1290.0
Guyana,GUY,1968,1302.0
Guyana,GUY,1969,684.0
Guyana,GUY,1970,703.0
Guyana,GUY,1971,761.0
Guyana,GUY,1972,762.0
Guyana,GUY,1973,746.0
Guyana,GUY,1974,900.0
Guyana,GUY,1975,900.0
Guyana,GUY,1976,900.0
Guyana,GUY,1977,1020.0
Guyana,GUY,1978,1140.0
Guyana,GUY,1979,1320.0
Guyana,GUY,1980,1560.0
Guyana,GUY,1981,1560.0
Guyana,GUY,1982,1260.0
Guyana,GUY,1983,1020.0
Guyana,GUY,1984,358.0
Guyana,GUY,1985,370.0
Guyana,GUY,1986,430.0
Guyana,GUY,1987,240.0
Guyana,GUY,1988,300.0
Guyana,GUY,1989,300.0
Guyana,GUY,1990,300.0
Guyana,GUY,1991,300.0
Guyana,GUY,1992,300.0
Guyana,GUY,1993,300.0
Guyana,GUY,1994,300.0
Guyana,GUY,1995,300.0
Guyana,GUY,1996,285.0
Guyana,GUY,1997,261.0
Guyana,GUY,1998,136.0
Guyana,GUY,1999,140.0
Guyana,GUY,2000,15.0
Guyana,GUY,2001,153.0
Guyana,GUY,2002,300.0
Guyana,GUY,2003,480.0
Guyana,GUY,2004,480.0
Guyana,GUY,2005,480.0
Guyana,GUY,2006,480.0
Guyana,GUY,2007,480.0
Guyana,GUY,2008,480.0
Guyana,GUY,2009,420.0
Guyana,GUY,2010,420.0
Guyana,GUY,2011,420.0
Guyana,GUY,2012,420.0
Guyana,GUY,2013,420.0
Guyana,GUY,2014,420.0
Guyana,GUY,2015,420.0
Guyana,GUY,2016,420.0
Guyana,GUY,2017,420.0
Guyana,GUY,2018,475.0
Guyana,GUY,2019,654.0
Guyana,GUY,2020,600.0
Guyana,GUY,2021,600.0
Guyana,GUY,2022,567.0
Guyana,GUY,2023,133.0
Guyana,GUY,2024,151.0
Haiti,HTI,1961,45720.0
Haiti,HTI,1962,31860.0
Haiti,HTI,1963,34980.0
Haiti,HTI,1964,36000.0
Haiti,HTI,1965,36720.0
Haiti,HTI,1966,30540.0
Haiti,HTI,1967,31600.0
Haiti,HTI,1968,30180.0
Haiti,HTI,1969,27000.0
Haiti,HTI,1970,32610.0
Haiti,HTI,1971,32400.0
Haiti,HTI,1972,31500.0
Haiti,HTI,1973,33000.0
Haiti,HTI,1974,31200.0
Haiti,HTI,1975,39000.0
Haiti,HTI,1976,32280.0
Haiti,HTI,1977,31140.0
Haiti,HTI,1978,26580.0
Haiti,HTI,1979,40140.0
Haiti,HTI,1980,42900.0
Haiti,HTI,1981,33250.0
Haiti,HTI,1982,32250.0
Haiti,HTI,1983,36000.0
Haiti,HTI,1984,37250.0
Haiti,HTI,1985,36900.0
Haiti,HTI,1986,37752.0
Haiti,HTI,1987,30088.0
Haiti,HTI,1988,37693.0
Haiti,HTI,1989,38447.0
Haiti,HTI,1990,37200.0
Haiti,HTI,1991,37000.0
Haiti,HTI,1992,27355.0
Haiti,HTI,1993,33600.0
Haiti,HTI,1994,31000.0
Haiti,HTI,1995,29000.0
Haiti,HTI,1996,27000.0
Haiti,HTI,1997,29154.62
Haiti,HTI,1998,27239.0
Haiti,HTI,1999,28000.0
Haiti,HTI,2000,30000.0
Haiti,HTI,2001,28000.0
Haiti,HTI,2002,27000.0
Haiti,HTI,2003,30000.0
Haiti,HTI,2004,29000.0
Haiti,HTI,2005,35000.0
Haiti,HTI,2006,35000.0
Haiti,HTI,2007,47000.0
Haiti,HTI,2008,35000.0
Haiti,HTI,2009,21022.0
Haiti,HTI,2010,20968.0
Haiti,HTI,2011,20958.0
Haiti,HTI,2012,20930.0
Haiti,HTI,2013,10320.0
Haiti,HTI,2014,3600.0
Haiti,HTI,2015,3660.0
Haiti,HTI,2016,3840.0
Haiti,HTI,2017,3969.0
Haiti,HTI,2018,4167.0
Haiti,HTI,2019,4376.0
Haiti,HTI,2020,4595.0
Haiti,HTI,2021,4824.0
Haiti,HTI,2022,5066.0
Haiti,HTI,2023,5021.3
Haiti,HTI,2024,4371.49
High-income countries,OWID_HIC,1961,92170.0
High-income countries,OWID_HIC,1962,89336.0
High-income countries,OWID_HIC,1963,90405.0
High-income countries,OWID_HIC,1964,80227.0
High-income countries,OWID_HIC,1965,86832.0
High-income countries,OWID_HIC,1966,95273.0
High-income countries,OWID_HIC,1967,104140.0
High-income countries,OWID_HIC,1968,94829.0
High-income countries,OWID_HIC,1969,106079.0
High-income countries,OWID_HIC,1970,98661.0
High-income countries,OWID_HIC,1971,112531.0
High-income countries,OWID_HIC,1972,102843.0
High-income countries,OWID_HIC,1973,120066.0
High-income countries,OWID_HIC,1974,103739.0
High-income countries,OWID_HIC,1975,103972.0
High-income countries,OWID_HIC,1976,104029.0
High-income countries,OWID_HIC,1977,107049.0
High-income countries,OWID_HIC,1978,121780.0
High-income countries,OWID_HIC,1979,119941.0
High-income countries,OWID_HIC,1980,131014.0
High-income countries,OWID_HIC,1981,139641.0
High-income countries,OWID_HIC,1982,140459.0
High-income countries,OWID_HIC,1983,152705.0
High-income countries,OWID_HIC,1984,162216.0
High-income countries,OWID_HIC,1985,151290.0
High-income countries,OWID_HIC,1986,153501.0
High-income countries,OWID_HIC,1987,167315.0
High-income countries,OWID_HIC,1988,170059.0
High-income countries,OWID_HIC,1989,184235.0
High-income countries,OWID_HIC,1990,179149.0
High-income countries,OWID_HIC,1991,185194.0
High-income countries,OWID_HIC,1992,193611.0
High-income countries,OWID_HIC,1993,184473.0
High-income countries,OWID_HIC,1994,174031.0
High-income countries,OWID_HIC,1995,177594.0
High-income countries,OWID_HIC,1996,180411.0
High-income countries,OWID_HIC,1997,158785.0
High-income countries,OWID_HIC,1998,181217.0
High-income countries,OWID_HIC,1999,171071.0
High-income countries,OWID_HIC,2000,184453.61
High-income countries,OWID_HIC,2001,178275.55
High-income countries,OWID_HIC,2002,163848.48
High-income countries,OWID_HIC,2003,158014.92
High-income countries,OWID_HIC,2004,152188.8
High-income countries,OWID_HIC,2005,151350.0
High-income countries,OWID_HIC,2006,125758.04
High-income countries,OWID_HIC,2007,145659.62
High-income countries,OWID_HIC,2008,136505.27
High-income countries,OWID_HIC,2009,115226.98
High-income countries,OWID_HIC,2010,114640.6
High-income countries,OWID_HIC,2011,114580.6
High-income countries,OWID_HIC,2012,137353.78
High-income countries,OWID_HIC,2013,87033.15
High-income countries,OWID_HIC,2014,112263.56
High-income countries,OWID_HIC,2015,98304.11
High-income countries,OWID_HIC,2016,106928.57
High-income countries,OWID_HIC,2017,103107.02
High-income countries,OWID_HIC,2018,103298.45
High-income countries,OWID_HIC,2019,91386.48
High-income countries,OWID_HIC,2020,99291.73
High-income countries,OWID_HIC,2021,110197.44
High-income countries,OWID_HIC,2022,89644.37
High-income countries,OWID_HIC,2023,93934.64
High-income countries,OWID_HIC,2024,75568.13
Honduras,HND,1961,21450.0
Honduras,HND,1962,27939.0
Honduras,HND,1963,29014.0
Honduras,HND,1964,29276.0
Honduras,HND,1965,32195.0
Honduras,HND,1966,33569.0
Honduras,HND,1967,35041.0
Honduras,HND,1968,36512.0
Honduras,HND,1969,37984.0
Honduras,HND,1970,39456.0
Honduras,HND,1971,40927.0
Honduras,HND,1972,42399.0
Honduras,HND,1973,41778.0
Honduras,HND,1974,45342.0
Honduras,HND,1975,46814.0
Honduras,HND,1976,48285.0
Honduras,HND,1977,49757.0
Honduras,HND,1978,59796.0
Honduras,HND,1979,72547.0
Honduras,HND,1980,64228.0
Honduras,HND,1981,75347.0
Honduras,HND,1982,72420.0
Honduras,HND,1983,79474.0
Honduras,HND,1984,72545.0
Honduras,HND,1985,75091.0
Honduras,HND,1986,76318.0
Honduras,HND,1987,79877.0
Honduras,HND,1988,94046.0
Honduras,HND,1989,100234.0
Honduras,HND,1990,119784.0
Honduras,HND,1991,101890.0
Honduras,HND,1992,111660.0
Honduras,HND,1993,110481.0
Honduras,HND,1994,126182.0
Honduras,HND,1995,132400.0
Honduras,HND,1996,148830.0
Honduras,HND,1997,162658.0
Honduras,HND,1998,172772.0
Honduras,HND,1999,157409.0
Honduras,HND,2000,193309.0
Honduras,HND,2001,205545.0
Honduras,HND,2002,172727.0
Honduras,HND,2003,175284.0
Honduras,HND,2004,185090.0
Honduras,HND,2005,190640.0
Honduras,HND,2006,213636.0
Honduras,HND,2007,236302.0
Honduras,HND,2008,240948.0
Honduras,HND,2009,231288.0
Honduras,HND,2010,244335.0
Honduras,HND,2011,284347.0
Honduras,HND,2012,343403.0
Honduras,HND,2013,280697.0
Honduras,HND,2014,282230.0
Honduras,HND,2015,332747.0
Honduras,HND,2016,366542.0
Honduras,HND,2017,477580.0
Honduras,HND,2018,478830.75
Honduras,HND,2019,472497.97
Honduras,HND,2020,364552.38
Honduras,HND,2021,417591.25
Honduras,HND,2022,330111.3
Honduras,HND,2023,384361.03
Honduras,HND,2024,324015.03
India,IND,1961,43200.0
India,IND,1962,46000.0
India,IND,1963,56200.0
India,IND,1964,69300.0
India,IND,1965,60900.0
India,IND,1966,63900.0
India,IND,1967,78500.0
India,IND,1968,57331.0
India,IND,1969,73430.0
India,IND,1970,63619.0
India,IND,1971,110231.0
India,IND,1972,68948.0
India,IND,1973,91072.0
India,IND,1974,86388.0
India,IND,1975,92506.0
India,IND,1976,84000.0
India,IND,1977,102300.0
India,IND,1978,125000.0
India,IND,1979,110488.0
India,IND,1980,149835.0
India,IND,1981,118600.0
India,IND,1982,152100.0
India,IND,1983,130000.0
India,IND,1984,105029.0
India,IND,1985,195100.0
India,IND,1986,122400.0
India,IND,1987,192100.0
India,IND,1988,122700.0
India,IND,1989,214700.0
India,IND,1990,118100.0
India,IND,1991,170000.0
India,IND,1992,180000.0
India,IND,1993,162000.0
India,IND,1994,208000.0
India,IND,1995,180000.0
India,IND,1996,223000.0
India,IND,1997,205000.0
India,IND,1998,228000.0
India,IND,1999,265000.0
India,IND,2000,292000.0
India,IND,2001,301000.0
India,IND,2002,301000.0
India,IND,2003,275275.0
India,IND,2004,270500.0
India,IND,2005,275500.0
India,IND,2006,274000.0
India,IND,2007,288000.0
India,IND,2008,262000.0
India,IND,2009,262300.0
India,IND,2010,289600.0
India,IND,2011,302000.0
India,IND,2012,314000.0
India,IND,2013,318200.0
India,IND,2014,304500.0
India,IND,2015,327000.0
India,IND,2016,348000.0
India,IND,2017,312000.0
India,IND,2018,316000.0
India,IND,2019,319500.0
India,IND,2020,298000.0
India,IND,2021,334000.0
India,IND,2022,352000.0
India,IND,2023,360500.0
India,IND,2024,363000.0
Indonesia,IDN,1961,103100.0
Indonesia,IDN,1962,106700.0
Indonesia,IDN,1963,139600.0
Indonesia,IDN,1964,118200.0
Indonesia,IDN,1965,134500.0
Indonesia,IDN,1966,142200.0
Indonesia,IDN,1967,153478.0
Indonesia,IDN,1968,157347.0
Indonesia,IDN,1969,173613.0
Indonesia,IDN,1970,185091.0
Indonesia,IDN,1971,180916.0
Indonesia,IDN,1972,178735.0
Indonesia,IDN,1973,150163.0
Indonesia,IDN,1974,149811.0
Indonesia,IDN,1975,170372.0
Indonesia,IDN,1976,193377.0
Indonesia,IDN,1977,193966.0
Indonesia,IDN,1978,222690.0
Indonesia,IDN,1979,273675.0
Indonesia,IDN,1980,294973.0
Indonesia,IDN,1981,314899.0
Indonesia,IDN,1982,281251.0
Indonesia,IDN,1983,305648.0
Indonesia,IDN,1984,315489.0
Indonesia,IDN,1985,311398.0
Indonesia,IDN,1986,356822.0
Indonesia,IDN,1987,388669.0
Indonesia,IDN,1988,391095.0
Indonesia,IDN,1989,401048.0
Indonesia,IDN,1990,412767.0
Indonesia,IDN,1991,428305.0
Indonesia,IDN,1992,436930.0
Indonesia,IDN,1993,438868.0
Indonesia,IDN,1994,450191.0
Indonesia,IDN,1995,457801.0
Indonesia,IDN,1996,421751.0
Indonesia,IDN,1997,426800.0
Indonesia,IDN,1998,512165.0
Indonesia,IDN,1999,524687.0
Indonesia,IDN,2000,554574.0
Indonesia,IDN,2001,569234.0
Indonesia,IDN,2002,682019.0
Indonesia,IDN,2003,663571.0
Indonesia,IDN,2004,647385.0
Indonesia,IDN,2005,640365.0
Indonesia,IDN,2006,682158.0
Indonesia,IDN,2007,676475.0
Indonesia,IDN,2008,698016.0
Indonesia,IDN,2009,682591.0
Indonesia,IDN,2010,684076.0
Indonesia,IDN,2011,638600.0
Indonesia,IDN,2012,691163.0
Indonesia,IDN,2013,675800.0
Indonesia,IDN,2014,643900.0
Indonesia,IDN,2015,639412.0
Indonesia,IDN,2016,639305.0
Indonesia,IDN,2017,717962.0
Indonesia,IDN,2018,756051.0
Indonesia,IDN,2019,752512.0
Indonesia,IDN,2020,762380.0
Indonesia,IDN,2021,786191.0
Indonesia,IDN,2022,774960.5
Indonesia,IDN,2023,758725.0
Indonesia,IDN,2024,807578.0
Jamaica,JAM,1961,2546.0
Jamaica,JAM,1962,1969.0
Jamaica,JAM,1963,2009.0
Jamaica,JAM,1964,1997.0
Jamaica,JAM,1965,2170.0
Jamaica,JAM,1966,1861.0
Jamaica,JAM,1967,1991.0
Jamaica,JAM,1968,1972.0
Jamaica,JAM,1969,1589.0
Jamaica,JAM,1970,1805.0
Jamaica,JAM,1971,1358.0
Jamaica,JAM,1972,1040.0
Jamaica,JAM,1973,1146.0
Jamaica,JAM,1974,1486.0
Jamaica,JAM,1975,1186.0
Jamaica,JAM,1976,1929.0
Jamaica,JAM,1977,1208.0
Jamaica,JAM,1978,1477.0
Jamaica,JAM,1979,958.0
Jamaica,JAM,1980,2216.0
Jamaica,JAM,1981,1379.0
Jamaica,JAM,1982,1516.0
Jamaica,JAM,1983,1632.0
Jamaica,JAM,1984,1745.0
Jamaica,JAM,1985,1274.0
Jamaica,JAM,1986,1697.0
Jamaica,JAM,1987,1658.0
Jamaica,JAM,1988,2231.0
Jamaica,JAM,1989,1260.0
Jamaica,JAM,1990,1560.0
Jamaica,JAM,1991,2280.0
Jamaica,JAM,1992,1920.0
Jamaica,JAM,1993,1500.0
Jamaica,JAM,1994,2460.0
Jamaica,JAM,1995,2580.0
Jamaica,JAM,1996,2580.0
Jamaica,JAM,1997,2887.0
Jamaica,JAM,1998,1740.0
Jamaica,JAM,1999,2340.0
Jamaica,JAM,2000,2220.0
Jamaica,JAM,2001,2880.0
Jamaica,JAM,2002,2760.0
Jamaica,JAM,2003,3300.0
Jamaica,JAM,2004,2400.0
Jamaica,JAM,2005,8897.0
Jamaica,JAM,2006,12390.0
Jamaica,JAM,2007,15117.0
Jamaica,JAM,2008,9035.0
Jamaica,JAM,2009,12456.0
Jamaica,JAM,2010,9121.0
Jamaica,JAM,2011,8099.0
Jamaica,JAM,2012,6687.0
Jamaica,JAM,2013,6984.0
Jamaica,JAM,2014,5298.0
Jamaica,JAM,2015,5755.0
Jamaica,JAM,2016,7580.0
Jamaica,JAM,2017,6222.0
Jamaica,JAM,2018,7085.0
Jamaica,JAM,2019,6701.0
Jamaica,JAM,2020,6201.0
Jamaica,JAM,2021,6507.8
Jamaica,JAM,2022,7064.1
Jamaica,JAM,2023,8152.0
Jamaica,JAM,2024,6521.0
Kenya,KEN,1961,28100.0
Kenya,KEN,1962,50000.0
Kenya,KEN,1963,40500.0
Kenya,KEN,1964,41400.0
Kenya,KEN,1965,39300.0
Kenya,KEN,1966,56900.0
Kenya,KEN,1967,48000.0
Kenya,KEN,1968,39600.0
Kenya,KEN,1969,52400.0
Kenya,KEN,1970,58300.0
Kenya,KEN,1971,59500.0
Kenya,KEN,1972,62048.0
Kenya,KEN,1973,71190.0
Kenya,KEN,1974,70103.0
Kenya,KEN,1975,66152.0
Kenya,KEN,1976,80303.0
Kenya,KEN,1977,101218.0
Kenya,KEN,1978,84332.0
Kenya,KEN,1979,75082.0
Kenya,KEN,1980,91334.0
Kenya,KEN,1981,99717.0
Kenya,KEN,1982,87436.0
Kenya,KEN,1983,86064.0
Kenya,KEN,1984,118500.0
Kenya,KEN,1985,93600.0
Kenya,KEN,1986,113926.0
Kenya,KEN,1987,104679.0
Kenya,KEN,1988,128700.0
Kenya,KEN,1989,116900.0
Kenya,KEN,1990,103900.0
Kenya,KEN,1991,86400.0
Kenya,KEN,1992,85300.0
Kenya,KEN,1993,75100.0
Kenya,KEN,1994,79900.0
Kenya,KEN,1995,95400.0
Kenya,KEN,1996,97976.0
Kenya,KEN,1997,68642.0
Kenya,KEN,1998,53715.0
Kenya,KEN,1999,68100.0
Kenya,KEN,2000,100700.0
Kenya,KEN,2001,51700.0
Kenya,KEN,2002,51900.0
Kenya,KEN,2003,55443.0
Kenya,KEN,2004,48431.0
Kenya,KEN,2005,45200.0
Kenya,KEN,2006,48300.0
Kenya,KEN,2007,53368.0
Kenya,KEN,2008,42000.0
Kenya,KEN,2009,54000.0
Kenya,KEN,2010,42000.0
Kenya,KEN,2011,36300.0
Kenya,KEN,2012,49000.0
Kenya,KEN,2013,39800.0
Kenya,KEN,2014,49500.0
Kenya,KEN,2015,42000.0
Kenya,KEN,2016,46100.0
Kenya,KEN,2017,38620.0
Kenya,KEN,2018,41375.0
Kenya,KEN,2019,44500.0
Kenya,KEN,2020,36900.0
Kenya,KEN,2021,34500.0
Kenya,KEN,2022,51900.0
Kenya,KEN,2023,48700.0
Kenya,KEN,2024,49500.0
Land Locked Developing Countries (FAO),,1961,138367.0
Land Locked Developing Countries (FAO),,1962,160079.0
Land Locked Developing Countries (FAO),,1963,195047.0
Land Locked Developing Countries (FAO),,1964,224070.0
Land Locked Developing Countries (FAO),,1965,200675.0
Land Locked Developing Countries (FAO),,1966,203629.0
Land Locked Developing Countries (FAO),,1967,223469.0
Land Locked Developing Countries (FAO),,1968,191077.0
Land Locked Developing Countries (FAO),,1969,306322.0
Land Locked Developing Countries (FAO),,1970,268084.0
Land Locked Developing Countries (FAO),,1971,243779.0
Land Locked Developing Countries (FAO),,1972,246472.0
Land Locked Developing Countries (FAO),,1973,282038.0
Land Locked Developing Countries (FAO),,1974,282141.0
Land Locked Developing Countries (FAO),,1975,277537.0
Land Locked Developing Countries (FAO),,1976,219672.0
Land Locked Developing Countries (FAO),,1977,237341.0
Land Locked Developing Countries (FAO),,1978,210821.0
Land Locked Developing Countries (FAO),,1979,204584.0
Land Locked Developing Countries (FAO),,1980,232575.0
Land Locked Developing Countries (FAO),,1981,233252.0
Land Locked Developing Countries (FAO),,1982,273690.0
Land Locked Developing Countries (FAO),,1983,284020.0
Land Locked Developing Countries (FAO),,1984,282361.0
Land Locked Developing Countries (FAO),,1985,295638.0
Land Locked Developing Countries (FAO),,1986,318331.0
Land Locked Developing Countries (FAO),,1987,333441.0
Land Locked Developing Countries (FAO),,1988,322653.0
Land Locked Developing Countries (FAO),,1989,324480.0
Land Locked Developing Countries (FAO),,1990,278722.0
Land Locked Developing Countries (FAO),,1991,281722.0
Land Locked Developing Countries (FAO),,1992,236967.0
Land Locked Developing Countries (FAO),,1993,419212.0
Land Locked Developing Countries (FAO),,1994,511733.0
Land Locked Developing Countries (FAO),,1995,515397.0
Land Locked Developing Countries (FAO),,1996,632030.0
Land Locked Developing Countries (FAO),,1997,553232.0
Land Locked Developing Countries (FAO),,1998,539085.0
Land Locked Developing Countries (FAO),,1999,594743.0
Land Locked Developing Countries (FAO),,2000,539826.0
Land Locked Developing Countries (FAO),,2001,526639.0
Land Locked Developing Countries (FAO),,2002,659469.0
Land Locked Developing Countries (FAO),,2003,406973.0
Land Locked Developing Countries (FAO),,2004,619585.0
Land Locked Developing Countries (FAO),,2005,451407.62
Land Locked Developing Countries (FAO),,2006,612754.7
Land Locked Developing Countries (FAO),,2007,568259.8
Land Locked Developing Countries (FAO),,2008,672673.06
Land Locked Developing Countries (FAO),,2009,593537.5
Land Locked Developing Countries (FAO),,2010,738547.0
Land Locked Developing Countries (FAO),,2011,795692.6
Land Locked Developing Countries (FAO),,2012,818980.9
Land Locked Developing Countries (FAO),,2013,799971.8
Land Locked Developing Countries (FAO),,2014,875641.44
Land Locked Developing Countries (FAO),,2015,953119.6
Land Locked Developing Countries (FAO),,2016,961916.9
Land Locked Developing Countries (FAO),,2017,1100251.6
Land Locked Developing Countries (FAO),,2018,1198648.1
Land Locked Developing Countries (FAO),,2019,1351375.6
Land Locked Developing Countries (FAO),,2020,1463353.6
Land Locked Developing Countries (FAO),,2021,1540444.1
Land Locked Developing Countries (FAO),,2022,1604422.8
Land Locked Developing Countries (FAO),,2023,1607695.0
Land Locked Developing Countries (FAO),,2024,1546778.2
Laos,LAO,1961,1000.0
Laos,LAO,1962,1500.0
Laos,LAO,1963,2000.0
Laos,LAO,1964,3500.0
Laos,LAO,1965,3500.0
Laos,LAO,1966,3500.0
Laos,LAO,1967,3500.0
Laos,LAO,1968,3500.0
Laos,LAO,1969,3450.0
Laos,LAO,1970,3200.0
Laos,LAO,1971,2800.0
Laos,LAO,1972,2300.0
Laos,LAO,1973,1800.0
Laos,LAO,1974,2070.0
Laos,LAO,1975,1800.0
Laos,LAO,1976,2780.0
Laos,LAO,1977,4315.0
Laos,LAO,1978,2980.0
Laos,LAO,1979,3500.0
Laos,LAO,1980,4442.0
Laos,LAO,1981,5031.0
Laos,LAO,1982,5200.0
Laos,LAO,1983,5320.0
Laos,LAO,1984,5780.0
Laos,LAO,1985,6144.0
Laos,LAO,1986,4711.0
Laos,LAO,1987,5312.0
Laos,LAO,1988,7829.0
Laos,LAO,1989,5413.0
Laos,LAO,1990,5204.0
Laos,LAO,1991,8017.0
Laos,LAO,1992,6582.0
Laos,LAO,1993,7622.0
Laos,LAO,1994,9035.0
Laos,LAO,1995,8576.0
Laos,LAO,1996,10020.0
Laos,LAO,1997,12300.0
Laos,LAO,1998,16999.0
Laos,LAO,1999,17530.0
Laos,LAO,2000,23500.0
Laos,LAO,2001,25796.0
Laos,LAO,2002,32197.0
Laos,LAO,2003,27850.0
Laos,LAO,2004,23100.0
Laos,LAO,2005,25000.0
Laos,LAO,2006,25250.0
Laos,LAO,2007,33200.0
Laos,LAO,2008,38985.0
Laos,LAO,2009,46035.0
Laos,LAO,2010,46290.0
Laos,LAO,2011,52010.0
Laos,LAO,2012,87330.0
Laos,LAO,2013,92045.0
Laos,LAO,2014,113580.0
Laos,LAO,2015,135925.0
Laos,LAO,2016,136600.0
Laos,LAO,2017,150795.0
Laos,LAO,2018,154435.0
Laos,LAO,2019,171380.0
Laos,LAO,2020,158190.0
Laos,LAO,2021,161200.0
Laos,LAO,2022,171000.0
Laos,LAO,2023,183895.0
Laos,LAO,2024,174900.0
Least Developed Countries (FAO),,1961,656378.0
Least Developed Countries (FAO),,1962,716685.0
Least Developed Countries (FAO),,1963,741266.0
Least Developed Countries (FAO),,1964,829366.0
Least Developed Countries (FAO),,1965,795686.0
Least Developed Countries (FAO),,1966,829008.0
Least Developed Countries (FAO),,1967,858794.0
Least Developed Countries (FAO),,1968,797006.0
Least Developed Countries (FAO),,1969,932030.0
Least Developed Countries (FAO),,1970,891976.0
Least Developed Countries (FAO),,1971,898475.0
Least Developed Countries (FAO),,1972,891593.0
Least Developed Countries (FAO),,1973,942487.0
Least Developed Countries (FAO),,1974,923394.0
Least Developed Countries (FAO),,1975,916547.0
Least Developed Countries (FAO),,1976,722081.0
Least Developed Countries (FAO),,1977,784370.0
Least Developed Countries (FAO),,1978,699003.0
Least Developed Countries (FAO),,1979,695523.0
Least Developed Countries (FAO),,1980,751724.0
Least Developed Countries (FAO),,1981,748996.0
Least Developed Countries (FAO),,1982,772410.0
Least Developed Countries (FAO),,1983,723598.0
Least Developed Countries (FAO),,1984,725901.0
Least Developed Countries (FAO),,1985,738806.0
Least Developed Countries (FAO),,1986,795742.0
Least Developed Countries (FAO),,1987,804991.0
Least Developed Countries (FAO),,1988,820357.0
Least Developed Countries (FAO),,1989,834165.0
Least Developed Countries (FAO),,1990,798377.0
Least Developed Countries (FAO),,1991,826936.25
Least Developed Countries (FAO),,1992,771051.0
Least Developed Countries (FAO),,1993,750249.2
Least Developed Countries (FAO),,1994,795441.9
Least Developed Countries (FAO),,1995,800171.0
Least Developed Countries (FAO),,1996,916710.25
Least Developed Countries (FAO),,1997,806232.75
Least Developed Countries (FAO),,1998,782477.2
Least Developed Countries (FAO),,1999,828610.7
Least Developed Countries (FAO),,2000,769379.3
Least Developed Countries (FAO),,2001,761159.75
Least Developed Countries (FAO),,2002,889645.9
Least Developed Countries (FAO),,2003,630689.44
Least Developed Countries (FAO),,2004,869914.44
Least Developed Countries (FAO),,2005,724062.5
Least Developed Countries (FAO),,2006,843824.8
Least Developed Countries (FAO),,2007,831589.6
Least Developed Countries (FAO),,2008,915099.06
Least Developed Countries (FAO),,2009,849460.0
Least Developed Countries (FAO),,2010,978750.5
Least Developed Countries (FAO),,2011,1056880.1
Least Developed Countries (FAO),,2012,1071075.9
Least Developed Countries (FAO),,2013,1045139.0
Least Developed Countries (FAO),,2014,1095854.5
Least Developed Countries (FAO),,2015,1333918.2
Least Developed Countries (FAO),,2016,1374795.6
Least Developed Countries (FAO),,2017,1513878.5
Least Developed Countries (FAO),,2018,1638683.1
Least Developed Countries (FAO),,2019,1835242.1
Least Developed Countries (FAO),,2020,1919921.0
Least Developed Countries (FAO),,2021,2058385.8
Least Developed Countries (FAO),,2022,2102021.2
Least Developed Countries (FAO),,2023,2038737.4
Least Developed Countries (FAO),,2024,1973233.6
Liberia,LBR,1961,3400.0
Liberia,LBR,1962,3754.0
Liberia,LBR,1963,3670.0
Liberia,LBR,1964,3500.0
Liberia,LBR,1965,3187.0
Liberia,LBR,1966,8911.0
Liberia,LBR,1967,4327.0
Liberia,LBR,1968,4686.0
Liberia,LBR,1969,4261.0
Liberia,LBR,1970,4967.0
Liberia,LBR,1971,5521.0
Liberia,LBR,1972,5594.0
Liberia,LBR,1973,6935.0
Liberia,LBR,1974,3424.0
Liberia,LBR,1975,4150.0
Liberia,LBR,1976,4238.0
Liberia,LBR,1977,10076.0
Liberia,LBR,1978,8665.0
Liberia,LBR,1979,8200.0
Liberia,LBR,1980,12742.0
Liberia,LBR,1981,8400.0
Liberia,LBR,1982,11734.0
Liberia,LBR,1983,7500.0
Liberia,LBR,1984,11500.0
Liberia,LBR,1985,9000.0
Liberia,LBR,1986,9000.0
Liberia,LBR,1987,4200.0
Liberia,LBR,1988,3600.0
Liberia,LBR,1989,4800.0
Liberia,LBR,1990,1600.0
Liberia,LBR,1991,1300.0
Liberia,LBR,1992,3000.0
Liberia,LBR,1993,3000.0
Liberia,LBR,1994,3000.0
Liberia,LBR,1995,2996.67
Liberia,LBR,1996,3016.96
Liberia,LBR,1997,3041.01
Liberia,LBR,1998,3059.3
Liberia,LBR,1999,3078.58
Liberia,LBR,2000,3126.8
Liberia,LBR,2001,3200.0
Liberia,LBR,2002,3345.77
Liberia,LBR,2003,3538.89
Liberia,LBR,2004,3750.57
Liberia,LBR,2005,4080.0
Liberia,LBR,2006,4260.0
Liberia,LBR,2007,3180.0
Liberia,LBR,2008,2400.0
Liberia,LBR,2009,1800.0
Liberia,LBR,2010,600.0
Liberia,LBR,2011,649.83
Liberia,LBR,2012,650.19
Liberia,LBR,2013,636.92
Liberia,LBR,2014,650.74
Liberia,LBR,2015,628.42
Liberia,LBR,2016,638.69
Liberia,LBR,2017,625.6
Liberia,LBR,2018,620.95
Liberia,LBR,2019,628.41
Liberia,LBR,2020,626.48
Liberia,LBR,2021,656.18
Liberia,LBR,2022,655.85
Liberia,LBR,2023,654.58
Liberia,LBR,2024,653.22
Low Income Food Deficit Countries (FAO),,1961,581538.0
Low Income Food Deficit Countries (FAO),,1962,652859.0
Low Income Food Deficit Countries (FAO),,1963,688225.0
Low Income Food Deficit Countries (FAO),,1964,765976.0
Low Income Food Deficit Countries (FAO),,1965,730046.0
Low Income Food Deficit Countries (FAO),,1966,742031.0
Low Income Food Deficit Countries (FAO),,1967,773368.0
Low Income Food Deficit Countries (FAO),,1968,745375.0
Low Income Food Deficit Countries (FAO),,1969,876324.0
Low Income Food Deficit Countries (FAO),,1970,870675.0
Low Income Food Deficit Countries (FAO),,1971,859207.0
Low Income Food Deficit Countries (FAO),,1972,853720.0
Low Income Food Deficit Countries (FAO),,1973,928555.0
Low Income Food Deficit Countries (FAO),,1974,910373.0
Low Income Food Deficit Countries (FAO),,1975,941340.0
Low Income Food Deficit Countries (FAO),,1976,878052.0
Low Income Food Deficit Countries (FAO),,1977,965840.0
Low Income Food Deficit Countries (FAO),,1978,919209.0
Low Income Food Deficit Countries (FAO),,1979,905871.0
Low Income Food Deficit Countries (FAO),,1980,965417.0
Low Income Food Deficit Countries (FAO),,1981,992319.0
Low Income Food Deficit Countries (FAO),,1982,1037298.0
Low Income Food Deficit Countries (FAO),,1983,906490.0
Low Income Food Deficit Countries (FAO),,1984,1017004.0
Low Income Food Deficit Countries (FAO),,1985,954746.0
Low Income Food Deficit Countries (FAO),,1986,1070285.0
Low Income Food Deficit Countries (FAO),,1987,1019313.0
Low Income Food Deficit Countries (FAO),,1988,1097351.0
Low Income Food Deficit Countries (FAO),,1989,1101742.0
Low Income Food Deficit Countries (FAO),,1990,1024423.0
Low Income Food Deficit Countries (FAO),,1991,1064975.0
Low Income Food Deficit Countries (FAO),,1992,961013.0
Low Income Food Deficit Countries (FAO),,1993,917714.1
Low Income Food Deficit Countries (FAO),,1994,977141.9
Low Income Food Deficit Countries (FAO),,1995,1008816.0
Low Income Food Deficit Countries (FAO),,1996,1154450.2
Low Income Food Deficit Countries (FAO),,1997,984071.75
Low Income Food Deficit Countries (FAO),,1998,987277.2
Low Income Food Deficit Countries (FAO),,1999,1059611.6
Low Income Food Deficit Countries (FAO),,2000,1003775.3
Low Income Food Deficit Countries (FAO),,2001,907590.75
Low Income Food Deficit Countries (FAO),,2002,997060.75
Low Income Food Deficit Countries (FAO),,2003,777204.4
Low Income Food Deficit Countries (FAO),,2004,989207.44
Low Income Food Deficit Countries (FAO),,2005,877973.25
Low Income Food Deficit Countries (FAO),,2006,975103.06
Low Income Food Deficit Countries (FAO),,2007,969234.75
Low Income Food Deficit Countries (FAO),,2008,1017375.0
Low Income Food Deficit Countries (FAO),,2009,965117.94
Low Income Food Deficit Countries (FAO),,2010,1085526.1
Low Income Food Deficit Countries (FAO),,2011,1141233.5
Low Income Food Deficit Countries (FAO),,2012,1130168.8
Low Income Food Deficit Countries (FAO),,2013,1089373.0
Low Income Food Deficit Countries (FAO),,2014,1124872.6
Low Income Food Deficit Countries (FAO),,2015,1343228.0
Low Income Food Deficit Countries (FAO),,2016,1411774.0
Low Income Food Deficit Countries (FAO),,2017,1540277.6
Low Income Food Deficit Countries (FAO),,2018,1673264.0
Low Income Food Deficit Countries (FAO),,2019,1872309.0
Low Income Food Deficit Countries (FAO),,2020,1954404.4
Low Income Food Deficit Countries (FAO),,2021,2091864.0
Low Income Food Deficit Countries (FAO),,2022,2154679.8
Low Income Food Deficit Countries (FAO),,2023,2048238.2
Low Income Food Deficit Countries (FAO),,2024,1997923.2
Low-income countries,OWID_LIC,1961,261070.0
Low-income countries,OWID_LIC,1962,312072.0
Low-income countries,OWID_LIC,1963,337735.0
Low-income countries,OWID_LIC,1964,363414.0
Low-income countries,OWID_LIC,1965,338521.0
Low-income countries,OWID_LIC,1966,344129.0
Low-income countries,OWID_LIC,1967,360912.0
Low-income countries,OWID_LIC,1968,336123.0
Low-income countries,OWID_LIC,1969,450738.0
Low-income countries,OWID_LIC,1970,415752.0
Low-income countries,OWID_LIC,1971,381654.0
Low-income countries,OWID_LIC,1972,395045.0
Low-income countries,OWID_LIC,1973,440898.0
Low-income countries,OWID_LIC,1974,432746.0
Low-income countries,OWID_LIC,1975,442293.0
Low-income countries,OWID_LIC,1976,385934.0
Low-income countries,OWID_LIC,1977,425803.0
Low-income countries,OWID_LIC,1978,369415.0
Low-income countries,OWID_LIC,1979,374995.0
Low-income countries,OWID_LIC,1980,402045.0
Low-income countries,OWID_LIC,1981,397355.0
Low-income countries,OWID_LIC,1982,436866.0
Low-income countries,OWID_LIC,1983,434131.0
Low-income countries,OWID_LIC,1984,438177.0
Low-income countries,OWID_LIC,1985,457325.0
Low-income countries,OWID_LIC,1986,479882.0
Low-income countries,OWID_LIC,1987,498586.0
Low-income countries,OWID_LIC,1988,495326.0
Low-income countries,OWID_LIC,1989,491889.0
Low-income countries,OWID_LIC,1990,451757.0
Low-income countries,OWID_LIC,1991,479090.0
Low-income countries,OWID_LIC,1992,420069.0
Low-income countries,OWID_LIC,1993,604492.0
Low-income countries,OWID_LIC,1994,676509.0
Low-income countries,OWID_LIC,1995,676081.7
Low-income countries,OWID_LIC,1996,786803.94
Low-income countries,OWID_LIC,1997,682962.0
Low-income countries,OWID_LIC,1998,658289.3
Low-income countries,OWID_LIC,1999,693089.5
Low-income countries,OWID_LIC,2000,623808.8
Low-income countries,OWID_LIC,2001,608839.75
Low-income countries,OWID_LIC,2002,720972.06
Low-income countries,OWID_LIC,2003,475463.4
Low-income countries,OWID_LIC,2004,698542.56
Low-income countries,OWID_LIC,2005,518418.0
Low-income countries,OWID_LIC,2006,695313.0
Low-income countries,OWID_LIC,2007,640126.0
Low-income countries,OWID_LIC,2008,738725.0
Low-income countries,OWID_LIC,2009,654807.9
Low-income countries,OWID_LIC,2010,804309.3
Low-income countries,OWID_LIC,2011,858836.2
Low-income countries,OWID_LIC,2012,846953.25
Low-income countries,OWID_LIC,2013,819343.9
Low-income countries,OWID_LIC,2014,849573.7
Low-income countries,OWID_LIC,2015,904876.25
Low-income countries,OWID_LIC,2016,916900.4
Low-income countries,OWID_LIC,2017,1058957.2
Low-income countries,OWID_LIC,2018,1159953.8
Low-income countries,OWID_LIC,2019,1309337.1
Low-income countries,OWID_LIC,2020,1414536.2
Low-income countries,OWID_LIC,2021,1515174.8
Low-income countries,OWID_LIC,2022,1562377.4
Low-income countries,OWID_LIC,2023,1552808.6
Low-income countries,OWID_LIC,2024,1505823.6
Lower-middle-income countries,OWID_LMC,1961,665320.0
Lower-middle-income countries,OWID_LMC,1962,634557.0
Lower-middle-income countries,OWID_LMC,1963,723534.0
Lower-middle-income countries,OWID_LMC,1964,875032.0
Lower-middle-income countries,OWID_LMC,1965,837452.0
Lower-middle-income countries,OWID_LMC,1966,949010.0
Lower-middle-income countries,OWID_LMC,1967,841774.0
Lower-middle-income countries,OWID_LMC,1968,928126.0
Lower-middle-income countries,OWID_LMC,1969,910121.0
Lower-middle-income countries,OWID_LMC,1970,993111.0
Lower-middle-income countries,OWID_LMC,1971,1038586.0
Lower-middle-income countries,OWID_LMC,1972,1028055.0
Lower-middle-income countries,OWID_LMC,1973,1079618.0
Lower-middle-income countries,OWID_LMC,1974,1004887.0
Lower-middle-income countries,OWID_LMC,1975,1091203.0
Lower-middle-income countries,OWID_LMC,1976,983579.0
Lower-middle-income countries,OWID_LMC,1977,1042626.0
Lower-middle-income countries,OWID_LMC,1978,987953.0
Lower-middle-income countries,OWID_LMC,1979,1033798.0
Lower-middle-income countries,OWID_LMC,1980,1122494.0
Lower-middle-income countries,OWID_LMC,1981,1228796.0
Lower-middle-income countries,OWID_LMC,1982,1159250.0
Lower-middle-income countries,OWID_LMC,1983,1072861.0
Lower-middle-income countries,OWID_LMC,1984,928636.0
Lower-middle-income countries,OWID_LMC,1985,1160454.0
Lower-middle-income countries,OWID_LMC,1986,1144139.0
Lower-middle-income countries,OWID_LMC,1987,1164717.0
Lower-middle-income countries,OWID_LMC,1988,1123390.0
Lower-middle-income countries,OWID_LMC,1989,1272006.0
Lower-middle-income countries,OWID_LMC,1990,1227116.0
Lower-middle-income countries,OWID_LMC,1991,1170749.2
Lower-middle-income countries,OWID_LMC,1992,1222245.0
Lower-middle-income countries,OWID_LMC,1993,1102917.4
Lower-middle-income countries,OWID_LMC,1994,1211570.1
Lower-middle-income countries,OWID_LMC,1995,1308413.6
Lower-middle-income countries,OWID_LMC,1996,1480961.2
Lower-middle-income countries,OWID_LMC,1997,1623801.0
Lower-middle-income countries,OWID_LMC,1998,1721668.9
Lower-middle-income countries,OWID_LMC,1999,1920276.9
Lower-middle-income countries,OWID_LMC,2000,2326994.5
Lower-middle-income countries,OWID_LMC,2001,2214252.0
Lower-middle-income countries,OWID_LMC,2002,1898831.0
Lower-middle-income countries,OWID_LMC,2003,1952455.9
Lower-middle-income countries,OWID_LMC,2004,2064123.6
Lower-middle-income countries,OWID_LMC,2005,2161046.5
Lower-middle-income countries,OWID_LMC,2006,2186543.2
Lower-middle-income countries,OWID_LMC,2007,2537049.2
Lower-middle-income countries,OWID_LMC,2008,2277233.0
Lower-middle-income countries,OWID_LMC,2009,2281280.8
Lower-middle-income countries,OWID_LMC,2010,2282109.5
Lower-middle-income countries,OWID_LMC,2011,2472534.8
Lower-middle-income countries,OWID_LMC,2012,2610252.2
Lower-middle-income countries,OWID_LMC,2013,2590773.2
Lower-middle-income countries,OWID_LMC,2014,2691637.2
Lower-middle-income countries,OWID_LMC,2015,3008934.0
Lower-middle-income countries,OWID_LMC,2016,3102236.8
Lower-middle-income countries,OWID_LMC,2017,3171111.2
Lower-middle-income countries,OWID_LMC,2018,3386552.5
Lower-middle-income countries,OWID_LMC,2019,3483389.2
Lower-middle-income countries,OWID_LMC,2020,3379042.5
Lower-middle-income countries,OWID_LMC,2021,3577268.0
Lower-middle-income countries,OWID_LMC,2022,3655218.5
Lower-middle-income countries,OWID_LMC,2023,3611128.0
Lower-middle-income countries,OWID_LMC,2024,3470009.5
Madagascar,MDG,1961,54000.0
Madagascar,MDG,1962,73000.0
Madagascar,MDG,1963,62000.0
Madagascar,MDG,1964,70415.0
Madagascar,MDG,1965,65640.0
Madagascar,MDG,1966,71535.0
Madagascar,MDG,1967,73065.0
Madagascar,MDG,1968,70850.0
Madagascar,MDG,1969,63945.0
Madagascar,MDG,1970,66555.0
Madagascar,MDG,1971,57710.0
Madagascar,MDG,1972,68585.0
Madagascar,MDG,1973,73880.0
Madagascar,MDG,1974,80900.0
Madagascar,MDG,1975,83560.0
Madagascar,MDG,1976,78930.0
Madagascar,MDG,1977,91520.0
Madagascar,MDG,1978,78200.0
Madagascar,MDG,1979,81565.0
Madagascar,MDG,1980,79880.0
Madagascar,MDG,1981,83460.0
Madagascar,MDG,1982,81225.0
Madagascar,MDG,1983,80855.0
Madagascar,MDG,1984,81400.0
Madagascar,MDG,1985,78500.0
Madagascar,MDG,1986,82280.0
Madagascar,MDG,1987,80750.0
Madagascar,MDG,1988,83500.0
Madagascar,MDG,1989,88200.0
Madagascar,MDG,1990,85000.0
Madagascar,MDG,1991,83865.0
Madagascar,MDG,1992,79882.0
Madagascar,MDG,1993,78000.0
Madagascar,MDG,1994,70000.0
Madagascar,MDG,1995,68000.0
Madagascar,MDG,1996,68000.0
Madagascar,MDG,1997,55000.0
Madagascar,MDG,1998,60000.0
Madagascar,MDG,1999,65000.0
Madagascar,MDG,2000,58080.0
Madagascar,MDG,2001,64530.0
Madagascar,MDG,2002,61520.0
Madagascar,MDG,2003,70315.0
Madagascar,MDG,2004,67775.0
Madagascar,MDG,2005,55500.0
Madagascar,MDG,2006,61635.0
Madagascar,MDG,2007,56470.0
Madagascar,MDG,2008,56978.0
Madagascar,MDG,2009,57491.0
Madagascar,MDG,2010,58178.0
Madagascar,MDG,2011,55698.04
Madagascar,MDG,2012,53363.68
Madagascar,MDG,2013,51627.54
Madagascar,MDG,2014,49223.0
Madagascar,MDG,2015,47507.0
Madagascar,MDG,2016,53093.0
Madagascar,MDG,2017,59602.0
Madagascar,MDG,2018,54514.81
Madagascar,MDG,2019,65760.0
Madagascar,MDG,2020,42220.0
Madagascar,MDG,2021,46400.61
Madagascar,MDG,2022,50532.03
Madagascar,MDG,2023,49340.52
Madagascar,MDG,2024,49561.4
Malawi,MWI,1961,167.0
Malawi,MWI,1962,198.0
Malawi,MWI,1963,230.0
Malawi,MWI,1964,133.0
Malawi,MWI,1965,128.0
Malawi,MWI,1966,166.0
Malawi,MWI,1967,151.0
Malawi,MWI,1968,145.0
Malawi,MWI,1969,154.0
Malawi,MWI,1970,263.0
Malawi,MWI,1971,153.0
Malawi,MWI,1972,186.0
Malawi,MWI,1973,187.0
Malawi,MWI,1974,625.0
Malawi,MWI,1975,788.0
Malawi,MWI,1976,880.0
Malawi,MWI,1977,880.0
Malawi,MWI,1978,900.0
Malawi,MWI,1979,900.0
Malawi,MWI,1980,1000.0
Malawi,MWI,1981,1000.0
Malawi,MWI,1982,1020.0
Malawi,MWI,1983,1140.0
Malawi,MWI,1984,1860.0
Malawi,MWI,1985,3480.0
Malawi,MWI,1986,3692.0
Malawi,MWI,1987,4966.0
Malawi,MWI,1988,4320.0
Malawi,MWI,1989,6780.0
Malawi,MWI,1990,6180.0
Malawi,MWI,1991,7500.0
Malawi,MWI,1992,8160.0
Malawi,MWI,1993,3780.0
Malawi,MWI,1994,5040.0
Malawi,MWI,1995,5460.0
Malawi,MWI,1996,4797.0
Malawi,MWI,1997,4552.0
Malawi,MWI,1998,3840.0
Malawi,MWI,1999,3540.0
Malawi,MWI,2000,3780.0
Malawi,MWI,2001,4320.0
Malawi,MWI,2002,2980.0
Malawi,MWI,2003,2584.0
Malawi,MWI,2004,1590.0
Malawi,MWI,2005,1181.0
Malawi,MWI,2006,2091.0
Malawi,MWI,2007,1403.0
Malawi,MWI,2008,1122.0
Malawi,MWI,2009,5510.0
Malawi,MWI,2010,4176.0
Malawi,MWI,2011,4015.0
Malawi,MWI,2012,5684.0
Malawi,MWI,2013,5699.0
Malawi,MWI,2014,6757.0
Malawi,MWI,2015,7217.0
Malawi,MWI,2016,7217.0
Malawi,MWI,2017,8420.0
Malawi,MWI,2018,11082.0
Malawi,MWI,2019,11000.0
Malawi,MWI,2020,10000.0
Malawi,MWI,2021,10086.0
Malawi,MWI,2022,11000.0
Malawi,MWI,2023,11000.0
Malawi,MWI,2024,11223.46
Malaysia,MYS,1961,2700.0
Malaysia,MYS,1962,2580.0
Malaysia,MYS,1963,2820.0
Malaysia,MYS,1964,3120.0
Malaysia,MYS,1965,3120.0
Malaysia,MYS,1966,3480.0
Malaysia,MYS,1967,3420.0
Malaysia,MYS,1968,3600.0
Malaysia,MYS,1969,3780.0
Malaysia,MYS,1970,3540.0
Malaysia,MYS,1971,3960.0
Malaysia,MYS,1972,4200.0
Malaysia,MYS,1973,4920.0
Malaysia,MYS,1974,5880.0
Malaysia,MYS,1975,6240.0
Malaysia,MYS,1976,8100.0
Malaysia,MYS,1977,5400.0
Malaysia,MYS,1978,6120.0
Malaysia,MYS,1979,5880.0
Malaysia,MYS,1980,10100.0
Malaysia,MYS,1981,10400.0
Malaysia,MYS,1982,11300.0
Malaysia,MYS,1983,11900.0
Malaysia,MYS,1984,11900.0
Malaysia,MYS,1985,10900.0
Malaysia,MYS,1986,10300.0
Malaysia,MYS,1987,11500.0
Malaysia,MYS,1988,9500.0
Malaysia,MYS,1989,6732.0
Malaysia,MYS,1990,7215.0
Malaysia,MYS,1991,7600.0
Malaysia,MYS,1992,9000.0
Malaysia,MYS,1993,11100.0
Malaysia,MYS,1994,11200.0
Malaysia,MYS,1995,11300.0
Malaysia,MYS,1996,15000.0
Malaysia,MYS,1997,20000.0
Malaysia,MYS,1998,28000.0
Malaysia,MYS,1999,35000.0
Malaysia,MYS,2000,39800.0
Malaysia,MYS,2001,38500.0
Malaysia,MYS,2002,39200.0
Malaysia,MYS,2003,40000.0
Malaysia,MYS,2004,39200.0
Malaysia,MYS,2005,40000.0
Malaysia,MYS,2006,32779.0
Malaysia,MYS,2007,21213.0
Malaysia,MYS,2008,23061.0
Malaysia,MYS,2009,16332.0
Malaysia,MYS,2010,15768.0
Malaysia,MYS,2011,15064.0
Malaysia,MYS,2012,10427.0
Malaysia,MYS,2013,14739.0
Malaysia,MYS,2014,8186.0
Malaysia,MYS,2015,5929.0
Malaysia,MYS,2016,7170.0
Malaysia,MYS,2017,8109.18
Malaysia,MYS,2018,3369.2
Malaysia,MYS,2019,3558.5
Malaysia,MYS,2020,4241.08
Malaysia,MYS,2021,4150.55
Malaysia,MYS,2022,3849.58
Malaysia,MYS,2023,3910.09
Malaysia,MYS,2024,2861.29
Martinique,MTQ,1961,2400.0
Martinique,MTQ,1962,2400.0
Martinique,MTQ,1963,2400.0
Martinique,MTQ,1964,2400.0
Martinique,MTQ,1965,2400.0
Martinique,MTQ,1966,2400.0
Martinique,MTQ,1967,2400.0
Martinique,MTQ,1968,2400.0
Martinique,MTQ,1969,600.0
Martinique,MTQ,1970,600.0
Martinique,MTQ,1971,600.0
Martinique,MTQ,1972,600.0
Martinique,MTQ,1973,600.0
Martinique,MTQ,1974,600.0
Martinique,MTQ,1975,0.0
Martinique,MTQ,1976,0.0
Martinique,MTQ,1977,0.0
Martinique,MTQ,1978,0.0
Martinique,MTQ,1979,0.0
Martinique,MTQ,1980,0.0
Martinique,MTQ,1981,0.0
Martinique,MTQ,1982,0.0
Martinique,MTQ,1983,0.0
Martinique,MTQ,1984,0.0
Martinique,MTQ,1985,0.0
Martinique,MTQ,1986,0.0
Martinique,MTQ,1987,0.0
Martinique,MTQ,1988,0.0
Martinique,MTQ,1989,0.0
Martinique,MTQ,1990,0.0
Martinique,MTQ,1991,75.0
Martinique,MTQ,1992,75.0
Martinique,MTQ,1993,75.0
Martinique,MTQ,1994,74.73
Martinique,MTQ,1995,35.0
Martinique,MTQ,1996,44.62
Martinique,MTQ,1997,40.0
Martinique,MTQ,1998,40.0
Martinique,MTQ,1999,40.91
Martinique,MTQ,2000,40.0
Martinique,MTQ,2001,39.81
Martinique,MTQ,2002,36.68
Martinique,MTQ,2003,35.47
Martinique,MTQ,2004,36.57
Martinique,MTQ,2005,32.75
Martinique,MTQ,2006,30.35
Mauritius,MUS,1961,0.0
Mauritius,MUS,1962,0.0
Mauritius,MUS,1963,0.0
Mauritius,MUS,1964,0.0
Mauritius,MUS,1965,0.0
Mauritius,MUS,1966,0.0
Mauritius,MUS,1967,0.0
Mauritius,MUS,1968,0.0
Mauritius,MUS,1969,0.0
Mauritius,MUS,1970,0.0
Mauritius,MUS,1971,0.0
Mauritius,MUS,1972,0.0
Mauritius,MUS,1973,0.0
Mauritius,MUS,1974,0.0
Mauritius,MUS,1975,0.0
Mauritius,MUS,1976,0.0
Mauritius,MUS,1977,0.0
Mauritius,MUS,1978,0.0
Mauritius,MUS,1979,0.0
Mauritius,MUS,1980,0.0
Mauritius,MUS,1981,0.0
Mauritius,MUS,1982,0.0
Mauritius,MUS,1983,0.0
Mauritius,MUS,1984,0.0
Mauritius,MUS,1985,0.0
Mauritius,MUS,1986,0.0
Mauritius,MUS,1987,40.0
Mauritius,MUS,1988,40.0
Mauritius,MUS,1989,50.0
Mauritius,MUS,1990,0.0
Mauritius,MUS,1991,0.0
Mauritius,MUS,1992,0.0
Melanesia,OWID_MNS,1961,5010.0
Melanesia,OWID_MNS,1962,6466.0
Melanesia,OWID_MNS,1963,7731.0
Melanesia,OWID_MNS,1964,10138.0
Melanesia,OWID_MNS,1965,11691.0
Melanesia,OWID_MNS,1966,13722.0
Melanesia,OWID_MNS,1967,17562.0
Melanesia,OWID_MNS,1968,15688.0
Melanesia,OWID_MNS,1969,23289.0
Melanesia,OWID_MNS,1970,28406.0
Melanesia,OWID_MNS,1971,28100.0
Melanesia,OWID_MNS,1972,30248.0
Melanesia,OWID_MNS,1973,36431.0
Melanesia,OWID_MNS,1974,34944.0
Melanesia,OWID_MNS,1975,38520.0
Melanesia,OWID_MNS,1976,41041.0
Melanesia,OWID_MNS,1977,38837.0
Melanesia,OWID_MNS,1978,46532.0
Melanesia,OWID_MNS,1979,50296.0
Melanesia,OWID_MNS,1980,55501.0
Melanesia,OWID_MNS,1981,50515.0
Melanesia,OWID_MNS,1982,41506.0
Melanesia,OWID_MNS,1983,56349.0
Melanesia,OWID_MNS,1984,44064.0
Melanesia,OWID_MNS,1985,56863.0
Melanesia,OWID_MNS,1986,44884.0
Melanesia,OWID_MNS,1987,63041.0
Melanesia,OWID_MNS,1988,62185.0
Melanesia,OWID_MNS,1989,66035.0
Melanesia,OWID_MNS,1990,60975.0
Melanesia,OWID_MNS,1991,47685.0
Melanesia,OWID_MNS,1992,50794.0
Melanesia,OWID_MNS,1993,63803.13
Melanesia,OWID_MNS,1994,67222.22
Melanesia,OWID_MNS,1995,59660.86
Melanesia,OWID_MNS,1996,65166.48
Melanesia,OWID_MNS,1997,64615.36
Melanesia,OWID_MNS,1998,81035.85
Melanesia,OWID_MNS,1999,83143.3
Melanesia,OWID_MNS,2000,83063.0
Melanesia,OWID_MNS,2001,63807.15
Melanesia,OWID_MNS,2002,65155.2
Melanesia,OWID_MNS,2003,69348.96
Melanesia,OWID_MNS,2004,59910.72
Melanesia,OWID_MNS,2005,76134.0
Melanesia,OWID_MNS,2006,48474.96
Melanesia,OWID_MNS,2007,58131.32
Melanesia,OWID_MNS,2008,61742.85
Melanesia,OWID_MNS,2009,60279.38
Melanesia,OWID_MNS,2010,52263.62
Melanesia,OWID_MNS,2011,84920.94
Melanesia,OWID_MNS,2012,43659.29
Melanesia,OWID_MNS,2013,49722.64
Melanesia,OWID_MNS,2014,56934.81
Melanesia,OWID_MNS,2015,58011.64
Melanesia,OWID_MNS,2016,53754.25
Melanesia,OWID_MNS,2017,47015.3
Melanesia,OWID_MNS,2018,53190.57
Melanesia,OWID_MNS,2019,45160.39
Melanesia,OWID_MNS,2020,40530.61
Melanesia,OWID_MNS,2021,47910.41
Melanesia,OWID_MNS,2022,40830.93
Melanesia,OWID_MNS,2023,58829.92
Melanesia,OWID_MNS,2024,50428.67
Mexico,MEX,1961,126616.0
Mexico,MEX,1962,139794.0
Mexico,MEX,1963,137069.0
Mexico,MEX,1964,156477.0
Mexico,MEX,1965,162149.0
Mexico,MEX,1966,183005.0
Mexico,MEX,1967,224505.0
Mexico,MEX,1968,212656.0
Mexico,MEX,1969,172734.0
Mexico,MEX,1970,185293.0
Mexico,MEX,1971,187495.0
Mexico,MEX,1972,203462.0
Mexico,MEX,1973,221718.0
Mexico,MEX,1974,220767.0
Mexico,MEX,1975,228264.0
Mexico,MEX,1976,212200.0
Mexico,MEX,1977,182010.0
Mexico,MEX,1978,241602.0
Mexico,MEX,1979,220191.0
Mexico,MEX,1980,220040.0
Mexico,MEX,1981,262904.0
Mexico,MEX,1982,251768.0
Mexico,MEX,1983,307948.0
Mexico,MEX,1984,239870.0
Mexico,MEX,1985,260197.0
Mexico,MEX,1986,374828.0
Mexico,MEX,1987,336180.0
Mexico,MEX,1988,423000.0
Mexico,MEX,1989,343440.0
Mexico,MEX,1990,440000.0
Mexico,MEX,1991,334330.0
Mexico,MEX,1992,359665.0
Mexico,MEX,1993,335627.0
Mexico,MEX,1994,324500.0
Mexico,MEX,1995,324526.0
Mexico,MEX,1996,374153.0
Mexico,MEX,1997,368315.0
Mexico,MEX,1998,277372.0
Mexico,MEX,1999,302119.0
Mexico,MEX,2000,338170.0
Mexico,MEX,2001,302996.0
Mexico,MEX,2002,313027.0
Mexico,MEX,2003,310861.0
Mexico,MEX,2004,312413.0
Mexico,MEX,2005,294364.0
Mexico,MEX,2006,279635.0
Mexico,MEX,2007,268565.0
Mexico,MEX,2008,260442.0
Mexico,MEX,2009,264472.0
Mexico,MEX,2010,245271.0
Mexico,MEX,2011,237056.0
Mexico,MEX,2012,246121.0
Mexico,MEX,2013,231596.0
Mexico,MEX,2014,214667.0
Mexico,MEX,2015,188934.0
Mexico,MEX,2016,151714.0
Mexico,MEX,2017,153777.4
Mexico,MEX,2018,158307.98
Mexico,MEX,2019,165712.27
Mexico,MEX,2020,175554.62
Mexico,MEX,2021,174341.4
Mexico,MEX,2022,188710.0
Mexico,MEX,2023,194940.0
Mexico,MEX,2024,194470.0
Middle Africa (FAO),,1961,284358.0
Middle Africa (FAO),,1962,313997.0
Middle Africa (FAO),,1963,310058.0
Middle Africa (FAO),,1964,332932.0
Middle Africa (FAO),,1965,359678.0
Middle Africa (FAO),,1966,360495.0
Middle Africa (FAO),,1967,393702.0
Middle Africa (FAO),,1968,361549.0
Middle Africa (FAO),,1969,386640.0
Middle Africa (FAO),,1970,386585.0
Middle Africa (FAO),,1971,412311.0
Middle Africa (FAO),,1972,417688.0
Middle Africa (FAO),,1973,399550.0
Middle Africa (FAO),,1974,428099.0
Middle Africa (FAO),,1975,376025.0
Middle Africa (FAO),,1976,249829.0
Middle Africa (FAO),,1977,257272.0
Middle Africa (FAO),,1978,253901.0
Middle Africa (FAO),,1979,230728.0
Middle Africa (FAO),,1980,270715.0
Middle Africa (FAO),,1981,250316.0
Middle Africa (FAO),,1982,267547.0
Middle Africa (FAO),,1983,187820.0
Middle Africa (FAO),,1984,275034.0
Middle Africa (FAO),,1985,228709.0
Middle Africa (FAO),,1986,271698.0
Middle Africa (FAO),,1987,219567.0
Middle Africa (FAO),,1988,268597.0
Middle Africa (FAO),,1989,252019.0
Middle Africa (FAO),,1990,230048.0
Middle Africa (FAO),,1991,240568.0
Middle Africa (FAO),,1992,189792.0
Middle Africa (FAO),,1993,179376.48
Middle Africa (FAO),,1994,185583.0
Middle Africa (FAO),,1995,177296.0
Middle Africa (FAO),,1996,205756.0
Middle Africa (FAO),,1997,159276.0
Middle Africa (FAO),,1998,191691.0
Middle Africa (FAO),,1999,166338.0
Middle Africa (FAO),,2000,156893.0
Middle Africa (FAO),,2001,127535.0
Middle Africa (FAO),,2002,94232.0
Middle Africa (FAO),,2003,94752.97
Middle Africa (FAO),,2004,99281.33
Middle Africa (FAO),,2005,106218.0
Middle Africa (FAO),,2006,108410.0
Middle Africa (FAO),,2007,101190.55
Middle Africa (FAO),,2008,96732.48
Middle Africa (FAO),,2009,102359.69
Middle Africa (FAO),,2010,120859.24
Middle Africa (FAO),,2011,81909.12
Middle Africa (FAO),,2012,96003.91
Middle Africa (FAO),,2013,99532.34
Middle Africa (FAO),,2014,102692.42
Middle Africa (FAO),,2015,102160.62
Middle Africa (FAO),,2016,100203.22
Middle Africa (FAO),,2017,113144.27
Middle Africa (FAO),,2018,203253.98
Middle Africa (FAO),,2019,317235.6
Middle Africa (FAO),,2020,397957.16
Middle Africa (FAO),,2021,402258.25
Middle Africa (FAO),,2022,410546.0
Middle Africa (FAO),,2023,423099.62
Middle Africa (FAO),,2024,435305.56
Mozambique,MOZ,1961,1000.0
Mozambique,MOZ,1962,1000.0
Mozambique,MOZ,1963,1000.0
Mozambique,MOZ,1964,1000.0
Mozambique,MOZ,1965,1000.0
Mozambique,MOZ,1966,1000.0
Mozambique,MOZ,1967,1000.0
Mozambique,MOZ,1968,1000.0
Mozambique,MOZ,1969,1000.0
Mozambique,MOZ,1970,1000.0
Mozambique,MOZ,1971,1000.0
Mozambique,MOZ,1972,1000.0
Mozambique,MOZ,1973,1000.0
Mozambique,MOZ,1974,1000.0
Mozambique,MOZ,1975,1000.0
Mozambique,MOZ,1976,1000.0
Mozambique,MOZ,1977,1000.0
Mozambique,MOZ,1978,1000.0
Mozambique,MOZ,1979,1000.0
Mozambique,MOZ,1980,1000.0
Mozambique,MOZ,1981,1000.0
Mozambique,MOZ,1982,1000.0
Mozambique,MOZ,1983,1000.0
Mozambique,MOZ,1984,1000.0
Mozambique,MOZ,1985,1000.0
Mozambique,MOZ,1986,1000.0
Mozambique,MOZ,1987,1000.0
Mozambique,MOZ,1988,1000.0
Mozambique,MOZ,1989,1000.0
Mozambique,MOZ,1990,937.0
Mozambique,MOZ,1991,900.0
Mozambique,MOZ,1992,700.0
Mozambique,MOZ,1993,1000.0
Mozambique,MOZ,1994,800.0
Mozambique,MOZ,1995,900.0
Mozambique,MOZ,1996,950.0
Mozambique,MOZ,1997,1000.0
Mozambique,MOZ,1998,838.0
Mozambique,MOZ,1999,812.89
Mozambique,MOZ,2000,600.0
Mozambique,MOZ,2001,782.41
Mozambique,MOZ,2002,786.66
Mozambique,MOZ,2003,801.53
Mozambique,MOZ,2004,750.0
Mozambique,MOZ,2005,680.0
Mozambique,MOZ,2006,700.0
Mozambique,MOZ,2007,720.0
Mozambique,MOZ,2008,730.0
Mozambique,MOZ,2009,740.0
Mozambique,MOZ,2010,770.0
Mozambique,MOZ,2011,800.0
Mozambique,MOZ,2012,900.0
Mozambique,MOZ,2013,900.0
Mozambique,MOZ,2014,816.94
Mozambique,MOZ,2015,804.44
Mozambique,MOZ,2016,840.46
Mozambique,MOZ,2017,806.23
Mozambique,MOZ,2018,798.24
Mozambique,MOZ,2019,789.95
Mozambique,MOZ,2020,791.95
Mozambique,MOZ,2021,797.11
Mozambique,MOZ,2022,802.61
Mozambique,MOZ,2023,803.15
Mozambique,MOZ,2024,803.7
Myanmar,MMR,1961,200.0
Myanmar,MMR,1962,949.0
Myanmar,MMR,1963,1688.0
Myanmar,MMR,1964,1162.0
Myanmar,MMR,1965,1534.0
Myanmar,MMR,1966,1292.0
Myanmar,MMR,1967,1506.0
Myanmar,MMR,1968,1406.0
Myanmar,MMR,1969,1210.0
Myanmar,MMR,1970,1016.0
Myanmar,MMR,1971,917.0
Myanmar,MMR,1972,957.0
Myanmar,MMR,1973,1026.0
Myanmar,MMR,1974,956.0
Myanmar,MMR,1975,1024.0
Myanmar,MMR,1976,923.0
Myanmar,MMR,1977,940.0
Myanmar,MMR,1978,1079.0
Myanmar,MMR,1979,1017.0
Myanmar,MMR,1980,1114.0
Myanmar,MMR,1981,1044.0
Myanmar,MMR,1982,1167.0
Myanmar,MMR,1983,1195.0
Myanmar,MMR,1984,1217.0
Myanmar,MMR,1985,1253.0
Myanmar,MMR,1986,1414.0
Myanmar,MMR,1987,1488.0
Myanmar,MMR,1988,1501.0
Myanmar,MMR,1989,1571.0
Myanmar,MMR,1990,1378.0
Myanmar,MMR,1991,1300.0
Myanmar,MMR,1992,1200.0
Myanmar,MMR,1993,1400.0
Myanmar,MMR,1994,1500.0
Myanmar,MMR,1995,1500.0
Myanmar,MMR,1996,1700.0
Myanmar,MMR,1997,1900.0
Myanmar,MMR,1998,1700.0
Myanmar,MMR,1999,1800.0
Myanmar,MMR,2000,2100.0
Myanmar,MMR,2001,2300.0
Myanmar,MMR,2002,2700.0
Myanmar,MMR,2003,2960.0
Myanmar,MMR,2004,3500.0
Myanmar,MMR,2005,4000.0
Myanmar,MMR,2006,4800.0
Myanmar,MMR,2007,5900.0
Myanmar,MMR,2008,6300.0
Myanmar,MMR,2009,7000.0
Myanmar,MMR,2010,7300.0
Myanmar,MMR,2011,7600.0
Myanmar,MMR,2012,8000.0
Myanmar,MMR,2013,8100.0
Myanmar,MMR,2014,8400.0
Myanmar,MMR,2015,8300.0
Myanmar,MMR,2016,8474.0
Myanmar,MMR,2017,8547.0
Myanmar,MMR,2018,8677.84
Myanmar,MMR,2019,8769.0
Myanmar,MMR,2020,8908.0
Myanmar,MMR,2021,8908.0
Myanmar,MMR,2022,8557.0
Myanmar,MMR,2023,8481.74
Myanmar,MMR,2024,8903.66
Nepal,NPL,1995,25.0
Nepal,NPL,1996,29.0
Nepal,NPL,1997,37.0
Nepal,NPL,1998,56.0
Nepal,NPL,1999,45.0
Nepal,NPL,2000,72.0
Nepal,NPL,2001,89.0
Nepal,NPL,2002,139.0
Nepal,NPL,2003,188.0
Nepal,NPL,2004,218.0
Nepal,NPL,2005,250.0
Nepal,NPL,2006,300.0
Nepal,NPL,2007,460.0
Nepal,NPL,2008,500.0
Nepal,NPL,2009,268.0
Nepal,NPL,2010,307.0
Nepal,NPL,2011,402.0
Nepal,NPL,2012,425.0
Nepal,NPL,2013,366.0
Nepal,NPL,2014,430.0
Nepal,NPL,2015,463.58
Nepal,NPL,2016,532.0
Nepal,NPL,2017,466.0
Nepal,NPL,2018,513.0
Nepal,NPL,2019,530.0
Nepal,NPL,2020,297.0
Nepal,NPL,2021,315.0
Nepal,NPL,2022,355.0
Nepal,NPL,2023,394.4
Nepal,NPL,2024,501.3
Net Food Importing Developing Countries (FAO),,1961,1197554.0
Net Food Importing Developing Countries (FAO),,1962,1201081.0
Net Food Importing Developing Countries (FAO),,1963,1329675.0
Net Food Importing Developing Countries (FAO),,1964,1492596.0
Net Food Importing Developing Countries (FAO),,1965,1362785.0
Net Food Importing Developing Countries (FAO),,1966,1519041.0
Net Food Importing Developing Countries (FAO),,1967,1426358.0
Net Food Importing Developing Countries (FAO),,1968,1486985.0
Net Food Importing Developing Countries (FAO),,1969,1597998.0
Net Food Importing Developing Countries (FAO),,1970,1599589.0
Net Food Importing Developing Countries (FAO),,1971,1597665.0
Net Food Importing Developing Countries (FAO),,1972,1605844.0
Net Food Importing Developing Countries (FAO),,1973,1711380.0
Net Food Importing Developing Countries (FAO),,1974,1605862.0
Net Food Importing Developing Countries (FAO),,1975,1677742.0
Net Food Importing Developing Countries (FAO),,1976,1501464.0
Net Food Importing Developing Countries (FAO),,1977,1604068.0
Net Food Importing Developing Countries (FAO),,1978,1419482.0
Net Food Importing Developing Countries (FAO),,1979,1562446.0
Net Food Importing Developing Countries (FAO),,1980,1581678.0
Net Food Importing Developing Countries (FAO),,1981,1701029.0
Net Food Importing Developing Countries (FAO),,1982,1602891.0
Net Food Importing Developing Countries (FAO),,1983,1566571.0
Net Food Importing Developing Countries (FAO),,1984,1419042.0
Net Food Importing Developing Countries (FAO),,1985,1598627.0
Net Food Importing Developing Countries (FAO),,1986,1655041.0
Net Food Importing Developing Countries (FAO),,1987,1681272.0
Net Food Importing Developing Countries (FAO),,1988,1627914.0
Net Food Importing Developing Countries (FAO),,1989,1677995.0
Net Food Importing Developing Countries (FAO),,1990,1707955.0
Net Food Importing Developing Countries (FAO),,1991,1604478.1
Net Food Importing Developing Countries (FAO),,1992,1629653.6
Net Food Importing Developing Countries (FAO),,1993,1435504.9
Net Food Importing Developing Countries (FAO),,1994,1512455.8
Net Food Importing Developing Countries (FAO),,1995,1599331.1
Net Food Importing Developing Countries (FAO),,1996,1739743.8
Net Food Importing Developing Countries (FAO),,1997,1707304.0
Net Food Importing Developing Countries (FAO),,1998,1732534.1
Net Food Importing Developing Countries (FAO),,1999,1839811.8
Net Food Importing Developing Countries (FAO),,2000,1902863.1
Net Food Importing Developing Countries (FAO),,2001,1785078.6
Net Food Importing Developing Countries (FAO),,2002,1750467.8
Net Food Importing Developing Countries (FAO),,2003,1415479.2
Net Food Importing Developing Countries (FAO),,2004,1704937.0
Net Food Importing Developing Countries (FAO),,2005,1599057.4
Net Food Importing Developing Countries (FAO),,2006,1795464.2
Net Food Importing Developing Countries (FAO),,2007,1761137.8
Net Food Importing Developing Countries (FAO),,2008,1871457.4
Net Food Importing Developing Countries (FAO),,2009,1725306.5
Net Food Importing Developing Countries (FAO),,2010,1853496.5
Net Food Importing Developing Countries (FAO),,2011,1942722.1
Net Food Importing Developing Countries (FAO),,2012,2103025.8
Net Food Importing Developing Countries (FAO),,2013,1861340.6
Net Food Importing Developing Countries (FAO),,2014,1888730.5
Net Food Importing Developing Countries (FAO),,2015,2202914.5
Net Food Importing Developing Countries (FAO),,2016,2294357.0
Net Food Importing Developing Countries (FAO),,2017,2533846.5
Net Food Importing Developing Countries (FAO),,2018,2794954.2
Net Food Importing Developing Countries (FAO),,2019,2936155.5
Net Food Importing Developing Countries (FAO),,2020,2883422.0
Net Food Importing Developing Countries (FAO),,2021,3070330.5
Net Food Importing Developing Countries (FAO),,2022,3070467.2
Net Food Importing Developing Countries (FAO),,2023,3024645.5
Net Food Importing Developing Countries (FAO),,2024,2908547.8
New Caledonia,NCL,1961,2250.0
New Caledonia,NCL,1962,2125.0
New Caledonia,NCL,1963,2250.0
New Caledonia,NCL,1964,2437.0
New Caledonia,NCL,1965,2200.0
New Caledonia,NCL,1966,1770.0
New Caledonia,NCL,1967,1537.0
New Caledonia,NCL,1968,870.0
New Caledonia,NCL,1969,1620.0
New Caledonia,NCL,1970,780.0
New Caledonia,NCL,1971,1000.0
New Caledonia,NCL,1972,1100.0
New Caledonia,NCL,1973,1500.0
New Caledonia,NCL,1974,727.0
New Caledonia,NCL,1975,1500.0
New Caledonia,NCL,1976,1500.0
New Caledonia,NCL,1977,538.0
New Caledonia,NCL,1978,507.0
New Caledonia,NCL,1979,664.0
New Caledonia,NCL,1980,659.0
New Caledonia,NCL,1981,597.0
New Caledonia,NCL,1982,347.0
New Caledonia,NCL,1983,377.0
New Caledonia,NCL,1984,304.0
New Caledonia,NCL,1985,552.0
New Caledonia,NCL,1986,472.0
New Caledonia,NCL,1987,438.0
New Caledonia,NCL,1988,107.0
New Caledonia,NCL,1989,273.0
New Caledonia,NCL,1990,300.0
New Caledonia,NCL,1991,69.0
New Caledonia,NCL,1992,78.0
New Caledonia,NCL,1993,59.0
New Caledonia,NCL,1994,44.0
New Caledonia,NCL,1995,29.0
New Caledonia,NCL,1996,25.0
New Caledonia,NCL,1997,42.0
New Caledonia,NCL,1998,35.0
New Caledonia,NCL,1999,48.0
New Caledonia,NCL,2000,18.0
New Caledonia,NCL,2001,56.0
New Caledonia,NCL,2002,20.0
New Caledonia,NCL,2003,18.0
New Caledonia,NCL,2004,60.0
New Caledonia,NCL,2005,25.0
New Caledonia,NCL,2006,25.0
New Caledonia,NCL,2007,21.0
New Caledonia,NCL,2008,33.0
New Caledonia,NCL,2009,9.0
New Caledonia,NCL,2010,13.0
New Caledonia,NCL,2011,19.0
New Caledonia,NCL,2012,6.0
New Caledonia,NCL,2013,7.0
New Caledonia,NCL,2014,5.0
New Caledonia,NCL,2015,6.39
New Caledonia,NCL,2016,3.55
New Caledonia,NCL,2017,5.2
New Caledonia,NCL,2018,2.6
New Caledonia,NCL,2019,2.0
New Caledonia,NCL,2020,1.94
New Caledonia,NCL,2021,1.92
New Caledonia,NCL,2022,1.54
New Caledonia,NCL,2023,1.18
New Caledonia,NCL,2024,1.01
Nicaragua,NIC,1961,23200.0
Nicaragua,NIC,1962,29800.0
Nicaragua,NIC,1963,26200.0
Nicaragua,NIC,1964,40200.0
Nicaragua,NIC,1965,31500.0
Nicaragua,NIC,1966,24921.0
Nicaragua,NIC,1967,33233.0
Nicaragua,NIC,1968,30246.0
Nicaragua,NIC,1969,33904.0
Nicaragua,NIC,1970,39418.0
Nicaragua,NIC,1971,42013.0
Nicaragua,NIC,1972,35073.0
Nicaragua,NIC,1973,36694.0
Nicaragua,NIC,1974,40972.0
Nicaragua,NIC,1975,49137.0
Nicaragua,NIC,1976,56580.0
Nicaragua,NIC,1977,55200.0
Nicaragua,NIC,1978,65092.0
Nicaragua,NIC,1979,56304.0
Nicaragua,NIC,1980,59107.0
Nicaragua,NIC,1981,61087.0
Nicaragua,NIC,1982,72145.0
Nicaragua,NIC,1983,49205.0
Nicaragua,NIC,1984,51290.0
Nicaragua,NIC,1985,35360.0
Nicaragua,NIC,1986,43332.0
Nicaragua,NIC,1987,38626.0
Nicaragua,NIC,1988,43447.0
Nicaragua,NIC,1989,45167.0
Nicaragua,NIC,1990,27996.0
Nicaragua,NIC,1991,47421.0
Nicaragua,NIC,1992,44505.0
Nicaragua,NIC,1993,41818.0
Nicaragua,NIC,1994,40551.0
Nicaragua,NIC,1995,54587.0
Nicaragua,NIC,1996,49900.0
Nicaragua,NIC,1997,65169.0
Nicaragua,NIC,1998,65420.0
Nicaragua,NIC,1999,91791.0
Nicaragua,NIC,2000,82206.0
Nicaragua,NIC,2001,66799.0
Nicaragua,NIC,2002,60235.0
Nicaragua,NIC,2003,82727.0
Nicaragua,NIC,2004,57533.0
Nicaragua,NIC,2005,95455.0
Nicaragua,NIC,2006,70455.0
Nicaragua,NIC,2007,100000.0
Nicaragua,NIC,2008,75957.0
Nicaragua,NIC,2009,92204.55
Nicaragua,NIC,2010,78712.27
Nicaragua,NIC,2011,103881.73
Nicaragua,NIC,2012,86943.73
Nicaragua,NIC,2013,84146.33
Nicaragua,NIC,2014,86089.58
Nicaragua,NIC,2015,95254.51
Nicaragua,NIC,2016,122470.09
Nicaragua,NIC,2017,128111.06
Nicaragua,NIC,2018,141931.0
Nicaragua,NIC,2019,156902.0
Nicaragua,NIC,2020,154409.88
Nicaragua,NIC,2021,165558.38
Nicaragua,NIC,2022,170180.53
Nicaragua,NIC,2023,143336.66
Nigeria,NGA,1961,1100.0
Nigeria,NGA,1962,2000.0
Nigeria,NGA,1963,2000.0
Nigeria,NGA,1964,3000.0
Nigeria,NGA,1965,3000.0
Nigeria,NGA,1966,4000.0
Nigeria,NGA,1967,1712.0
Nigeria,NGA,1968,2360.0
Nigeria,NGA,1969,4776.0
Nigeria,NGA,1970,2826.0
Nigeria,NGA,1971,3600.0
Nigeria,NGA,1972,4171.0
Nigeria,NGA,1973,2300.0
Nigeria,NGA,1974,2400.0
Nigeria,NGA,1975,3000.0
Nigeria,NGA,1976,3000.0
Nigeria,NGA,1977,3100.0
Nigeria,NGA,1978,3100.0
Nigeria,NGA,1979,3200.0
Nigeria,NGA,1980,3500.0
Nigeria,NGA,1981,3000.0
Nigeria,NGA,1982,3000.0
Nigeria,NGA,1983,3000.0
Nigeria,NGA,1984,4000.0
Nigeria,NGA,1985,6000.0
Nigeria,NGA,1986,1200.0
Nigeria,NGA,1987,1500.0
Nigeria,NGA,1988,1570.0
Nigeria,NGA,1989,2570.0
Nigeria,NGA,1990,3030.0
Nigeria,NGA,1991,3200.0
Nigeria,NGA,1992,3380.0
Nigeria,NGA,1993,3580.0
Nigeria,NGA,1994,3720.0
Nigeria,NGA,1995,3090.0
Nigeria,NGA,1996,3780.0
Nigeria,NGA,1997,3700.0
Nigeria,NGA,1998,3700.0
Nigeria,NGA,1999,3750.0
Nigeria,NGA,2000,3830.0
Nigeria,NGA,2001,3850.0
Nigeria,NGA,2002,4100.0
Nigeria,NGA,2003,4360.0
Nigeria,NGA,2004,4660.0
Nigeria,NGA,2005,4990.0
Nigeria,NGA,2006,5340.0
Nigeria,NGA,2007,2520.0
Nigeria,NGA,2008,3000.0
Nigeria,NGA,2009,2040.0
Nigeria,NGA,2010,2400.0
Nigeria,NGA,2011,2524.57
Nigeria,NGA,2012,2416.92
Nigeria,NGA,2013,2100.0
Nigeria,NGA,2014,1972.17
Nigeria,NGA,2015,1754.52
Nigeria,NGA,2016,1942.23
Nigeria,NGA,2017,1889.64
Nigeria,NGA,2018,1862.13
Nigeria,NGA,2019,1852.02
Nigeria,NGA,2020,1806.08
Nigeria,NGA,2021,1798.95
Nigeria,NGA,2022,1819.02
Nigeria,NGA,2023,1808.01
Nigeria,NGA,2024,1808.66
North America,OWID_NAM,1961,607447.0
North America,OWID_NAM,1962,634151.0
North America,OWID_NAM,1963,625734.0
North America,OWID_NAM,1964,655442.0
North America,OWID_NAM,1965,652875.0
North America,OWID_NAM,1966,675987.0
North America,OWID_NAM,1967,753987.0
North America,OWID_NAM,1968,716618.0
North America,OWID_NAM,1969,715534.0
North America,OWID_NAM,1970,714770.0
North America,OWID_NAM,1971,759674.0
North America,OWID_NAM,1972,775856.0
North America,OWID_NAM,1973,804639.0
North America,OWID_NAM,1974,842357.0
North America,OWID_NAM,1975,838274.0
North America,OWID_NAM,1976,834112.0
North America,OWID_NAM,1977,817393.0
North America,OWID_NAM,1978,900761.0
North America,OWID_NAM,1979,941451.0
North America,OWID_NAM,1980,957828.0
North America,OWID_NAM,1981,1018936.0
North America,OWID_NAM,1982,1024894.0
North America,OWID_NAM,1983,1049523.0
North America,OWID_NAM,1984,1019037.0
North America,OWID_NAM,1985,985653.0
North America,OWID_NAM,1986,1114649.0
North America,OWID_NAM,1987,1087832.0
North America,OWID_NAM,1988,1166883.0
North America,OWID_NAM,1989,1121190.0
North America,OWID_NAM,1990,1239299.0
North America,OWID_NAM,1991,1131780.0
North America,OWID_NAM,1992,1182300.0
North America,OWID_NAM,1993,1111815.0
North America,OWID_NAM,1994,1103158.0
North America,OWID_NAM,1995,1130847.2
North America,OWID_NAM,1996,1236880.0
North America,OWID_NAM,1997,1236901.5
North America,OWID_NAM,1998,1167007.9
North America,OWID_NAM,1999,1264137.9
North America,OWID_NAM,2000,1319208.8
North America,OWID_NAM,2001,1209511.4
North America,OWID_NAM,2002,1138614.8
North America,OWID_NAM,2003,1137650.8
North America,OWID_NAM,2004,1122770.1
North America,OWID_NAM,2005,1163022.5
North America,OWID_NAM,2006,1112310.4
North America,OWID_NAM,2007,1212133.4
North America,OWID_NAM,2008,1152179.0
North America,OWID_NAM,2009,1106629.8
North America,OWID_NAM,2010,1104229.2
North America,OWID_NAM,2011,1149567.2
North America,OWID_NAM,2012,1238112.2
North America,OWID_NAM,2013,1009988.44
North America,OWID_NAM,2014,996373.06
North America,OWID_NAM,2015,1002732.4
North America,OWID_NAM,2016,1052222.8
North America,OWID_NAM,2017,1159181.8
North America,OWID_NAM,2018,1202565.4
North America,OWID_NAM,2019,1168232.5
North America,OWID_NAM,2020,1107536.1
North America,OWID_NAM,2021,1172402.4
North America,OWID_NAM,2022,1096894.0
North America,OWID_NAM,2023,1107327.9
North America,OWID_NAM,2024,887887.25
Northern America (FAO),,1961,3100.0
Northern America (FAO),,1962,4900.0
Northern America (FAO),,1963,2400.0
Northern America (FAO),,1964,3600.0
Northern America (FAO),,1965,2722.0
Northern America (FAO),,1966,2918.0
Northern America (FAO),,1967,1974.0
Northern America (FAO),,1968,2068.0
Northern America (FAO),,1969,1498.0
Northern America (FAO),,1970,1560.0
Northern America (FAO),,1971,1063.0
Northern America (FAO),,1972,1321.0
Northern America (FAO),,1973,1103.0
Northern America (FAO),,1974,559.0
Northern America (FAO),,1975,675.0
Northern America (FAO),,1976,770.0
Northern America (FAO),,1977,823.0
Northern America (FAO),,1978,610.0
Northern America (FAO),,1979,794.0
Northern America (FAO),,1980,522.0
Northern America (FAO),,1981,802.0
Northern America (FAO),,1982,360.0
Northern America (FAO),,1983,1016.0
Northern America (FAO),,1984,635.0
Northern America (FAO),,1985,671.0
Northern America (FAO),,1986,1088.0
Northern America (FAO),,1987,653.0
Northern America (FAO),,1988,725.0
Northern America (FAO),,1989,1160.0
Northern America (FAO),,1990,1016.0
Northern America (FAO),,1991,1016.0
Northern America (FAO),,1992,871.0
Northern America (FAO),,1993,1056.0
Northern America (FAO),,1994,1560.0
Northern America (FAO),,1995,1960.0
Northern America (FAO),,1996,2320.0
Northern America (FAO),,1997,3260.0
Northern America (FAO),,1998,3450.0
Northern America (FAO),,1999,3630.0
Northern America (FAO),,2000,3950.0
Northern America (FAO),,2001,3630.0
Northern America (FAO),,2002,3400.0
Northern America (FAO),,2003,3760.0
Northern America (FAO),,2004,2540.0
Northern America (FAO),,2005,3719.0
Northern America (FAO),,2006,3311.0
Northern America (FAO),,2007,3400.0
Northern America (FAO),,2008,3950.0
Northern America (FAO),,2009,3950.0
Northern America (FAO),,2010,3990.0
Northern America (FAO),,2011,3447.0
Northern America (FAO),,2012,3175.0
Northern America (FAO),,2013,3175.0
Northern America (FAO),,2014,3670.0
Northern America (FAO),,2015,2390.0
Northern America (FAO),,2016,1960.0
Northern America (FAO),,2017,2200.0
Northern America (FAO),,2018,2490.0
Northern America (FAO),,2019,2320.0
Northern America (FAO),,2020,1960.0
Northern America (FAO),,2021,4709.0
Northern America (FAO),,2022,3759.0
Northern America (FAO),,2023,3121.0
Northern America (FAO),,2024,3817.0
Oceania,OWID_OCE,1961,5241.0
Oceania,OWID_OCE,1962,6872.0
Oceania,OWID_OCE,1963,8009.0
Oceania,OWID_OCE,1964,10469.0
Oceania,OWID_OCE,1965,11925.0
Oceania,OWID_OCE,1966,14056.0
Oceania,OWID_OCE,1967,17850.0
Oceania,OWID_OCE,1968,16038.0
Oceania,OWID_OCE,1969,23594.0
Oceania,OWID_OCE,1970,28668.0
Oceania,OWID_OCE,1971,28370.0
Oceania,OWID_OCE,1972,30408.0
Oceania,OWID_OCE,1973,36601.0
Oceania,OWID_OCE,1974,35124.0
Oceania,OWID_OCE,1975,38710.0
Oceania,OWID_OCE,1976,41165.0
Oceania,OWID_OCE,1977,38944.0
Oceania,OWID_OCE,1978,46679.0
Oceania,OWID_OCE,1979,50498.0
Oceania,OWID_OCE,1980,55691.0
Oceania,OWID_OCE,1981,50658.0
Oceania,OWID_OCE,1982,41584.0
Oceania,OWID_OCE,1983,56523.0
Oceania,OWID_OCE,1984,44161.0
Oceania,OWID_OCE,1985,56954.0
Oceania,OWID_OCE,1986,44934.0
Oceania,OWID_OCE,1987,63081.0
Oceania,OWID_OCE,1988,62224.0
Oceania,OWID_OCE,1989,66080.0
Oceania,OWID_OCE,1990,61014.0
Oceania,OWID_OCE,1991,47728.81
Oceania,OWID_OCE,1992,50831.68
Oceania,OWID_OCE,1993,63843.81
Oceania,OWID_OCE,1994,67266.91
Oceania,OWID_OCE,1995,59712.86
Oceania,OWID_OCE,1996,65223.48
Oceania,OWID_OCE,1997,64666.82
Oceania,OWID_OCE,1998,81085.87
Oceania,OWID_OCE,1999,83189.36
Oceania,OWID_OCE,2000,83109.19
Oceania,OWID_OCE,2001,63853.42
Oceania,OWID_OCE,2002,65201.58
Oceania,OWID_OCE,2003,69391.5
Oceania,OWID_OCE,2004,59948.13
Oceania,OWID_OCE,2005,76174.22
Oceania,OWID_OCE,2006,48518.24
Oceania,OWID_OCE,2007,58173.59
Oceania,OWID_OCE,2008,61783.86
Oceania,OWID_OCE,2009,60322.09
Oceania,OWID_OCE,2010,52308.44
Oceania,OWID_OCE,2011,84967.29
Oceania,OWID_OCE,2012,43706.34
Oceania,OWID_OCE,2013,49770.94
Oceania,OWID_OCE,2014,56981.18
Oceania,OWID_OCE,2015,58060.05
Oceania,OWID_OCE,2016,53802.73
Oceania,OWID_OCE,2017,47063.05
Oceania,OWID_OCE,2018,53239.61
Oceania,OWID_OCE,2019,45210.27
Oceania,OWID_OCE,2020,40580.15
Oceania,OWID_OCE,2021,47959.91
Oceania,OWID_OCE,2022,40880.37
Oceania,OWID_OCE,2023,58879.17
Oceania,OWID_OCE,2024,50477.99
Oceania (FAO),,1961,5241.0
Oceania (FAO),,1962,6872.0
Oceania (FAO),,1963,8009.0
Oceania (FAO),,1964,10469.0
Oceania (FAO),,1965,11925.0
Oceania (FAO),,1966,14056.0
Oceania (FAO),,1967,17850.0
Oceania (FAO),,1968,16038.0
Oceania (FAO),,1969,23594.0
Oceania (FAO),,1970,28668.0
Oceania (FAO),,1971,28370.0
Oceania (FAO),,1972,30408.0
Oceania (FAO),,1973,36601.0
Oceania (FAO),,1974,35124.0
Oceania (FAO),,1975,38710.0
Oceania (FAO),,1976,41165.0
Oceania (FAO),,1977,38944.0
Oceania (FAO),,1978,46679.0
Oceania (FAO),,1979,50498.0
Oceania (FAO),,1980,55691.0
Oceania (FAO),,1981,50658.0
Oceania (FAO),,1982,41584.0
Oceania (FAO),,1983,56523.0
Oceania (FAO),,1984,44161.0
Oceania (FAO),,1985,56954.0
Oceania (FAO),,1986,44934.0
Oceania (FAO),,1987,63081.0
Oceania (FAO),,1988,62224.0
Oceania (FAO),,1989,66080.0
Oceania (FAO),,1990,61014.0
Oceania (FAO),,1991,47728.81
Oceania (FAO),,1992,50831.68
Oceania (FAO),,1993,63843.81
Oceania (FAO),,1994,67266.91
Oceania (FAO),,1995,59712.86
Oceania (FAO),,1996,65223.48
Oceania (FAO),,1997,64666.82
Oceania (FAO),,1998,81085.87
Oceania (FAO),,1999,83189.36
Oceania (FAO),,2000,83109.18
Oceania (FAO),,2001,63853.42
Oceania (FAO),,2002,65201.58
Oceania (FAO),,2003,69391.51
Oceania (FAO),,2004,59948.13
Oceania (FAO),,2005,76174.21
Oceania (FAO),,2006,48518.24
Oceania (FAO),,2007,58173.59
Oceania (FAO),,2008,61783.86
Oceania (FAO),,2009,60322.09
Oceania (FAO),,2010,52308.43
Oceania (FAO),,2011,84967.29
Oceania (FAO),,2012,43706.34
Oceania (FAO),,2013,49770.94
Oceania (FAO),,2014,56981.19
Oceania (FAO),,2015,58060.05
Oceania (FAO),,2016,53802.73
Oceania (FAO),,2017,47063.05
Oceania (FAO),,2018,53239.61
Oceania (FAO),,2019,45210.26
Oceania (FAO),,2020,40580.15
Oceania (FAO),,2021,47959.91
Oceania (FAO),,2022,40880.37
Oceania (FAO),,2023,58879.17
Oceania (FAO),,2024,50477.98
Panama,PAN,1961,5000.0
Panama,PAN,1962,4400.0
Panama,PAN,1963,4500.0
Panama,PAN,1964,4300.0
Panama,PAN,1965,4300.0
Panama,PAN,1966,5000.0
Panama,PAN,1967,5166.0
Panama,PAN,1968,4500.0
Panama,PAN,1969,5139.0
Panama,PAN,1970,4436.0
Panama,PAN,1971,5307.0
Panama,PAN,1972,4944.0
Panama,PAN,1973,4318.0
Panama,PAN,1974,4504.0
Panama,PAN,1975,4801.0
Panama,PAN,1976,4677.0
Panama,PAN,1977,5516.0
Panama,PAN,1978,6146.0
Panama,PAN,1979,6100.0
Panama,PAN,1980,7272.0
Panama,PAN,1981,7062.0
Panama,PAN,1982,8142.0
Panama,PAN,1983,8854.0
Panama,PAN,1984,10750.0
Panama,PAN,1985,9390.0
Panama,PAN,1986,10596.0
Panama,PAN,1987,10160.0
Panama,PAN,1988,10274.0
Panama,PAN,1989,9757.0
Panama,PAN,1990,11547.0
Panama,PAN,1991,12174.0
Panama,PAN,1992,10945.0
Panama,PAN,1993,9766.0
Panama,PAN,1994,10400.0
Panama,PAN,1995,11702.0
Panama,PAN,1996,11113.0
Panama,PAN,1997,10527.0
Panama,PAN,1998,11435.0
Panama,PAN,1999,12024.0
Panama,PAN,2000,10255.0
Panama,PAN,2001,15074.0
Panama,PAN,2002,11390.0
Panama,PAN,2003,11586.5
Panama,PAN,2004,12778.8
Panama,PAN,2005,13153.0
Panama,PAN,2006,12844.0
Panama,PAN,2007,13790.0
Panama,PAN,2008,13324.0
Panama,PAN,2009,12961.0
Panama,PAN,2010,12470.0
Panama,PAN,2011,9826.0
Panama,PAN,2012,10049.0
Panama,PAN,2013,7096.0
Panama,PAN,2014,6688.0
Panama,PAN,2015,7464.0
Panama,PAN,2016,6135.0
Panama,PAN,2017,6588.0
Panama,PAN,2018,5579.0
Panama,PAN,2019,8371.0
Panama,PAN,2020,6254.0
Panama,PAN,2021,6020.0
Panama,PAN,2022,6189.06
Panama,PAN,2023,6445.13
Panama,PAN,2024,6318.02
Papua New Guinea,PNG,1961,2520.0
Papua New Guinea,PNG,1962,4140.0
Papua New Guinea,PNG,1963,5280.0
Papua New Guinea,PNG,1964,7500.0
Papua New Guinea,PNG,1965,9240.0
Papua New Guinea,PNG,1966,11700.0
Papua New Guinea,PNG,1967,15720.0
Papua New Guinea,PNG,1968,14570.0
Papua New Guinea,PNG,1969,21478.0
Papua New Guinea,PNG,1970,27495.0
Papua New Guinea,PNG,1971,26967.0
Papua New Guinea,PNG,1972,29015.0
Papua New Guinea,PNG,1973,34798.0
Papua New Guinea,PNG,1974,34084.0
Papua New Guinea,PNG,1975,36945.0
Papua New Guinea,PNG,1976,39466.0
Papua New Guinea,PNG,1977,38224.0
Papua New Guinea,PNG,1978,45945.0
Papua New Guinea,PNG,1979,49532.0
Papua New Guinea,PNG,1980,54762.0
Papua New Guinea,PNG,1981,49837.0
Papua New Guinea,PNG,1982,41108.0
Papua New Guinea,PNG,1983,55894.0
Papua New Guinea,PNG,1984,43675.0
Papua New Guinea,PNG,1985,56206.0
Papua New Guinea,PNG,1986,44310.0
Papua New Guinea,PNG,1987,62520.0
Papua New Guinea,PNG,1988,62000.0
Papua New Guinea,PNG,1989,65640.0
Papua New Guinea,PNG,1990,60000.0
Papua New Guinea,PNG,1991,47220.0
Papua New Guinea,PNG,1992,50460.0
Papua New Guinea,PNG,1993,63540.0
Papua New Guinea,PNG,1994,67136.0
Papua New Guinea,PNG,1995,59589.0
Papua New Guinea,PNG,1996,65091.0
Papua New Guinea,PNG,1997,64524.0
Papua New Guinea,PNG,1998,80940.0
Papua New Guinea,PNG,1999,83040.0
Papua New Guinea,PNG,2000,83000.0
Papua New Guinea,PNG,2001,63720.0
Papua New Guinea,PNG,2002,65100.0
Papua New Guinea,PNG,2003,69300.0
Papua New Guinea,PNG,2004,59820.0
Papua New Guinea,PNG,2005,76080.0
Papua New Guinea,PNG,2006,48420.0
Papua New Guinea,PNG,2007,58080.0
Papua New Guinea,PNG,2008,61680.0
Papua New Guinea,PNG,2009,60240.0
Papua New Guinea,PNG,2010,52220.0
Papua New Guinea,PNG,2011,84870.0
Papua New Guinea,PNG,2012,43620.0
Papua New Guinea,PNG,2013,49680.0
Papua New Guinea,PNG,2014,56893.36
Papua New Guinea,PNG,2015,57982.28
Papua New Guinea,PNG,2016,53719.27
Papua New Guinea,PNG,2017,46980.0
Papua New Guinea,PNG,2018,53160.0
Papua New Guinea,PNG,2019,45129.0
Papua New Guinea,PNG,2020,40500.0
Papua New Guinea,PNG,2021,47880.0
Papua New Guinea,PNG,2022,40800.0
Papua New Guinea,PNG,2023,58800.0
Papua New Guinea,PNG,2024,50400.0
Paraguay,PRY,1961,6000.0
Paraguay,PRY,1962,6180.0
Paraguay,PRY,1963,7140.0
Paraguay,PRY,1964,7200.0
Paraguay,PRY,1965,6018.0
Paraguay,PRY,1966,6510.0
Paraguay,PRY,1967,7110.0
Paraguay,PRY,1968,7340.0
Paraguay,PRY,1969,6090.0
Paraguay,PRY,1970,4310.0
Paraguay,PRY,1971,5810.0
Paraguay,PRY,1972,7660.0
Paraguay,PRY,1973,6930.0
Paraguay,PRY,1974,8480.0
Paraguay,PRY,1975,8340.0
Paraguay,PRY,1976,3910.0
Paraguay,PRY,1977,6000.0
Paraguay,PRY,1978,7200.0
Paraguay,PRY,1979,7560.0
Paraguay,PRY,1980,7800.0
Paraguay,PRY,1981,12856.0
Paraguay,PRY,1982,13865.0
Paraguay,PRY,1983,15031.0
Paraguay,PRY,1984,18359.0
Paraguay,PRY,1985,18134.0
Paraguay,PRY,1986,19070.0
Paraguay,PRY,1987,18276.0
Paraguay,PRY,1988,18335.0
Paraguay,PRY,1989,17605.0
Paraguay,PRY,1990,17576.0
Paraguay,PRY,1991,4519.0
Paraguay,PRY,1992,4850.0
Paraguay,PRY,1993,4950.0
Paraguay,PRY,1994,5002.0
Paraguay,PRY,1995,4008.0
Paraguay,PRY,1996,4024.0
Paraguay,PRY,1997,4823.0
Paraguay,PRY,1998,4752.0
Paraguay,PRY,1999,4726.0
Paraguay,PRY,2000,3586.0
Paraguay,PRY,2001,2751.0
Paraguay,PRY,2002,2434.0
Paraguay,PRY,2003,3085.0
Paraguay,PRY,2004,3353.0
Paraguay,PRY,2005,2900.0
Paraguay,PRY,2006,3040.0
Paraguay,PRY,2007,3100.0
Paraguay,PRY,2008,273.0
Paraguay,PRY,2009,281.0
Paraguay,PRY,2010,370.0
Paraguay,PRY,2011,370.0
Paraguay,PRY,2012,370.0
Paraguay,PRY,2013,382.0
Paraguay,PRY,2014,386.0
Paraguay,PRY,2015,395.0
Paraguay,PRY,2016,395.0
Paraguay,PRY,2017,442.0
Paraguay,PRY,2018,441.0
Paraguay,PRY,2019,399.0
Paraguay,PRY,2020,381.0
Paraguay,PRY,2021,388.0
Paraguay,PRY,2022,394.55
Paraguay,PRY,2023,361.58
Paraguay,PRY,2024,363.19
Peru,PER,1961,42643.0
Peru,PER,1962,46356.0
Peru,PER,1963,48940.0
Peru,PER,1964,52740.0
Peru,PER,1965,48264.0
Peru,PER,1966,52380.0
Peru,PER,1967,52753.0
Peru,PER,1968,64652.0
Peru,PER,1969,68439.0
Peru,PER,1970,65368.0
Peru,PER,1971,70587.0
Peru,PER,1972,70195.0
Peru,PER,1973,70396.0
Peru,PER,1974,69855.0
Peru,PER,1975,65387.0
Peru,PER,1976,65445.0
Peru,PER,1977,80190.0
Peru,PER,1978,88166.0
Peru,PER,1979,105478.0
Peru,PER,1980,86177.0
Peru,PER,1981,79360.0
Peru,PER,1982,79422.0
Peru,PER,1983,85637.0
Peru,PER,1984,83357.0
Peru,PER,1985,90736.0
Peru,PER,1986,96054.0
Peru,PER,1987,98538.0
Peru,PER,1988,99414.0
Peru,PER,1989,105753.0
Peru,PER,1990,81142.0
Peru,PER,1991,82635.0
Peru,PER,1992,86519.0
Peru,PER,1993,85603.0
Peru,PER,1994,91340.0
Peru,PER,1995,96697.0
Peru,PER,1996,106520.0
Peru,PER,1997,133296.0
Peru,PER,1998,144763.0
Peru,PER,1999,167145.0
Peru,PER,2000,191651.0
Peru,PER,2001,196232.0
Peru,PER,2002,212770.0
Peru,PER,2003,203148.0
Peru,PER,2004,231447.0
Peru,PER,2005,188611.0
Peru,PER,2006,273178.0
Peru,PER,2007,225992.0
Peru,PER,2008,273780.0
Peru,PER,2009,243479.0
Peru,PER,2010,264605.0
Peru,PER,2011,331547.0
Peru,PER,2012,320163.56
Peru,PER,2013,256241.44
Peru,PER,2014,222047.0
Peru,PER,2015,251938.0
Peru,PER,2016,277760.4
Peru,PER,2017,337330.0
Peru,PER,2018,369622.0
Peru,PER,2019,363319.6
Peru,PER,2020,353205.75
Peru,PER,2021,363996.84
Peru,PER,2022,357346.4
Peru,PER,2023,366940.03
Peru,PER,2024,358993.78
Philippines,PHL,1961,32300.0
Philippines,PHL,1962,43100.0
Philippines,PHL,1963,32900.0
Philippines,PHL,1964,39311.0
Philippines,PHL,1965,44145.0
Philippines,PHL,1966,42793.0
Philippines,PHL,1967,44300.0
Philippines,PHL,1968,43862.0
Philippines,PHL,1969,44172.0
Philippines,PHL,1970,49017.0
Philippines,PHL,1971,49500.0
Philippines,PHL,1972,51600.0
Philippines,PHL,1973,50910.0
Philippines,PHL,1974,53031.0
Philippines,PHL,1975,91444.0
Philippines,PHL,1976,80800.0
Philippines,PHL,1977,105100.0
Philippines,PHL,1978,118750.0
Philippines,PHL,1979,115500.0
Philippines,PHL,1980,125285.0
Philippines,PHL,1981,146700.0
Philippines,PHL,1982,171400.0
Philippines,PHL,1983,146927.0
Philippines,PHL,1984,116755.0
Philippines,PHL,1985,135354.0
Philippines,PHL,1986,145301.0
Philippines,PHL,1987,140119.0
Philippines,PHL,1988,141892.0
Philippines,PHL,1989,155900.0
Philippines,PHL,1990,125659.0
Philippines,PHL,1991,125017.0
Philippines,PHL,1992,126832.0
Philippines,PHL,1993,124415.0
Philippines,PHL,1994,123553.0
Philippines,PHL,1995,127412.0
Philippines,PHL,1996,117226.0
Philippines,PHL,1997,120006.0
Philippines,PHL,1998,107802.0
Philippines,PHL,1999,104124.0
Philippines,PHL,2000,107557.0
Philippines,PHL,2001,112271.0
Philippines,PHL,2002,107080.0
Philippines,PHL,2003,106388.0
Philippines,PHL,2004,102865.0
Philippines,PHL,2005,105847.0
Philippines,PHL,2006,104093.0
Philippines,PHL,2007,97877.0
Philippines,PHL,2008,97428.0
Philippines,PHL,2009,96433.0
Philippines,PHL,2010,94536.0
Philippines,PHL,2011,88526.0
Philippines,PHL,2012,88943.0
Philippines,PHL,2013,78634.0
Philippines,PHL,2014,75454.0
Philippines,PHL,2015,72342.0
Philippines,PHL,2016,68822.93
Philippines,PHL,2017,62077.95
Philippines,PHL,2018,60312.76
Philippines,PHL,2019,60043.88
Philippines,PHL,2020,60640.95
Philippines,PHL,2021,60607.18
Philippines,PHL,2022,59962.36
Philippines,PHL,2023,60000.0
Philippines,PHL,2024,64000.0
Polynesia,OWID_PYA,1961,231.0
Polynesia,OWID_PYA,1962,406.0
Polynesia,OWID_PYA,1963,278.0
Polynesia,OWID_PYA,1964,331.0
Polynesia,OWID_PYA,1965,234.0
Polynesia,OWID_PYA,1966,334.0
Polynesia,OWID_PYA,1967,288.0
Polynesia,OWID_PYA,1968,350.0
Polynesia,OWID_PYA,1969,305.0
Polynesia,OWID_PYA,1970,262.0
Polynesia,OWID_PYA,1971,270.0
Polynesia,OWID_PYA,1972,160.0
Polynesia,OWID_PYA,1973,170.0
Polynesia,OWID_PYA,1974,180.0
Polynesia,OWID_PYA,1975,190.0
Polynesia,OWID_PYA,1976,124.0
Polynesia,OWID_PYA,1977,107.0
Polynesia,OWID_PYA,1978,147.0
Polynesia,OWID_PYA,1979,202.0
Polynesia,OWID_PYA,1980,190.0
Polynesia,OWID_PYA,1981,143.0
Polynesia,OWID_PYA,1982,78.0
Polynesia,OWID_PYA,1983,174.0
Polynesia,OWID_PYA,1984,97.0
Polynesia,OWID_PYA,1985,91.0
Polynesia,OWID_PYA,1986,50.0
Polynesia,OWID_PYA,1987,40.0
Polynesia,OWID_PYA,1988,39.0
Polynesia,OWID_PYA,1989,45.0
Polynesia,OWID_PYA,1990,39.0
Polynesia,OWID_PYA,1991,43.81
Polynesia,OWID_PYA,1992,37.68
Polynesia,OWID_PYA,1993,40.68
Polynesia,OWID_PYA,1994,44.69
Polynesia,OWID_PYA,1995,52.0
Polynesia,OWID_PYA,1996,57.0
Polynesia,OWID_PYA,1997,51.46
Polynesia,OWID_PYA,1998,50.02
Polynesia,OWID_PYA,1999,46.05
Polynesia,OWID_PYA,2000,46.18
Polynesia,OWID_PYA,2001,46.27
Polynesia,OWID_PYA,2002,46.38
Polynesia,OWID_PYA,2003,42.55
Polynesia,OWID_PYA,2004,37.41
Polynesia,OWID_PYA,2005,40.21
Polynesia,OWID_PYA,2006,43.28
Polynesia,OWID_PYA,2007,42.26
Polynesia,OWID_PYA,2008,41.01
Polynesia,OWID_PYA,2009,42.71
Polynesia,OWID_PYA,2010,44.81
Polynesia,OWID_PYA,2011,46.35
Polynesia,OWID_PYA,2012,47.05
Polynesia,OWID_PYA,2013,48.3
Polynesia,OWID_PYA,2014,46.38
Polynesia,OWID_PYA,2015,48.41
Polynesia,OWID_PYA,2016,48.48
Polynesia,OWID_PYA,2017,47.75
Polynesia,OWID_PYA,2018,49.04
Polynesia,OWID_PYA,2019,49.87
Polynesia,OWID_PYA,2020,49.53
Polynesia,OWID_PYA,2021,49.5
Polynesia,OWID_PYA,2022,49.45
Polynesia,OWID_PYA,2023,49.25
Polynesia,OWID_PYA,2024,49.31
Puerto Rico,PRI,1961,15876.0
Puerto Rico,PRI,1962,17917.0
Puerto Rico,PRI,1963,14288.0
Puerto Rico,PRI,1964,17010.0
Puerto Rico,PRI,1965,13600.0
Puerto Rico,PRI,1966,12882.0
Puerto Rico,PRI,1967,14742.0
Puerto Rico,PRI,1968,11793.0
Puerto Rico,PRI,1969,9078.0
Puerto Rico,PRI,1970,15422.0
Puerto Rico,PRI,1971,10886.0
Puerto Rico,PRI,1972,12247.0
Puerto Rico,PRI,1973,13698.0
Puerto Rico,PRI,1974,10478.0
Puerto Rico,PRI,1975,11430.0
Puerto Rico,PRI,1976,11428.0
Puerto Rico,PRI,1977,8707.0
Puerto Rico,PRI,1978,11927.0
Puerto Rico,PRI,1979,9526.0
Puerto Rico,PRI,1980,11884.0
Puerto Rico,PRI,1981,13608.0
Puerto Rico,PRI,1982,12973.0
Puerto Rico,PRI,1983,15649.0
Puerto Rico,PRI,1984,12247.0
Puerto Rico,PRI,1985,14061.0
Puerto Rico,PRI,1986,11340.0
Puerto Rico,PRI,1987,15967.0
Puerto Rico,PRI,1988,13154.0
Puerto Rico,PRI,1989,14515.0
Puerto Rico,PRI,1990,12927.0
Puerto Rico,PRI,1991,12701.0
Puerto Rico,PRI,1992,12701.0
Puerto Rico,PRI,1993,15478.0
Puerto Rico,PRI,1994,12700.0
Puerto Rico,PRI,1995,12701.0
Puerto Rico,PRI,1996,12175.0
Puerto Rico,PRI,1997,11567.0
Puerto Rico,PRI,1998,13393.0
Puerto Rico,PRI,1999,7000.0
Puerto Rico,PRI,2000,8250.0
Puerto Rico,PRI,2001,8650.0
Puerto Rico,PRI,2002,7600.0
Puerto Rico,PRI,2003,9308.0
Puerto Rico,PRI,2004,10206.0
Puerto Rico,PRI,2005,7938.0
Puerto Rico,PRI,2006,7323.2
Puerto Rico,PRI,2007,6833.48
Puerto Rico,PRI,2008,6683.26
Puerto Rico,PRI,2009,6337.28
Puerto Rico,PRI,2010,6058.22
Puerto Rico,PRI,2011,5737.88
Puerto Rico,PRI,2012,5760.0
Puerto Rico,PRI,2013,4880.9
Puerto Rico,PRI,2014,4674.4
Puerto Rico,PRI,2015,3369.05
Puerto Rico,PRI,2016,3120.43
Puerto Rico,PRI,2017,1800.0
Puerto Rico,PRI,2018,975.0
Puerto Rico,PRI,2019,1820.06
Puerto Rico,PRI,2020,1950.76
Puerto Rico,PRI,2021,1862.42
Puerto Rico,PRI,2022,2740.0
Puerto Rico,PRI,2023,1468.77
Puerto Rico,PRI,2024,635.99
Rwanda,RWA,1961,10500.0
Rwanda,RWA,1962,10000.0
Rwanda,RWA,1963,4700.0
Rwanda,RWA,1964,8100.0
Rwanda,RWA,1965,9998.0
Rwanda,RWA,1966,8603.0
Rwanda,RWA,1967,11157.0
Rwanda,RWA,1968,12015.0
Rwanda,RWA,1969,12399.0
Rwanda,RWA,1970,14240.0
Rwanda,RWA,1971,15245.0
Rwanda,RWA,1972,10602.0
Rwanda,RWA,1973,14160.0
Rwanda,RWA,1974,14062.0
Rwanda,RWA,1975,18045.0
Rwanda,RWA,1976,20334.0
Rwanda,RWA,1977,20684.0
Rwanda,RWA,1978,21994.0
Rwanda,RWA,1979,25500.0
Rwanda,RWA,1980,22600.0
Rwanda,RWA,1981,29200.0
Rwanda,RWA,1982,27200.0
Rwanda,RWA,1983,33500.0
Rwanda,RWA,1984,32500.0
Rwanda,RWA,1985,43000.0
Rwanda,RWA,1986,41348.0
Rwanda,RWA,1987,41797.0
Rwanda,RWA,1988,42666.0
Rwanda,RWA,1989,30591.0
Rwanda,RWA,1990,34680.0
Rwanda,RWA,1991,35000.0
Rwanda,RWA,1992,38824.0
Rwanda,RWA,1993,27510.0
Rwanda,RWA,1994,1274.0
Rwanda,RWA,1995,21952.0
Rwanda,RWA,1996,15285.0
Rwanda,RWA,1997,14830.0
Rwanda,RWA,1998,14268.0
Rwanda,RWA,1999,18800.0
Rwanda,RWA,2000,16098.0
Rwanda,RWA,2001,18366.0
Rwanda,RWA,2002,19427.0
Rwanda,RWA,2003,13805.0
Rwanda,RWA,2004,20017.0
Rwanda,RWA,2005,18597.0
Rwanda,RWA,2006,22223.0
Rwanda,RWA,2007,14683.0
Rwanda,RWA,2008,20724.0
Rwanda,RWA,2009,19371.89
Rwanda,RWA,2010,19319.0
Rwanda,RWA,2011,21820.4
Rwanda,RWA,2012,19995.0
Rwanda,RWA,2013,18346.0
Rwanda,RWA,2014,16379.0
Rwanda,RWA,2015,21808.0
Rwanda,RWA,2016,24689.41
Rwanda,RWA,2017,31717.52
Rwanda,RWA,2018,38643.34
Rwanda,RWA,2019,29366.01
Rwanda,RWA,2020,20459.0
Rwanda,RWA,2021,19466.88
Rwanda,RWA,2022,18945.39
Rwanda,RWA,2023,27104.4
Rwanda,RWA,2024,17839.78
Saint Lucia,LCA,1961,25.0
Saint Lucia,LCA,1962,25.0
Saint Lucia,LCA,1963,25.0
Saint Lucia,LCA,1964,25.0
Saint Lucia,LCA,1965,25.0
Saint Lucia,LCA,1966,25.0
Saint Lucia,LCA,1967,25.0
Saint Lucia,LCA,1968,25.0
Saint Lucia,LCA,1969,24.0
Saint Lucia,LCA,1970,24.0
Saint Lucia,LCA,1971,24.0
Saint Lucia,LCA,1972,24.0
Saint Lucia,LCA,1973,24.0
Saint Lucia,LCA,1974,23.0
Saint Lucia,LCA,1975,22.0
Saint Lucia,LCA,1976,21.0
Saint Lucia,LCA,1977,20.0
Saint Lucia,LCA,1978,19.0
Saint Lucia,LCA,1979,18.0
Saint Lucia,LCA,1980,17.0
Saint Lucia,LCA,1981,12.0
Saint Lucia,LCA,1982,15.0
Saint Lucia,LCA,1983,16.0
Saint Lucia,LCA,1984,17.0
Saint Lucia,LCA,1985,18.0
Saint Lucia,LCA,1986,19.0
Saint Lucia,LCA,1987,20.0
Saint Lucia,LCA,1988,20.0
Saint Lucia,LCA,1989,0.0
Saint Vincent and the Grenadines,VCT,1961,50.0
Saint Vincent and the Grenadines,VCT,1962,50.0
Saint Vincent and the Grenadines,VCT,1963,55.0
Saint Vincent and the Grenadines,VCT,1964,55.0
Saint Vincent and the Grenadines,VCT,1965,60.0
Saint Vincent and the Grenadines,VCT,1966,60.0
Saint Vincent and the Grenadines,VCT,1967,70.0
Saint Vincent and the Grenadines,VCT,1968,70.0
Saint Vincent and the Grenadines,VCT,1969,80.0
Saint Vincent and the Grenadines,VCT,1970,80.0
Saint Vincent and the Grenadines,VCT,1971,90.0
Saint Vincent and the Grenadines,VCT,1972,90.0
Saint Vincent and the Grenadines,VCT,1973,90.0
Saint Vincent and the Grenadines,VCT,1974,100.0
Saint Vincent and the Grenadines,VCT,1975,100.0
Saint Vincent and the Grenadines,VCT,1976,100.0
Saint Vincent and the Grenadines,VCT,1977,100.0
Saint Vincent and the Grenadines,VCT,1978,105.0
Saint Vincent and the Grenadines,VCT,1979,110.0
Saint Vincent and the Grenadines,VCT,1980,115.0
Saint Vincent and the Grenadines,VCT,1981,120.0
Saint Vincent and the Grenadines,VCT,1982,120.0
Saint Vincent and the Grenadines,VCT,1983,130.0
Saint Vincent and the Grenadines,VCT,1984,130.0
Saint Vincent and the Grenadines,VCT,1985,130.0
Saint Vincent and the Grenadines,VCT,1986,140.0
Saint Vincent and the Grenadines,VCT,1987,140.0
Saint Vincent and the Grenadines,VCT,1988,145.0
Saint Vincent and the Grenadines,VCT,1989,145.0
Saint Vincent and the Grenadines,VCT,1990,150.0
Saint Vincent and the Grenadines,VCT,1991,152.05
Saint Vincent and the Grenadines,VCT,1992,155.0
Saint Vincent and the Grenadines,VCT,1993,150.0
Saint Vincent and the Grenadines,VCT,1994,155.0
Saint Vincent and the Grenadines,VCT,1995,160.0
Saint Vincent and the Grenadines,VCT,1996,163.17
Saint Vincent and the Grenadines,VCT,1997,164.22
Saint Vincent and the Grenadines,VCT,1998,173.49
Saint Vincent and the Grenadines,VCT,1999,170.0
Saint Vincent and the Grenadines,VCT,2000,160.0
Saint Vincent and the Grenadines,VCT,2001,155.0
Saint Vincent and the Grenadines,VCT,2002,150.0
Saint Vincent and the Grenadines,VCT,2003,145.0
Saint Vincent and the Grenadines,VCT,2004,150.0
Saint Vincent and the Grenadines,VCT,2005,165.0
Saint Vincent and the Grenadines,VCT,2006,175.0
Saint Vincent and the Grenadines,VCT,2007,180.0
Saint Vincent and the Grenadines,VCT,2008,200.0
Saint Vincent and the Grenadines,VCT,2009,220.0
Saint Vincent and the Grenadines,VCT,2010,199.57
Saint Vincent and the Grenadines,VCT,2011,188.91
Saint Vincent and the Grenadines,VCT,2012,170.0
Saint Vincent and the Grenadines,VCT,2013,175.0
Saint Vincent and the Grenadines,VCT,2014,177.28
Saint Vincent and the Grenadines,VCT,2015,180.61
Saint Vincent and the Grenadines,VCT,2016,184.4
Saint Vincent and the Grenadines,VCT,2017,187.31
Saint Vincent and the Grenadines,VCT,2018,189.22
Saint Vincent and the Grenadines,VCT,2019,189.87
Saint Vincent and the Grenadines,VCT,2020,190.52
Saint Vincent and the Grenadines,VCT,2021,189.95
Saint Vincent and the Grenadines,VCT,2022,189.55
Saint Vincent and the Grenadines,VCT,2023,189.78
Saint Vincent and the Grenadines,VCT,2024,189.99
Samoa,WSM,1961,115.0
Samoa,WSM,1962,130.0
Samoa,WSM,1963,130.0
Samoa,WSM,1964,120.0
Samoa,WSM,1965,135.0
Samoa,WSM,1966,150.0
Samoa,WSM,1967,150.0
Samoa,WSM,1968,150.0
Samoa,WSM,1969,150.0
Samoa,WSM,1970,150.0
Samoa,WSM,1971,150.0
Samoa,WSM,1972,40.0
Samoa,WSM,1973,40.0
Samoa,WSM,1974,40.0
Samoa,WSM,1975,20.0
Samoa,WSM,1976,20.0
Samoa,WSM,1977,20.0
Samoa,WSM,1978,20.0
Samoa,WSM,1979,20.0
Samoa,WSM,1980,20.0
Samoa,WSM,1981,20.0
Samoa,WSM,1982,20.0
Samoa,WSM,1983,20.0
Samoa,WSM,1984,20.0
Samoa,WSM,1985,20.0
Samoa,WSM,1986,20.0
Samoa,WSM,1987,20.0
Samoa,WSM,1988,20.0
Samoa,WSM,1989,20.0
Samoa,WSM,1990,18.0
Samoa,WSM,1991,17.0
Samoa,WSM,1992,16.0
Samoa,WSM,1993,15.0
Samoa,WSM,1994,14.0
Samoa,WSM,1995,13.0
Samoa,WSM,1996,12.0
Samoa,WSM,1997,11.0
Samoa,WSM,1998,10.0
Samoa,WSM,1999,9.0
Samoa,WSM,2000,8.0
Samoa,WSM,2001,8.0
Samoa,WSM,2002,8.0
Samoa,WSM,2003,8.0
Samoa,WSM,2004,8.32
Samoa,WSM,2005,8.39
Samoa,WSM,2006,8.44
Samoa,WSM,2007,8.0
Samoa,WSM,2008,8.0
Samoa,WSM,2009,8.0
Samoa,WSM,2010,10.0
Samoa,WSM,2011,10.0
Samoa,WSM,2012,11.0
Samoa,WSM,2013,11.0
Samoa,WSM,2014,11.22
Samoa,WSM,2015,11.13
Samoa,WSM,2016,11.27
Samoa,WSM,2017,11.43
Samoa,WSM,2018,11.7
Samoa,WSM,2019,11.96
Samoa,WSM,2020,12.27
Samoa,WSM,2021,11.79
Samoa,WSM,2022,11.82
Samoa,WSM,2023,11.77
Samoa,WSM,2024,11.79
Sao Tome and Principe,STP,1961,258.0
Sao Tome and Principe,STP,1962,297.0
Sao Tome and Principe,STP,1963,258.0
Sao Tome and Principe,STP,1964,197.0
Sao Tome and Principe,STP,1965,214.0
Sao Tome and Principe,STP,1966,158.0
Sao Tome and Principe,STP,1967,175.0
Sao Tome and Principe,STP,1968,133.0
Sao Tome and Principe,STP,1969,151.0
Sao Tome and Principe,STP,1970,125.0
Sao Tome and Principe,STP,1971,70.0
Sao Tome and Principe,STP,1972,143.0
Sao Tome and Principe,STP,1973,61.0
Sao Tome and Principe,STP,1974,93.0
Sao Tome and Principe,STP,1975,28.0
Sao Tome and Principe,STP,1976,45.0
Sao Tome and Principe,STP,1977,60.0
Sao Tome and Principe,STP,1978,60.0
Sao Tome and Principe,STP,1979,60.0
Sao Tome and Principe,STP,1980,60.0
Sao Tome and Principe,STP,1981,60.0
Sao Tome and Principe,STP,1982,60.0
Sao Tome and Principe,STP,1983,60.0
Sao Tome and Principe,STP,1984,54.0
Sao Tome and Principe,STP,1985,14.0
Sao Tome and Principe,STP,1986,22.0
Sao Tome and Principe,STP,1987,9.0
Sao Tome and Principe,STP,1988,31.0
Sao Tome and Principe,STP,1989,8.0
Sao Tome and Principe,STP,1990,37.0
Sao Tome and Principe,STP,1991,11.0
Sao Tome and Principe,STP,1992,13.0
Sao Tome and Principe,STP,1993,20.0
Sao Tome and Principe,STP,1994,22.0
Sao Tome and Principe,STP,1995,17.0
Sao Tome and Principe,STP,1996,21.0
Sao Tome and Principe,STP,1997,45.0
Sao Tome and Principe,STP,1998,36.0
Sao Tome and Principe,STP,1999,58.0
Sao Tome and Principe,STP,2000,18.0
Sao Tome and Principe,STP,2001,22.0
Sao Tome and Principe,STP,2002,25.0
Sao Tome and Principe,STP,2003,22.97
Sao Tome and Principe,STP,2004,27.0
Sao Tome and Principe,STP,2005,28.0
Sao Tome and Principe,STP,2006,30.0
Sao Tome and Principe,STP,2007,22.96
Sao Tome and Principe,STP,2008,19.95
Sao Tome and Principe,STP,2009,17.9
Sao Tome and Principe,STP,2010,15.17
Sao Tome and Principe,STP,2011,5.6
Sao Tome and Principe,STP,2012,6.2
Sao Tome and Principe,STP,2013,3.9
Sao Tome and Principe,STP,2014,8.03
Sao Tome and Principe,STP,2015,8.61
Sao Tome and Principe,STP,2016,6.84
Sao Tome and Principe,STP,2017,7.83
Sao Tome and Principe,STP,2018,7.62
Sao Tome and Principe,STP,2019,6.85
Sao Tome and Principe,STP,2020,7.0
Sao Tome and Principe,STP,2021,6.76
Sao Tome and Principe,STP,2022,7.19
Sao Tome and Principe,STP,2023,7.31
Sao Tome and Principe,STP,2024,7.27
Saudi Arabia,SAU,1961,200.0
Saudi Arabia,SAU,1962,200.0
Saudi Arabia,SAU,1963,200.0
Saudi Arabia,SAU,1964,100.0
Saudi Arabia,SAU,1965,100.0
Saudi Arabia,SAU,1966,100.0
Saudi Arabia,SAU,1967,100.0
Saudi Arabia,SAU,1968,100.0
Saudi Arabia,SAU,1969,120.0
Saudi Arabia,SAU,1970,120.0
Saudi Arabia,SAU,1971,120.0
Saudi Arabia,SAU,1972,243.0
Saudi Arabia,SAU,1973,120.0
Saudi Arabia,SAU,1974,140.0
Saudi Arabia,SAU,1975,160.0
Saudi Arabia,SAU,1976,180.0
Saudi Arabia,SAU,1977,200.0
Saudi Arabia,SAU,1978,220.0
Saudi Arabia,SAU,1979,240.0
Saudi Arabia,SAU,1980,260.0
Saudi Arabia,SAU,1981,300.0
Saudi Arabia,SAU,1982,386.0
Saudi Arabia,SAU,1983,250.0
Saudi Arabia,SAU,1984,150.0
Saudi Arabia,SAU,1985,50.0
Saudi Arabia,SAU,1986,0.0
Saudi Arabia,SAU,1987,0.0
Saudi Arabia,SAU,1988,0.0
Saudi Arabia,SAU,1989,0.0
Saudi Arabia,SAU,1990,0.0
Saudi Arabia,SAU,1991,0.0
Saudi Arabia,SAU,1992,0.0
Saudi Arabia,SAU,1993,0.0
Saudi Arabia,SAU,1994,0.0
Saudi Arabia,SAU,1995,0.0
Saudi Arabia,SAU,1996,0.0
Saudi Arabia,SAU,2023,763.34
Saudi Arabia,SAU,2024,760.0
Sierra Leone,SLE,1961,5103.0
Sierra Leone,SLE,1962,2419.0
Sierra Leone,SLE,1963,3958.0
Sierra Leone,SLE,1964,6029.0
Sierra Leone,SLE,1965,3937.0
Sierra Leone,SLE,1966,9593.0
Sierra Leone,SLE,1967,3000.0
Sierra Leone,SLE,1968,4131.0
Sierra Leone,SLE,1969,8257.0
Sierra Leone,SLE,1970,6188.0
Sierra Leone,SLE,1971,9527.0
Sierra Leone,SLE,1972,7297.0
Sierra Leone,SLE,1973,11971.0
Sierra Leone,SLE,1974,3188.0
Sierra Leone,SLE,1975,7416.0
Sierra Leone,SLE,1976,4702.0
Sierra Leone,SLE,1977,10273.0
Sierra Leone,SLE,1978,4367.0
Sierra Leone,SLE,1979,13690.0
Sierra Leone,SLE,1980,10146.0
Sierra Leone,SLE,1981,9288.0
Sierra Leone,SLE,1982,8658.0
Sierra Leone,SLE,1983,16500.0
Sierra Leone,SLE,1984,18000.0
Sierra Leone,SLE,1985,26000.0
Sierra Leone,SLE,1986,23100.0
Sierra Leone,SLE,1987,24200.0
Sierra Leone,SLE,1988,25300.0
Sierra Leone,SLE,1989,25600.0
Sierra Leone,SLE,1990,25800.0
Sierra Leone,SLE,1991,26000.0
Sierra Leone,SLE,1992,26000.0
Sierra Leone,SLE,1993,24700.0
Sierra Leone,SLE,1994,27805.0
Sierra Leone,SLE,1995,25025.0
Sierra Leone,SLE,1996,25000.0
Sierra Leone,SLE,1997,30700.0
Sierra Leone,SLE,1998,25000.0
Sierra Leone,SLE,1999,15350.0
Sierra Leone,SLE,2000,15000.0
Sierra Leone,SLE,2001,16267.37
Sierra Leone,SLE,2002,16704.64
Sierra Leone,SLE,2003,17000.0
Sierra Leone,SLE,2004,18000.0
Sierra Leone,SLE,2005,20000.0
Sierra Leone,SLE,2006,20500.0
Sierra Leone,SLE,2007,21000.0
Sierra Leone,SLE,2008,21200.0
Sierra Leone,SLE,2009,22000.0
Sierra Leone,SLE,2010,26130.3
Sierra Leone,SLE,2011,30449.28
Sierra Leone,SLE,2012,35000.0
Sierra Leone,SLE,2013,36000.0
Sierra Leone,SLE,2014,2756.0
Sierra Leone,SLE,2015,2756.0
Sierra Leone,SLE,2016,2275.0
Sierra Leone,SLE,2017,2277.0
Sierra Leone,SLE,2018,2685.0
Sierra Leone,SLE,2019,2400.0
Sierra Leone,SLE,2020,2400.0
Sierra Leone,SLE,2021,2400.0
Sierra Leone,SLE,2022,2580.0
Sierra Leone,SLE,2023,2333.16
Sierra Leone,SLE,2024,2208.05
Small Island Developing States (FAO),,1961,151765.0
Small Island Developing States (FAO),,1962,167581.0
Small Island Developing States (FAO),,1963,149103.0
Small Island Developing States (FAO),,1964,160762.0
Small Island Developing States (FAO),,1965,142968.0
Small Island Developing States (FAO),,1966,147017.0
Small Island Developing States (FAO),,1967,157540.0
Small Island Developing States (FAO),,1968,144189.0
Small Island Developing States (FAO),,1969,147022.0
Small Island Developing States (FAO),,1970,150282.0
Small Island Developing States (FAO),,1971,155490.0
Small Island Developing States (FAO),,1972,156020.0
Small Island Developing States (FAO),,1973,174145.0
Small Island Developing States (FAO),,1974,169952.0
Small Island Developing States (FAO),,1975,172218.0
Small Island Developing States (FAO),,1976,181107.0
Small Island Developing States (FAO),,1977,169959.0
Small Island Developing States (FAO),,1978,157461.0
Small Island Developing States (FAO),,1979,196682.0
Small Island Developing States (FAO),,1980,204096.0
Small Island Developing States (FAO),,1981,185315.0
Small Island Developing States (FAO),,1982,192106.0
Small Island Developing States (FAO),,1983,207231.0
Small Island Developing States (FAO),,1984,199375.0
Small Island Developing States (FAO),,1985,215992.0
Small Island Developing States (FAO),,1986,199075.0
Small Island Developing States (FAO),,1987,214771.0
Small Island Developing States (FAO),,1988,221572.0
Small Island Developing States (FAO),,1989,224006.0
Small Island Developing States (FAO),,1990,208424.0
Small Island Developing States (FAO),,1991,188043.12
Small Island Developing States (FAO),,1992,163361.69
Small Island Developing States (FAO),,1993,179219.92
Small Island Developing States (FAO),,1994,174256.75
Small Island Developing States (FAO),,1995,175351.78
Small Island Developing States (FAO),,1996,183917.52
Small Island Developing States (FAO),,1997,174085.72
Small Island Developing States (FAO),,1998,206244.73
Small Island Developing States (FAO),,1999,190490.33
Small Island Developing States (FAO),,2000,200020.89
Small Island Developing States (FAO),,2001,170147.94
Small Island Developing States (FAO),,2002,169990.66
Small Island Developing States (FAO),,2003,177816.02
Small Island Developing States (FAO),,2004,168117.55
Small Island Developing States (FAO),,2005,195088.77
Small Island Developing States (FAO),,2006,168863.34
Small Island Developing States (FAO),,2007,196856.8
Small Island Developing States (FAO),,2008,169383.11
Small Island Developing States (FAO),,2009,157272.7
Small Island Developing States (FAO),,2010,132368.31
Small Island Developing States (FAO),,2011,162382.88
Small Island Developing States (FAO),,2012,116643.07
Small Island Developing States (FAO),,2013,105559.9
Small Island Developing States (FAO),,2014,100935.55
Small Island Developing States (FAO),,2015,92984.08
Small Island Developing States (FAO),,2016,94260.37
Small Island Developing States (FAO),,2017,86945.65
Small Island Developing States (FAO),,2018,101944.03
Small Island Developing States (FAO),,2019,88239.23
Small Island Developing States (FAO),,2020,87483.79
Small Island Developing States (FAO),,2021,102320.35
Small Island Developing States (FAO),,2022,96324.26
Small Island Developing States (FAO),,2023,118256.74
Small Island Developing States (FAO),,2024,104086.64
South America,OWID_SAM,1961,2843499.0
South America,OWID_SAM,1962,2840435.0
South America,OWID_SAM,1963,2265522.0
South America,OWID_SAM,1964,1682003.0
South America,OWID_SAM,1965,2967169.0
South America,OWID_SAM,1966,1881179.0
South America,OWID_SAM,1967,2156839.0
South America,OWID_SAM,1968,1727232.0
South America,OWID_SAM,1969,1948056.0
South America,OWID_SAM,1970,1476227.0
South America,OWID_SAM,1971,2229857.0
South America,OWID_SAM,1972,2131211.0
South America,OWID_SAM,1973,1633364.0
South America,OWID_SAM,1974,2294021.0
South America,OWID_SAM,1975,2016161.0
South America,OWID_SAM,1976,1071431.0
South America,OWID_SAM,1977,1855839.0
South America,OWID_SAM,1978,2195287.0
South America,OWID_SAM,1979,2319892.0
South America,OWID_SAM,1980,2029315.0
South America,OWID_SAM,1981,3075215.0
South America,OWID_SAM,1982,1989276.0
South America,OWID_SAM,1983,2702987.0
South America,OWID_SAM,1984,2509880.0
South America,OWID_SAM,1985,2871613.0
South America,OWID_SAM,1986,2078889.0
South America,OWID_SAM,1987,3178506.0
South America,OWID_SAM,1988,2415693.0
South America,OWID_SAM,1989,2548685.0
South America,OWID_SAM,1990,2644690.0
South America,OWID_SAM,1991,2778023.0
South America,OWID_SAM,1992,2708275.0
South America,OWID_SAM,1993,2404515.0
South America,OWID_SAM,1994,2400250.0
South America,OWID_SAM,1995,2086626.0
South America,OWID_SAM,1996,2415419.0
South America,OWID_SAM,1997,2268624.0
South America,OWID_SAM,1998,2743570.0
South America,OWID_SAM,1999,2590317.0
South America,OWID_SAM,2000,2869700.0
South America,OWID_SAM,2001,2955622.0
South America,OWID_SAM,2002,3655180.0
South America,OWID_SAM,2003,3000416.2
South America,OWID_SAM,2004,3499375.0
South America,OWID_SAM,2005,3129569.0
South America,OWID_SAM,2006,3705877.0
South America,OWID_SAM,2007,3371683.0
South America,OWID_SAM,2008,3891551.0
South America,OWID_SAM,2009,3278052.0
South America,OWID_SAM,2010,3838407.5
South America,OWID_SAM,2011,3624957.0
South America,OWID_SAM,2012,3916887.5
South America,OWID_SAM,2013,3974031.5
South America,OWID_SAM,2014,3832732.5
South America,OWID_SAM,2015,3804251.5
South America,OWID_SAM,2016,4197569.0
South America,OWID_SAM,2017,3959720.8
South America,OWID_SAM,2018,4822067.0
South America,OWID_SAM,2019,4351240.0
South America,OWID_SAM,2020,4976234.5
South America,OWID_SAM,2021,3993003.8
South America,OWID_SAM,2022,4291053.0
South America,OWID_SAM,2023,4484597.0
South America,OWID_SAM,2024,4673882.0
South America (FAO),,1961,2843499.0
South America (FAO),,1962,2840435.0
South America (FAO),,1963,2265522.0
South America (FAO),,1964,1682003.0
South America (FAO),,1965,2967169.0
South America (FAO),,1966,1881179.0
South America (FAO),,1967,2156839.0
South America (FAO),,1968,1727232.0
South America (FAO),,1969,1948056.0
South America (FAO),,1970,1476227.0
South America (FAO),,1971,2229857.0
South America (FAO),,1972,2131211.0
South America (FAO),,1973,1633364.0
South America (FAO),,1974,2294021.0
South America (FAO),,1975,2016161.0
South America (FAO),,1976,1071431.0
South America (FAO),,1977,1855839.0
South America (FAO),,1978,2195287.0
South America (FAO),,1979,2319892.0
South America (FAO),,1980,2029315.0
South America (FAO),,1981,3075215.0
South America (FAO),,1982,1989276.0
South America (FAO),,1983,2702987.0
South America (FAO),,1984,2509880.0
South America (FAO),,1985,2871613.0
South America (FAO),,1986,2078889.0
South America (FAO),,1987,3178506.0
South America (FAO),,1988,2415693.0
South America (FAO),,1989,2548685.0
South America (FAO),,1990,2644690.0
South America (FAO),,1991,2778023.0
South America (FAO),,1992,2708275.0
South America (FAO),,1993,2404515.0
South America (FAO),,1994,2400250.0
South America (FAO),,1995,2086626.0
South America (FAO),,1996,2415419.0
South America (FAO),,1997,2268624.0
South America (FAO),,1998,2743570.0
South America (FAO),,1999,2590317.0
South America (FAO),,2000,2869700.0
South America (FAO),,2001,2955622.0
South America (FAO),,2002,3655180.0
South America (FAO),,2003,3000416.2
South America (FAO),,2004,3499375.0
South America (FAO),,2005,3129569.0
South America (FAO),,2006,3705877.0
South America (FAO),,2007,3371683.0
South America (FAO),,2008,3891551.0
South America (FAO),,2009,3278052.0
South America (FAO),,2010,3838407.5
South America (FAO),,2011,3624957.0
South America (FAO),,2012,3916887.5
South America (FAO),,2013,3974031.5
South America (FAO),,2014,3832732.5
South America (FAO),,2015,3804251.5
South America (FAO),,2016,4197569.0
South America (FAO),,2017,3959720.8
South America (FAO),,2018,4822067.0
South America (FAO),,2019,4351240.0
South America (FAO),,2020,4976234.5
South America (FAO),,2021,3993003.8
South America (FAO),,2022,4291053.0
South America (FAO),,2023,4484597.0
South America (FAO),,2024,4673882.0
South-eastern Asia (FAO),,1961,145400.0
South-eastern Asia (FAO),,1962,161386.0
South-eastern Asia (FAO),,1963,186421.0
South-eastern Asia (FAO),,1964,173581.0
South-eastern Asia (FAO),,1965,197625.0
South-eastern Asia (FAO),,1966,202253.0
South-eastern Asia (FAO),,1967,220359.0
South-eastern Asia (FAO),,1968,217268.0
South-eastern Asia (FAO),,1969,238450.0
South-eastern Asia (FAO),,1970,255270.0
South-eastern Asia (FAO),,1971,251608.0
South-eastern Asia (FAO),,1972,251620.0
South-eastern Asia (FAO),,1973,223138.0
South-eastern Asia (FAO),,1974,226368.0
South-eastern Asia (FAO),,1975,288096.0
South-eastern Asia (FAO),,1976,309405.0
South-eastern Asia (FAO),,1977,330206.0
South-eastern Asia (FAO),,1978,372491.0
South-eastern Asia (FAO),,1979,420222.0
South-eastern Asia (FAO),,1980,461504.0
South-eastern Asia (FAO),,1981,503502.0
South-eastern Asia (FAO),,1982,502227.0
South-eastern Asia (FAO),,1983,502805.0
South-eastern Asia (FAO),,1984,482130.0
South-eastern Asia (FAO),,1985,512090.0
South-eastern Asia (FAO),,1986,583123.0
South-eastern Asia (FAO),,1987,607938.0
South-eastern Asia (FAO),,1988,637111.0
South-eastern Asia (FAO),,1989,679294.0
South-eastern Asia (FAO),,1990,724497.0
South-eastern Asia (FAO),,1991,726275.25
South-eastern Asia (FAO),,1992,788044.0
South-eastern Asia (FAO),,1993,798129.06
South-eastern Asia (FAO),,1994,862844.0
South-eastern Asia (FAO),,1995,921239.0
South-eastern Asia (FAO),,1996,977321.0
South-eastern Asia (FAO),,1997,1095319.0
South-eastern Asia (FAO),,1998,1165700.0
South-eastern Asia (FAO),,1999,1303564.0
South-eastern Asia (FAO),,2000,1624388.0
South-eastern Asia (FAO),,2001,1689144.0
South-eastern Asia (FAO),,2002,1630443.1
South-eastern Asia (FAO),,2003,1700681.0
South-eastern Asia (FAO),,2004,1806425.0
South-eastern Asia (FAO),,2005,1720675.6
South-eastern Asia (FAO),,2006,1895553.0
South-eastern Asia (FAO),,2007,2155645.0
South-eastern Asia (FAO),,2008,1984382.0
South-eastern Asia (FAO),,2009,1972717.6
South-eastern Asia (FAO),,2010,2015640.2
South-eastern Asia (FAO),,2011,2129368.8
South-eastern Asia (FAO),,2012,2191797.0
South-eastern Asia (FAO),,2013,2238728.0
South-eastern Asia (FAO),,2014,2300955.5
South-eastern Asia (FAO),,2015,2344906.0
South-eastern Asia (FAO),,2016,2357030.8
South-eastern Asia (FAO),,2017,2520054.8
South-eastern Asia (FAO),,2018,2631468.8
South-eastern Asia (FAO),,2019,2715990.5
South-eastern Asia (FAO),,2020,2789766.2
South-eastern Asia (FAO),,2021,2901540.5
South-eastern Asia (FAO),,2022,3002993.0
South-eastern Asia (FAO),,2023,2998483.8
South-eastern Asia (FAO),,2024,3100040.8
Southern Asia (FAO),,1961,47202.0
Southern Asia (FAO),,1962,49754.0
Southern Asia (FAO),,1963,61720.0
Southern Asia (FAO),,1964,77695.0
Southern Asia (FAO),,1965,67908.0
Southern Asia (FAO),,1966,70560.0
Southern Asia (FAO),,1967,89988.0
Southern Asia (FAO),,1968,67351.0
Southern Asia (FAO),,1969,84373.0
Southern Asia (FAO),,1970,70925.0
Southern Asia (FAO),,1971,118589.0
Southern Asia (FAO),,1972,75754.0
Southern Asia (FAO),,1973,98104.0
Southern Asia (FAO),,1974,95012.0
Southern Asia (FAO),,1975,101344.0
Southern Asia (FAO),,1976,92876.0
Southern Asia (FAO),,1977,112687.0
Southern Asia (FAO),,1978,137318.0
Southern Asia (FAO),,1979,120588.0
Southern Asia (FAO),,1980,161523.0
Southern Asia (FAO),,1981,131100.0
Southern Asia (FAO),,1982,165279.0
Southern Asia (FAO),,1983,146600.0
Southern Asia (FAO),,1984,115529.0
Southern Asia (FAO),,1985,204400.0
Southern Asia (FAO),,1986,128022.0
Southern Asia (FAO),,1987,198130.0
Southern Asia (FAO),,1988,128300.0
Southern Asia (FAO),,1989,221460.0
Southern Asia (FAO),,1990,125667.0
Southern Asia (FAO),,1991,177861.0
Southern Asia (FAO),,1992,188672.0
Southern Asia (FAO),,1993,172090.0
Southern Asia (FAO),,1994,219056.0
Southern Asia (FAO),,1995,191506.0
Southern Asia (FAO),,1996,234789.0
Southern Asia (FAO),,1997,216385.0
Southern Asia (FAO),,1998,238554.0
Southern Asia (FAO),,1999,275625.0
Southern Asia (FAO),,2000,301862.0
Southern Asia (FAO),,2001,311299.0
Southern Asia (FAO),,2002,310919.0
Southern Asia (FAO),,2003,284573.0
Southern Asia (FAO),,2004,278388.0
Southern Asia (FAO),,2005,282990.0
Southern Asia (FAO),,2006,280760.0
Southern Asia (FAO),,2007,294510.0
Southern Asia (FAO),,2008,267950.0
Southern Asia (FAO),,2009,267978.0
Southern Asia (FAO),,2010,295147.0
Southern Asia (FAO),,2011,307722.0
Southern Asia (FAO),,2012,319985.0
Southern Asia (FAO),,2013,324136.0
Southern Asia (FAO),,2014,311019.0
Southern Asia (FAO),,2015,333329.88
Southern Asia (FAO),,2016,354125.0
Southern Asia (FAO),,2017,317897.0
Southern Asia (FAO),,2018,322958.0
Southern Asia (FAO),,2019,324917.0
Southern Asia (FAO),,2020,305021.6
Southern Asia (FAO),,2021,339621.2
Southern Asia (FAO),,2022,357183.0
Southern Asia (FAO),,2023,365644.4
Southern Asia (FAO),,2024,368618.3
Southern Europe (FAO),,1961,5.0
Southern Europe (FAO),,1962,5.0
Southern Europe (FAO),,1963,5.0
Southern Europe (FAO),,1964,5.0
Southern Europe (FAO),,1965,6.0
Southern Europe (FAO),,1966,8.0
Southern Europe (FAO),,1967,8.0
Southern Europe (FAO),,1968,8.0
Southern Europe (FAO),,1969,7.0
Southern Europe (FAO),,1970,8.0
Southern Europe (FAO),,1971,6.0
Southern Europe (FAO),,1972,0.0
Southern Europe (FAO),,1973,6.0
Southern Europe (FAO),,1974,6.0
Southern Europe (FAO),,1975,8.0
Southern Europe (FAO),,1976,8.0
Southern Europe (FAO),,1977,8.0
Southern Europe (FAO),,1978,9.0
Southern Europe (FAO),,1979,9.0
Southern Europe (FAO),,1980,9.0
Southern Europe (FAO),,1981,4.0
Southern Europe (FAO),,1982,0.0
Southern Europe (FAO),,1983,0.0
Southern Europe (FAO),,1984,0.0
Southern Europe (FAO),,1985,0.0
Southern Europe (FAO),,1986,0.0
Southern Europe (FAO),,1987,11.0
Southern Europe (FAO),,1988,13.0
Southern Europe (FAO),,1989,14.0
Southern Europe (FAO),,1990,9.0
Southern Europe (FAO),,1991,7.0
Southern Europe (FAO),,1992,5.0
Southern Europe (FAO),,1993,5.0
Southern Europe (FAO),,1994,5.0
Spain,ESP,1961,5.0
Spain,ESP,1962,5.0
Spain,ESP,1963,5.0
Spain,ESP,1964,5.0
Spain,ESP,1965,6.0
Spain,ESP,1966,8.0
Spain,ESP,1967,8.0
Spain,ESP,1968,8.0
Spain,ESP,1969,7.0
Spain,ESP,1970,8.0
Spain,ESP,1971,6.0
Spain,ESP,1972,0.0
Spain,ESP,1973,6.0
Spain,ESP,1974,6.0
Spain,ESP,1975,8.0
Spain,ESP,1976,8.0
Spain,ESP,1977,8.0
Spain,ESP,1978,9.0
Spain,ESP,1979,9.0
Spain,ESP,1980,9.0
Spain,ESP,1981,4.0
Spain,ESP,1982,0.0
Spain,ESP,1983,0.0
Spain,ESP,1984,0.0
Spain,ESP,1985,0.0
Spain,ESP,1986,0.0
Spain,ESP,1987,11.0
Spain,ESP,1988,13.0
Spain,ESP,1989,14.0
Spain,ESP,1990,9.0
Spain,ESP,1991,7.0
Spain,ESP,1992,5.0
Spain,ESP,1993,5.0
Spain,ESP,1994,5.0
Sri Lanka,LKA,1961,4002.0
Sri Lanka,LKA,1962,3754.0
Sri Lanka,LKA,1963,5520.0
Sri Lanka,LKA,1964,8395.0
Sri Lanka,LKA,1965,7008.0
Sri Lanka,LKA,1966,6660.0
Sri Lanka,LKA,1967,11488.0
Sri Lanka,LKA,1968,10020.0
Sri Lanka,LKA,1969,10943.0
Sri Lanka,LKA,1970,7306.0
Sri Lanka,LKA,1971,8358.0
Sri Lanka,LKA,1972,6806.0
Sri Lanka,LKA,1973,7032.0
Sri Lanka,LKA,1974,8624.0
Sri Lanka,LKA,1975,8838.0
Sri Lanka,LKA,1976,8876.0
Sri Lanka,LKA,1977,10387.0
Sri Lanka,LKA,1978,12318.0
Sri Lanka,LKA,1979,10100.0
Sri Lanka,LKA,1980,11688.0
Sri Lanka,LKA,1981,12500.0
Sri Lanka,LKA,1982,13179.0
Sri Lanka,LKA,1983,16600.0
Sri Lanka,LKA,1984,10500.0
Sri Lanka,LKA,1985,9300.0
Sri Lanka,LKA,1986,5622.0
Sri Lanka,LKA,1987,6030.0
Sri Lanka,LKA,1988,5600.0
Sri Lanka,LKA,1989,6760.0
Sri Lanka,LKA,1990,7567.0
Sri Lanka,LKA,1991,7861.0
Sri Lanka,LKA,1992,8672.0
Sri Lanka,LKA,1993,10090.0
Sri Lanka,LKA,1994,11056.0
Sri Lanka,LKA,1995,11481.0
Sri Lanka,LKA,1996,11760.0
Sri Lanka,LKA,1997,11348.0
Sri Lanka,LKA,1998,10498.0
Sri Lanka,LKA,1999,10580.0
Sri Lanka,LKA,2000,9790.0
Sri Lanka,LKA,2001,10210.0
Sri Lanka,LKA,2002,9780.0
Sri Lanka,LKA,2003,9110.0
Sri Lanka,LKA,2004,7670.0
Sri Lanka,LKA,2005,7240.0
Sri Lanka,LKA,2006,6460.0
Sri Lanka,LKA,2007,6050.0
Sri Lanka,LKA,2008,5450.0
Sri Lanka,LKA,2009,5410.0
Sri Lanka,LKA,2010,5240.0
Sri Lanka,LKA,2011,5320.0
Sri Lanka,LKA,2012,5560.0
Sri Lanka,LKA,2013,5570.0
Sri Lanka,LKA,2014,6089.0
Sri Lanka,LKA,2015,5866.3
Sri Lanka,LKA,2016,5593.0
Sri Lanka,LKA,2017,5431.0
Sri Lanka,LKA,2018,6445.0
Sri Lanka,LKA,2019,4887.0
Sri Lanka,LKA,2020,6724.6
Sri Lanka,LKA,2021,5306.2
Sri Lanka,LKA,2022,4828.0
Sri Lanka,LKA,2023,4750.0
Sri Lanka,LKA,2024,5117.0
Suriname,SUR,1961,342.0
Suriname,SUR,1962,329.0
Suriname,SUR,1963,378.0
Suriname,SUR,1964,380.0
Suriname,SUR,1965,397.0
Suriname,SUR,1966,377.0
Suriname,SUR,1967,431.0
Suriname,SUR,1968,359.0
Suriname,SUR,1969,233.0
Suriname,SUR,1970,207.0
Suriname,SUR,1971,200.0
Suriname,SUR,1972,98.0
Suriname,SUR,1973,89.0
Suriname,SUR,1974,91.0
Suriname,SUR,1975,88.0
Suriname,SUR,1976,76.0
Suriname,SUR,1977,90.0
Suriname,SUR,1978,52.0
Suriname,SUR,1979,59.0
Suriname,SUR,1980,45.0
Suriname,SUR,1981,53.0
Suriname,SUR,1982,44.0
Suriname,SUR,1983,47.0
Suriname,SUR,1984,40.0
Suriname,SUR,1985,35.0
Suriname,SUR,1986,44.0
Suriname,SUR,1987,36.0
Suriname,SUR,1988,39.0
Suriname,SUR,1989,49.0
Suriname,SUR,1990,46.0
Suriname,SUR,1991,55.0
Suriname,SUR,1992,43.0
Suriname,SUR,1993,50.0
Suriname,SUR,1994,42.0
Suriname,SUR,1995,50.0
Suriname,SUR,1996,33.0
Suriname,SUR,1997,16.0
Suriname,SUR,1998,11.0
Suriname,SUR,1999,10.0
Suriname,SUR,2000,4.0
Suriname,SUR,2001,4.0
Suriname,SUR,2002,4.0
Suriname,SUR,2003,5.32
Suriname,SUR,2004,4.0
Suriname,SUR,2005,4.0
Suriname,SUR,2006,6.0
Suriname,SUR,2007,10.0
Suriname,SUR,2008,10.0
Suriname,SUR,2009,9.0
Suriname,SUR,2010,6.41
Suriname,SUR,2011,5.61
Suriname,SUR,2012,5.97
Suriname,SUR,2013,5.97
Suriname,SUR,2014,5.87
Suriname,SUR,2015,6.0
Suriname,SUR,2016,5.53
Suriname,SUR,2017,5.8
Suriname,SUR,2018,5.78
Suriname,SUR,2019,5.44
Suriname,SUR,2020,5.49
Suriname,SUR,2021,6.14
Suriname,SUR,2022,6.22
Suriname,SUR,2023,6.22
Suriname,SUR,2024,6.22
Taiwan,TWN,1961,112.0
Taiwan,TWN,1962,56.0
Taiwan,TWN,1963,42.0
Taiwan,TWN,1964,46.0
Taiwan,TWN,1965,77.0
Taiwan,TWN,1966,36.0
Taiwan,TWN,1967,66.0
Taiwan,TWN,1968,40.0
Taiwan,TWN,1969,48.0
Taiwan,TWN,1970,36.0
Taiwan,TWN,1971,34.0
Taiwan,TWN,1972,29.0
Taiwan,TWN,1973,17.0
Taiwan,TWN,1974,68.0
Taiwan,TWN,1975,66.0
Taiwan,TWN,1976,9.0
Taiwan,TWN,1977,52.0
Taiwan,TWN,1978,47.0
Taiwan,TWN,1979,36.0
Taiwan,TWN,1980,51.0
Taiwan,TWN,1981,52.0
Taiwan,TWN,1982,54.0
Taiwan,TWN,1983,0.0
Taiwan,TWN,1984,0.0
Taiwan,TWN,1985,0.0
Taiwan,TWN,1986,0.0
Taiwan,TWN,1987,0.0
Taiwan,TWN,1988,0.0
Taiwan,TWN,1989,0.0
Taiwan,TWN,1990,0.0
Taiwan,TWN,1991,0.0
Taiwan,TWN,1992,0.0
Taiwan,TWN,1993,0.0
Taiwan,TWN,1994,0.0
Taiwan,TWN,1995,0.0
Taiwan,TWN,1996,0.0
Taiwan,TWN,1997,0.0
Taiwan,TWN,1998,0.0
Taiwan,TWN,1999,0.0
Taiwan,TWN,2000,0.0
Taiwan,TWN,2001,0.0
Taiwan,TWN,2002,0.0
Taiwan,TWN,2003,0.0
Taiwan,TWN,2004,0.0
Taiwan,TWN,2005,0.0
Taiwan,TWN,2006,0.0
Taiwan,TWN,2007,0.0
Taiwan,TWN,2008,0.0
Taiwan,TWN,2009,0.0
Taiwan,TWN,2010,0.0
Taiwan,TWN,2011,0.0
Taiwan,TWN,2012,0.0
Taiwan,TWN,2013,0.0
Taiwan,TWN,2014,0.0
Taiwan,TWN,2015,757.0
Taiwan,TWN,2016,841.0
Taiwan,TWN,2017,947.0
Taiwan,TWN,2018,1019.0
Taiwan,TWN,2019,1012.0
Taiwan,TWN,2020,970.0
Taiwan,TWN,2021,906.0
Taiwan,TWN,2022,980.0
Taiwan,TWN,2023,956.0
Taiwan,TWN,2024,951.29
Tanzania,TZA,1961,33000.0
Tanzania,TZA,1962,35000.0
Tanzania,TZA,1963,40900.0
Tanzania,TZA,1964,43600.0
Tanzania,TZA,1965,56400.0
Tanzania,TZA,1966,66900.0
Tanzania,TZA,1967,49600.0
Tanzania,TZA,1968,51100.0
Tanzania,TZA,1969,51545.0
Tanzania,TZA,1970,46140.0
Tanzania,TZA,1971,49700.0
Tanzania,TZA,1972,52126.0
Tanzania,TZA,1973,54997.0
Tanzania,TZA,1974,59454.0
Tanzania,TZA,1975,62291.0
Tanzania,TZA,1976,43278.0
Tanzania,TZA,1977,50216.0
Tanzania,TZA,1978,51359.0
Tanzania,TZA,1979,47875.0
Tanzania,TZA,1980,47802.0
Tanzania,TZA,1981,66441.0
Tanzania,TZA,1982,53120.0
Tanzania,TZA,1983,52129.0
Tanzania,TZA,1984,56943.0
Tanzania,TZA,1985,45808.0
Tanzania,TZA,1986,54756.0
Tanzania,TZA,1987,57653.0
Tanzania,TZA,1988,45510.0
Tanzania,TZA,1989,48800.0
Tanzania,TZA,1990,53420.0
Tanzania,TZA,1991,46210.0
Tanzania,TZA,1992,56030.0
Tanzania,TZA,1993,59574.0
Tanzania,TZA,1994,34151.0
Tanzania,TZA,1995,41971.0
Tanzania,TZA,1996,52490.0
Tanzania,TZA,1997,43568.0
Tanzania,TZA,1998,38002.0
Tanzania,TZA,1999,46670.0
Tanzania,TZA,2000,47800.0
Tanzania,TZA,2001,58100.0
Tanzania,TZA,2002,66170.0
Tanzania,TZA,2003,52320.0
Tanzania,TZA,2004,72440.0
Tanzania,TZA,2005,95390.0
Tanzania,TZA,2006,34300.0
Tanzania,TZA,2007,48869.0
Tanzania,TZA,2008,43100.0
Tanzania,TZA,2009,62350.0
Tanzania,TZA,2010,40000.0
Tanzania,TZA,2011,60575.0
Tanzania,TZA,2012,66204.0
Tanzania,TZA,2013,71200.0
Tanzania,TZA,2014,48982.0
Tanzania,TZA,2015,42674.0
Tanzania,TZA,2016,60921.0
Tanzania,TZA,2017,47693.0
Tanzania,TZA,2018,45254.0
Tanzania,TZA,2019,68147.0
Tanzania,TZA,2020,60651.0
Tanzania,TZA,2021,73027.0
Tanzania,TZA,2022,66837.0
Tanzania,TZA,2023,62917.0
Tanzania,TZA,2024,77417.0
Thailand,THA,1961,60.0
Thailand,THA,1962,60.0
Thailand,THA,1963,60.0
Thailand,THA,1964,60.0
Thailand,THA,1965,120.0
Thailand,THA,1966,120.0
Thailand,THA,1967,120.0
Thailand,THA,1968,180.0
Thailand,THA,1969,240.0
Thailand,THA,1970,600.0
Thailand,THA,1971,1140.0
Thailand,THA,1972,1657.0
Thailand,THA,1973,2240.0
Thailand,THA,1974,4020.0
Thailand,THA,1975,5816.0
Thailand,THA,1976,7635.0
Thailand,THA,1977,6300.0
Thailand,THA,1978,6900.0
Thailand,THA,1979,7500.0
Thailand,THA,1980,9120.0
Thailand,THA,1981,12060.0
Thailand,THA,1982,18539.0
Thailand,THA,1983,18035.0
Thailand,THA,1984,18099.0
Thailand,THA,1985,26641.0
Thailand,THA,1986,31455.0
Thailand,THA,1987,25220.0
Thailand,THA,1988,35154.0
Thailand,THA,1989,59580.0
Thailand,THA,1990,71483.0
Thailand,THA,1991,47328.0
Thailand,THA,1992,80386.0
Thailand,THA,1993,70426.0
Thailand,THA,1994,78175.0
Thailand,THA,1995,86450.0
Thailand,THA,1996,80287.0
Thailand,THA,1997,83810.0
Thailand,THA,1998,78444.0
Thailand,THA,1999,54923.0
Thailand,THA,2000,81057.0
Thailand,THA,2001,86009.0
Thailand,THA,2002,53447.0
Thailand,THA,2003,53907.0
Thailand,THA,2004,61765.0
Thailand,THA,2005,59644.0
Thailand,THA,2006,46873.0
Thailand,THA,2007,55660.0
Thailand,THA,2008,50442.0
Thailand,THA,2009,56315.0
Thailand,THA,2010,48955.0
Thailand,THA,2011,42394.0
Thailand,THA,2012,41461.0
Thailand,THA,2013,37569.0
Thailand,THA,2014,37950.0
Thailand,THA,2015,26089.0
Thailand,THA,2016,30579.0
Thailand,THA,2017,25909.0
Thailand,THA,2018,23619.0
Thailand,THA,2019,26424.38
Thailand,THA,2020,22483.0
Thailand,THA,2021,21774.51
Thailand,THA,2022,18740.0
Thailand,THA,2023,16690.0
Thailand,THA,2024,16623.48
Togo,TGO,1961,10300.0
Togo,TGO,1962,11600.0
Togo,TGO,1963,13800.0
Togo,TGO,1964,13800.0
Togo,TGO,1965,13500.0
Togo,TGO,1966,7900.0
Togo,TGO,1967,10500.0
Togo,TGO,1968,17208.0
Togo,TGO,1969,13795.0
Togo,TGO,1970,13877.0
Togo,TGO,1971,6459.0
Togo,TGO,1972,6806.0
Togo,TGO,1973,6756.0
Togo,TGO,1974,7694.0
Togo,TGO,1975,10800.0
Togo,TGO,1976,8512.0
Togo,TGO,1977,10430.0
Togo,TGO,1978,4707.0
Togo,TGO,1979,6229.0
Togo,TGO,1980,10385.0
Togo,TGO,1981,8878.0
Togo,TGO,1982,9237.0
Togo,TGO,1983,5941.0
Togo,TGO,1984,2689.0
Togo,TGO,1985,10044.0
Togo,TGO,1986,8179.0
Togo,TGO,1987,13611.0
Togo,TGO,1988,14500.0
Togo,TGO,1989,12121.0
Togo,TGO,1990,12800.0
Togo,TGO,1991,24900.0
Togo,TGO,1992,6300.0
Togo,TGO,1993,11000.0
Togo,TGO,1994,10600.0
Togo,TGO,1995,12080.0
Togo,TGO,1996,22400.0
Togo,TGO,1997,10600.0
Togo,TGO,1998,20000.0
Togo,TGO,1999,17000.0
Togo,TGO,2000,15200.0
Togo,TGO,2001,16900.0
Togo,TGO,2002,7900.0
Togo,TGO,2003,5500.0
Togo,TGO,2004,9300.0
Togo,TGO,2005,7200.0
Togo,TGO,2006,8900.0
Togo,TGO,2007,9300.0
Togo,TGO,2008,9143.0
Togo,TGO,2009,11700.0
Togo,TGO,2010,11500.0
Togo,TGO,2011,12500.0
Togo,TGO,2012,10843.0
Togo,TGO,2013,10950.0
Togo,TGO,2014,15500.0
Togo,TGO,2015,16093.0
Togo,TGO,2016,17933.0
Togo,TGO,2017,18476.0
Togo,TGO,2018,19076.0
Togo,TGO,2019,21316.0
Togo,TGO,2020,22006.0
Togo,TGO,2021,23106.0
Togo,TGO,2022,25132.0
Togo,TGO,2023,22619.45
Togo,TGO,2024,21769.41
Tonga,TON,1961,0.0
Tonga,TON,1962,0.0
Tonga,TON,1963,0.0
Tonga,TON,1964,0.0
Tonga,TON,1965,0.0
Tonga,TON,1966,0.0
Tonga,TON,1967,0.0
Tonga,TON,1968,0.0
Tonga,TON,1969,0.0
Tonga,TON,1970,0.0
Tonga,TON,1971,0.0
Tonga,TON,1972,0.0
Tonga,TON,1973,0.0
Tonga,TON,1974,0.0
Tonga,TON,1975,0.0
Tonga,TON,1976,0.0
Tonga,TON,1977,0.0
Tonga,TON,1978,0.0
Tonga,TON,1979,0.0
Tonga,TON,1980,0.0
Tonga,TON,1981,0.0
Tonga,TON,1982,0.0
Tonga,TON,1983,10.0
Tonga,TON,1984,12.0
Tonga,TON,1985,14.0
Tonga,TON,1986,14.0
Tonga,TON,1987,14.0
Tonga,TON,1988,14.0
Tonga,TON,1989,14.0
Tonga,TON,1990,13.0
Tonga,TON,1991,11.81
Tonga,TON,1992,12.68
Tonga,TON,1993,13.68
Tonga,TON,1994,13.69
Tonga,TON,1995,14.0
Tonga,TON,1996,15.0
Tonga,TON,1997,14.46
Tonga,TON,1998,14.02
Tonga,TON,1999,14.05
Tonga,TON,2000,14.08
Tonga,TON,2001,14.1
Tonga,TON,2002,14.12
Tonga,TON,2003,14.13
Tonga,TON,2004,14.09
Tonga,TON,2005,15.69
Tonga,TON,2006,18.0
Tonga,TON,2007,17.12
Tonga,TON,2008,16.89
Tonga,TON,2009,16.65
Tonga,TON,2010,16.36
Tonga,TON,2011,16.02
Tonga,TON,2012,15.73
Tonga,TON,2013,15.0
Tonga,TON,2014,14.86
Tonga,TON,2015,15.99
Tonga,TON,2016,15.28
Tonga,TON,2017,15.2
Tonga,TON,2018,15.22
Tonga,TON,2019,15.24
Tonga,TON,2020,15.32
Tonga,TON,2021,15.38
Tonga,TON,2022,15.24
Tonga,TON,2023,15.21
Tonga,TON,2024,15.18
Trinidad and Tobago,TTO,1961,2885.0
Trinidad and Tobago,TTO,1962,3900.0
Trinidad and Tobago,TTO,1963,3625.0
Trinidad and Tobago,TTO,1964,4181.0
Trinidad and Tobago,TTO,1965,4198.0
Trinidad and Tobago,TTO,1966,2920.0
Trinidad and Tobago,TTO,1967,3117.0
Trinidad and Tobago,TTO,1968,4586.0
Trinidad and Tobago,TTO,1969,3191.0
Trinidad and Tobago,TTO,1970,2302.0
Trinidad and Tobago,TTO,1971,3894.0
Trinidad and Tobago,TTO,1972,3300.0
Trinidad and Tobago,TTO,1973,2717.0
Trinidad and Tobago,TTO,1974,1940.0
Trinidad and Tobago,TTO,1975,4024.0
Trinidad and Tobago,TTO,1976,2671.0
Trinidad and Tobago,TTO,1977,2918.0
Trinidad and Tobago,TTO,1978,2500.0
Trinidad and Tobago,TTO,1979,2497.0
Trinidad and Tobago,TTO,1980,2240.0
Trinidad and Tobago,TTO,1981,2433.0
Trinidad and Tobago,TTO,1982,1794.0
Trinidad and Tobago,TTO,1983,1389.0
Trinidad and Tobago,TTO,1984,852.0
Trinidad and Tobago,TTO,1985,2141.0
Trinidad and Tobago,TTO,1986,1334.0
Trinidad and Tobago,TTO,1987,1842.0
Trinidad and Tobago,TTO,1988,582.0
Trinidad and Tobago,TTO,1989,1206.0
Trinidad and Tobago,TTO,1990,1944.0
Trinidad and Tobago,TTO,1991,914.0
Trinidad and Tobago,TTO,1992,707.0
Trinidad and Tobago,TTO,1993,874.0
Trinidad and Tobago,TTO,1994,1015.0
Trinidad and Tobago,TTO,1995,831.0
Trinidad and Tobago,TTO,1996,352.0
Trinidad and Tobago,TTO,1997,1102.0
Trinidad and Tobago,TTO,1998,367.0
Trinidad and Tobago,TTO,1999,343.0
Trinidad and Tobago,TTO,2000,553.0
Trinidad and Tobago,TTO,2001,406.0
Trinidad and Tobago,TTO,2002,247.0
Trinidad and Tobago,TTO,2003,586.0
Trinidad and Tobago,TTO,2004,109.0
Trinidad and Tobago,TTO,2005,350.0
Trinidad and Tobago,TTO,2006,720.0
Trinidad and Tobago,TTO,2007,60.0
Trinidad and Tobago,TTO,2008,60.0
Trinidad and Tobago,TTO,2009,129.01
Trinidad and Tobago,TTO,2010,51.27
Trinidad and Tobago,TTO,2011,72.72
Trinidad and Tobago,TTO,2012,50.78
Trinidad and Tobago,TTO,2013,51.25
Trinidad and Tobago,TTO,2014,51.16
Trinidad and Tobago,TTO,2015,30.79
Trinidad and Tobago,TTO,2016,707.0
Trinidad and Tobago,TTO,2017,707.0
Trinidad and Tobago,TTO,2018,720.0
Trinidad and Tobago,TTO,2019,800.0
Trinidad and Tobago,TTO,2020,742.33
Trinidad and Tobago,TTO,2021,754.11
Trinidad and Tobago,TTO,2022,765.48
Trinidad and Tobago,TTO,2023,753.98
Trinidad and Tobago,TTO,2024,757.86
Uganda,UGA,1961,94100.0
Uganda,UGA,1962,119000.0
Uganda,UGA,1963,158200.0
Uganda,UGA,1964,172400.0
Uganda,UGA,1965,152100.0
Uganda,UGA,1966,153900.0
Uganda,UGA,1967,166400.0
Uganda,UGA,1968,133000.0
Uganda,UGA,1969,247200.0
Uganda,UGA,1970,201500.0
Uganda,UGA,1971,175500.0
Uganda,UGA,1972,183700.0
Uganda,UGA,1973,212600.0
Uganda,UGA,1974,199100.0
Uganda,UGA,1975,199000.0
Uganda,UGA,1976,137100.0
Uganda,UGA,1977,155900.0
Uganda,UGA,1978,121300.0
Uganda,UGA,1979,103000.0
Uganda,UGA,1980,135200.0
Uganda,UGA,1981,97500.0
Uganda,UGA,1982,161866.0
Uganda,UGA,1983,148224.0
Uganda,UGA,1984,145971.0
Uganda,UGA,1985,143995.0
Uganda,UGA,1986,159881.0
Uganda,UGA,1987,167067.0
Uganda,UGA,1988,151157.0
Uganda,UGA,1989,169042.0
Uganda,UGA,1990,128747.0
Uganda,UGA,1991,147366.0
Uganda,UGA,1992,110334.0
Uganda,UGA,1993,144551.0
Uganda,UGA,1994,198371.0
Uganda,UGA,1995,181465.0
Uganda,UGA,1996,287925.0
Uganda,UGA,1997,219624.0
Uganda,UGA,1998,205056.0
Uganda,UGA,1999,251881.0
Uganda,UGA,2000,143475.0
Uganda,UGA,2001,197410.0
Uganda,UGA,2002,209547.0
Uganda,UGA,2003,150871.0
Uganda,UGA,2004,170081.0
Uganda,UGA,2005,158100.0
Uganda,UGA,2006,133310.0
Uganda,UGA,2007,175346.0
Uganda,UGA,2008,211726.0
Uganda,UGA,2009,195871.0
Uganda,UGA,2010,166968.0
Uganda,UGA,2011,191371.0
Uganda,UGA,2012,186125.0
Uganda,UGA,2013,222894.0
Uganda,UGA,2014,220135.0
Uganda,UGA,2015,229149.0
Uganda,UGA,2016,243061.0
Uganda,UGA,2017,302063.0
Uganda,UGA,2018,284225.0
Uganda,UGA,2019,313933.0
Uganda,UGA,2020,360103.0
Uganda,UGA,2021,414007.0
Uganda,UGA,2022,507000.0
Uganda,UGA,2023,468000.0
Uganda,UGA,2024,402000.0
United States,USA,1961,3100.0
United States,USA,1962,4900.0
United States,USA,1963,2400.0
United States,USA,1964,3600.0
United States,USA,1965,2722.0
United States,USA,1966,2918.0
United States,USA,1967,1974.0
United States,USA,1968,2068.0
United States,USA,1969,1498.0
United States,USA,1970,1560.0
United States,USA,1971,1063.0
United States,USA,1972,1321.0
United States,USA,1973,1103.0
United States,USA,1974,559.0
United States,USA,1975,675.0
United States,USA,1976,770.0
United States,USA,1977,823.0
United States,USA,1978,610.0
United States,USA,1979,794.0
United States,USA,1980,522.0
United States,USA,1981,802.0
United States,USA,1982,360.0
United States,USA,1983,1016.0
United States,USA,1984,635.0
United States,USA,1985,671.0
United States,USA,1986,1088.0
United States,USA,1987,653.0
United States,USA,1988,725.0
United States,USA,1989,1160.0
United States,USA,1990,1016.0
United States,USA,1991,1016.0
United States,USA,1992,871.0
United States,USA,1993,1056.0
United States,USA,1994,1560.0
United States,USA,1995,1960.0
United States,USA,1996,2320.0
United States,USA,1997,3260.0
United States,USA,1998,3450.0
United States,USA,1999,3630.0
United States,USA,2000,3950.0
United States,USA,2001,3630.0
United States,USA,2002,3400.0
United States,USA,2003,3760.0
United States,USA,2004,2540.0
United States,USA,2005,3719.0
United States,USA,2006,3311.0
United States,USA,2007,3400.0
United States,USA,2008,3950.0
United States,USA,2009,3950.0
United States,USA,2010,3990.0
United States,USA,2011,3447.0
United States,USA,2012,3175.0
United States,USA,2013,3175.0
United States,USA,2014,3670.0
United States,USA,2015,2390.0
United States,USA,2016,1960.0
United States,USA,2017,2200.0
United States,USA,2018,2490.0
United States,USA,2019,2320.0
United States,USA,2020,1960.0
United States,USA,2021,4709.0
United States,USA,2022,3759.0
United States,USA,2023,3121.0
United States,USA,2024,3817.0
Upper-middle-income countries,OWID_UMC,1961,3379013.0
Upper-middle-income countries,OWID_UMC,1962,3412801.0
Upper-middle-income countries,OWID_UMC,1963,2858646.0
Upper-middle-income countries,OWID_UMC,1964,2277505.0
Upper-middle-income countries,OWID_UMC,1965,3576154.0
Upper-middle-income countries,OWID_UMC,1966,2521108.0
Upper-middle-income countries,OWID_UMC,1967,2868143.0
Upper-middle-income countries,OWID_UMC,1968,2414658.0
Upper-middle-income countries,OWID_UMC,1969,2639551.0
Upper-middle-income countries,OWID_UMC,1970,2171204.0
Upper-middle-income countries,OWID_UMC,1971,2947424.0
Upper-middle-income countries,OWID_UMC,1972,2880435.0
Upper-middle-income countries,OWID_UMC,1973,2364272.0
Upper-middle-income countries,OWID_UMC,1974,3074641.0
Upper-middle-income countries,OWID_UMC,1975,2794631.0
Upper-middle-income countries,OWID_UMC,1976,1870248.0
Upper-middle-income countries,OWID_UMC,1977,2632415.0
Upper-middle-income countries,OWID_UMC,1978,3056016.0
Upper-middle-income countries,OWID_UMC,1979,3256334.0
Upper-middle-income countries,OWID_UMC,1980,2996454.0
Upper-middle-income countries,OWID_UMC,1981,4115414.0
Upper-middle-income countries,OWID_UMC,1982,3002290.0
Upper-middle-income countries,OWID_UMC,1983,3764537.0
Upper-middle-income countries,OWID_UMC,1984,3547127.0
Upper-middle-income countries,OWID_UMC,1985,3900219.0
Upper-middle-income countries,OWID_UMC,1986,3273674.0
Upper-middle-income countries,OWID_UMC,1987,4368496.0
Upper-middle-income countries,OWID_UMC,1988,3666675.0
Upper-middle-income countries,OWID_UMC,1989,3759875.0
Upper-middle-income countries,OWID_UMC,1990,4001052.0
Upper-middle-income countries,OWID_UMC,1991,4017797.8
Upper-middle-income countries,OWID_UMC,1992,4034293.8
Upper-middle-income countries,OWID_UMC,1993,3662933.2
Upper-middle-income countries,OWID_UMC,1994,3660502.0
Upper-middle-income countries,OWID_UMC,1995,3367001.0
Upper-middle-income countries,OWID_UMC,1996,3749427.0
Upper-middle-income countries,OWID_UMC,1997,3606510.2
Upper-middle-income countries,OWID_UMC,1998,4071405.8
Upper-middle-income countries,OWID_UMC,1999,4006257.8
Upper-middle-income countries,OWID_UMC,2000,4363439.0
Upper-middle-income countries,OWID_UMC,2001,4378488.0
Upper-middle-income countries,OWID_UMC,2002,5144776.0
Upper-middle-income countries,OWID_UMC,2003,4453090.5
Upper-middle-income countries,OWID_UMC,2004,4947987.5
Upper-middle-income countries,OWID_UMC,2005,4561221.0
Upper-middle-income countries,OWID_UMC,2006,5140179.5
Upper-middle-income countries,OWID_UMC,2007,4811791.5
Upper-middle-income countries,OWID_UMC,2008,5337326.0
Upper-middle-income countries,OWID_UMC,2009,4726502.5
Upper-middle-income countries,OWID_UMC,2010,5259494.0
Upper-middle-income countries,OWID_UMC,2011,4989207.0
Upper-middle-income countries,OWID_UMC,2012,5378217.5
Upper-middle-income countries,OWID_UMC,2013,5341955.5
Upper-middle-income countries,OWID_UMC,2014,5146667.5
Upper-middle-income countries,OWID_UMC,2015,5047867.0
Upper-middle-income countries,OWID_UMC,2016,5424239.5
Upper-middle-income countries,OWID_UMC,2017,5256396.0
Upper-middle-income countries,OWID_UMC,2018,6178171.0
Upper-middle-income countries,OWID_UMC,2019,5677281.0
Upper-middle-income countries,OWID_UMC,2020,6345868.5
Upper-middle-income countries,OWID_UMC,2021,5369077.5
Upper-middle-income countries,OWID_UMC,2022,5680528.0
Upper-middle-income countries,OWID_UMC,2023,5834977.0
Upper-middle-income countries,OWID_UMC,2024,6081741.5
Vanuatu,VUT,1961,240.0
Vanuatu,VUT,1962,200.0
Vanuatu,VUT,1963,200.0
Vanuatu,VUT,1964,200.0
Vanuatu,VUT,1965,250.0
Vanuatu,VUT,1966,250.0
Vanuatu,VUT,1967,300.0
Vanuatu,VUT,1968,240.0
Vanuatu,VUT,1969,180.0
Vanuatu,VUT,1970,120.0
Vanuatu,VUT,1971,120.0
Vanuatu,VUT,1972,120.0
Vanuatu,VUT,1973,120.0
Vanuatu,VUT,1974,120.0
Vanuatu,VUT,1975,60.0
Vanuatu,VUT,1976,60.0
Vanuatu,VUT,1977,60.0
Vanuatu,VUT,1978,60.0
Vanuatu,VUT,1979,80.0
Vanuatu,VUT,1980,60.0
Vanuatu,VUT,1981,61.0
Vanuatu,VUT,1982,21.0
Vanuatu,VUT,1983,38.0
Vanuatu,VUT,1984,55.0
Vanuatu,VUT,1985,65.0
Vanuatu,VUT,1986,57.0
Vanuatu,VUT,1987,53.0
Vanuatu,VUT,1988,15.0
Vanuatu,VUT,1989,25.0
Vanuatu,VUT,1990,15.0
Vanuatu,VUT,1991,42.0
Vanuatu,VUT,1992,30.0
Vanuatu,VUT,1993,28.13
Vanuatu,VUT,1994,31.22
Vanuatu,VUT,1995,32.86
Vanuatu,VUT,1996,40.0
Vanuatu,VUT,1997,38.34
Vanuatu,VUT,1998,50.0
Vanuatu,VUT,1999,44.69
Vanuatu,VUT,2000,30.0
Vanuatu,VUT,2001,15.0
Vanuatu,VUT,2002,20.2
Vanuatu,VUT,2003,15.85
Vanuatu,VUT,2004,15.71
Vanuatu,VUT,2005,14.0
Vanuatu,VUT,2006,15.53
Vanuatu,VUT,2007,15.57
Vanuatu,VUT,2008,15.0
Vanuatu,VUT,2009,15.38
Vanuatu,VUT,2010,15.47
Vanuatu,VUT,2011,15.47
Vanuatu,VUT,2012,15.46
Vanuatu,VUT,2013,15.64
Vanuatu,VUT,2014,15.3
Vanuatu,VUT,2015,15.22
Vanuatu,VUT,2016,15.13
Vanuatu,VUT,2017,15.03
Vanuatu,VUT,2018,14.93
Vanuatu,VUT,2019,14.59
Vanuatu,VUT,2020,14.37
Vanuatu,VUT,2021,14.44
Vanuatu,VUT,2022,15.0
Vanuatu,VUT,2023,14.49
Vanuatu,VUT,2024,13.43
Venezuela,VEN,1961,57050.0
Venezuela,VEN,1962,54228.0
Venezuela,VEN,1963,60678.0
Venezuela,VEN,1964,56141.0
Venezuela,VEN,1965,54387.0
Venezuela,VEN,1966,61000.0
Venezuela,VEN,1967,61824.0
Venezuela,VEN,1968,45886.0
Venezuela,VEN,1969,60665.0
Venezuela,VEN,1970,60586.0
Venezuela,VEN,1971,58385.0
Venezuela,VEN,1972,40406.0
Venezuela,VEN,1973,65926.0
Venezuela,VEN,1974,45878.0
Venezuela,VEN,1975,64611.0
Venezuela,VEN,1976,40350.0
Venezuela,VEN,1977,57682.0
Venezuela,VEN,1978,58977.0
Venezuela,VEN,1979,53935.0
Venezuela,VEN,1980,58173.0
Venezuela,VEN,1981,59566.0
Venezuela,VEN,1982,58037.0
Venezuela,VEN,1983,58848.0
Venezuela,VEN,1984,60861.0
Venezuela,VEN,1985,64370.0
Venezuela,VEN,1986,66232.0
Venezuela,VEN,1987,70188.0
Venezuela,VEN,1988,71040.0
Venezuela,VEN,1989,72594.0
Venezuela,VEN,1990,76412.0
Venezuela,VEN,1991,68404.0
Venezuela,VEN,1992,69340.0
Venezuela,VEN,1993,66476.0
Venezuela,VEN,1994,68404.0
Venezuela,VEN,1995,65088.0
Venezuela,VEN,1996,73026.0
Venezuela,VEN,1997,63000.0
Venezuela,VEN,1998,66840.0
Venezuela,VEN,1999,79854.0
Venezuela,VEN,2000,78440.0
Venezuela,VEN,2001,91877.0
Venezuela,VEN,2002,84470.0
Venezuela,VEN,2003,64265.0
Venezuela,VEN,2004,71503.0
Venezuela,VEN,2005,64484.0
Venezuela,VEN,2006,74332.0
Venezuela,VEN,2007,70311.0
Venezuela,VEN,2008,72000.0
Venezuela,VEN,2009,63193.0
Venezuela,VEN,2010,71687.0
Venezuela,VEN,2011,72109.0
Venezuela,VEN,2012,60917.0
Venezuela,VEN,2013,62069.0
Venezuela,VEN,2014,52683.0
Venezuela,VEN,2015,49987.0
Venezuela,VEN,2016,50947.58
Venezuela,VEN,2017,56630.0
Venezuela,VEN,2018,58188.0
Venezuela,VEN,2019,57015.0
Venezuela,VEN,2020,54242.0
Venezuela,VEN,2021,53723.0
Venezuela,VEN,2022,57177.0
Venezuela,VEN,2023,58625.0
Venezuela,VEN,2024,58268.29
Vietnam,VNM,1961,4100.0
Vietnam,VNM,1962,4020.0
Vietnam,VNM,1963,4500.0
Vietnam,VNM,1964,5500.0
Vietnam,VNM,1965,7500.0
Vietnam,VNM,1966,6300.0
Vietnam,VNM,1967,7000.0
Vietnam,VNM,1968,6000.0
Vietnam,VNM,1969,6500.0
Vietnam,VNM,1970,7300.0
Vietnam,VNM,1971,6500.0
Vietnam,VNM,1972,7000.0
Vietnam,VNM,1973,6600.0
Vietnam,VNM,1974,6000.0
Vietnam,VNM,1975,6800.0
Vietnam,VNM,1976,9700.0
Vietnam,VNM,1977,5600.0
Vietnam,VNM,1978,5400.0
Vietnam,VNM,1979,5100.0
Vietnam,VNM,1980,8400.0
Vietnam,VNM,1981,5300.0
Vietnam,VNM,1982,5300.0
Vietnam,VNM,1983,5700.0
Vietnam,VNM,1984,4800.0
Vietnam,VNM,1985,12300.0
Vietnam,VNM,1986,25000.0
Vietnam,VNM,1987,27500.0
Vietnam,VNM,1988,42000.0
Vietnam,VNM,1989,40900.0
Vietnam,VNM,1990,92000.0
Vietnam,VNM,1991,100000.0
Vietnam,VNM,1992,119200.0
Vietnam,VNM,1993,136100.0
Vietnam,VNM,1994,180000.0
Vietnam,VNM,1995,218000.0
Vietnam,VNM,1996,320100.0
Vietnam,VNM,1997,420500.0
Vietnam,VNM,1998,409300.0
Vietnam,VNM,1999,553200.0
Vietnam,VNM,2000,802500.0
Vietnam,VNM,2001,840600.0
Vietnam,VNM,2002,699500.0
Vietnam,VNM,2003,793700.0
Vietnam,VNM,2004,913800.0
Vietnam,VNM,2005,831000.0
Vietnam,VNM,2006,985300.0
Vietnam,VNM,2007,1251000.0
Vietnam,VNM,2008,1055811.0
Vietnam,VNM,2009,1057539.6
Vietnam,VNM,2010,1105700.0
Vietnam,VNM,2011,1276506.0
Vietnam,VNM,2012,1260463.0
Vietnam,VNM,2013,1326688.0
Vietnam,VNM,2014,1406469.0
Vietnam,VNM,2015,1452999.2
Vietnam,VNM,2016,1460800.0
Vietnam,VNM,2017,1542397.9
Vietnam,VNM,2018,1616307.2
Vietnam,VNM,2019,1686765.1
Vietnam,VNM,2020,1763476.0
Vietnam,VNM,2021,1845033.0
Vietnam,VNM,2022,1953990.1
Vietnam,VNM,2023,1956782.5
Vietnam,VNM,2024,2015289.0
Western Africa (FAO),,1961,224245.0
Western Africa (FAO),,1962,135516.0
Western Africa (FAO),,1963,234059.0
Western Africa (FAO),,1964,303831.0
Western Africa (FAO),,1965,237909.0
Western Africa (FAO),,1966,325727.0
Western Africa (FAO),,1967,168562.0
Western Africa (FAO),,1968,337678.0
Western Africa (FAO),,1969,258275.0
Western Africa (FAO),,1970,327532.0
Western Africa (FAO),,1971,287049.0
Western Africa (FAO),,1972,316054.0
Western Africa (FAO),,1973,348698.0
Western Africa (FAO),,1974,229137.0
Western Africa (FAO),,1975,314295.0
Western Africa (FAO),,1976,349094.0
Western Africa (FAO),,1977,343802.0
Western Africa (FAO),,1978,232742.0
Western Africa (FAO),,1979,324653.0
Western Africa (FAO),,1980,302652.0
Western Africa (FAO),,1981,412990.0
Western Africa (FAO),,1982,298016.0
Western Africa (FAO),,1983,320572.0
Western Africa (FAO),,1984,139942.0
Western Africa (FAO),,1985,344256.0
Western Africa (FAO),,1986,314853.0
Western Africa (FAO),,1987,322866.0
Western Africa (FAO),,1988,254802.0
Western Africa (FAO),,1989,295541.0
Western Africa (FAO),,1990,359564.0
Western Africa (FAO),,1991,286799.0
Western Africa (FAO),,1992,327084.0
Western Africa (FAO),,1993,214317.0
Western Africa (FAO),,1994,223901.0
Western Africa (FAO),,1995,269909.78
Western Africa (FAO),,1996,251228.22
Western Africa (FAO),,1997,350300.66
Western Africa (FAO),,1998,392171.2
Western Africa (FAO),,1999,372744.72
Western Africa (FAO),,2000,441335.3
Western Africa (FAO),,2001,357033.38
Western Africa (FAO),,2002,235295.4
Western Africa (FAO),,2003,192265.89
Western Africa (FAO),,2004,211237.34
Western Africa (FAO),,2005,288322.25
Western Africa (FAO),,2006,251026.0
Western Africa (FAO),,2007,235325.0
Western Africa (FAO),,2008,237904.44
Western Africa (FAO),,2009,210585.34
Western Africa (FAO),,2010,165280.3
Western Africa (FAO),,2011,109411.68
Western Africa (FAO),,2012,188999.11
Western Africa (FAO),,2013,172699.92
Western Africa (FAO),,2014,173137.69
Western Africa (FAO),,2015,359935.03
Western Africa (FAO),,2016,348286.7
Western Africa (FAO),,2017,274397.03
Western Africa (FAO),,2018,384023.2
Western Africa (FAO),,2019,365935.34
Western Africa (FAO),,2020,352725.53
Western Africa (FAO),,2021,352096.84
Western Africa (FAO),,2022,382548.16
Western Africa (FAO),,2023,275198.47
Western Africa (FAO),,2024,274224.62
Western Asia (FAO),,1961,6500.0
Western Asia (FAO),,1962,6500.0
Western Asia (FAO),,1963,6000.0
Western Asia (FAO),,1964,5800.0
Western Asia (FAO),,1965,6400.0
Western Asia (FAO),,1966,5423.0
Western Asia (FAO),,1967,4523.0
Western Asia (FAO),,1968,4523.0
Western Asia (FAO),,1969,5133.0
Western Asia (FAO),,1970,4933.0
Western Asia (FAO),,1971,4943.0
Western Asia (FAO),,1972,4556.0
Western Asia (FAO),,1973,4433.0
Western Asia (FAO),,1974,4453.0
Western Asia (FAO),,1975,3970.0
Western Asia (FAO),,1976,3990.0
Western Asia (FAO),,1977,4910.0
Western Asia (FAO),,1978,4936.0
Western Asia (FAO),,1979,4650.0
Western Asia (FAO),,1980,4650.0
Western Asia (FAO),,1981,4705.0
Western Asia (FAO),,1982,4691.0
Western Asia (FAO),,1983,4167.0
Western Asia (FAO),,1984,5302.0
Western Asia (FAO),,1985,4963.0
Western Asia (FAO),,1986,5012.0
Western Asia (FAO),,1987,5111.0
Western Asia (FAO),,1988,6474.0
Western Asia (FAO),,1989,6807.0
Western Asia (FAO),,1990,7411.0
Western Asia (FAO),,1991,5430.0
Western Asia (FAO),,1992,8218.0
Western Asia (FAO),,1993,8727.0
Western Asia (FAO),,1994,8480.0
Western Asia (FAO),,1995,8993.0
Western Asia (FAO),,1996,10600.0
Western Asia (FAO),,1997,10325.0
Western Asia (FAO),,1998,11283.0
Western Asia (FAO),,1999,11182.0
Western Asia (FAO),,2000,11363.0
Western Asia (FAO),,2001,11906.0
Western Asia (FAO),,2002,11499.0
Western Asia (FAO),,2003,11608.0
Western Asia (FAO),,2004,10260.0
Western Asia (FAO),,2005,11331.0
Western Asia (FAO),,2006,17292.0
Western Asia (FAO),,2007,18330.0
Western Asia (FAO),,2008,18788.0
Western Asia (FAO),,2009,18924.0
Western Asia (FAO),,2010,19029.0
Western Asia (FAO),,2011,19275.0
Western Asia (FAO),,2012,19828.0
Western Asia (FAO),,2013,19984.0
Western Asia (FAO),,2014,20059.0
Western Asia (FAO),,2015,19257.0
Western Asia (FAO),,2016,18945.0
Western Asia (FAO),,2017,18767.0
Western Asia (FAO),,2018,18642.0
Western Asia (FAO),,2019,20812.0
Western Asia (FAO),,2020,21443.0
Western Asia (FAO),,2021,41933.49
Western Asia (FAO),,2022,23945.0
Western Asia (FAO),,2023,25403.34
Western Asia (FAO),,2024,27304.19
World,OWID_WRL,1961,4527876.0
World,OWID_WRL,1962,4584371.0
World,OWID_WRL,1963,4152127.0
World,OWID_WRL,1964,3769389.0
World,OWID_WRL,1965,4981569.0
World,OWID_WRL,1966,4052231.0
World,OWID_WRL,1967,4332681.0
World,OWID_WRL,1968,3936446.0
World,OWID_WRL,1969,4272399.0
World,OWID_WRL,1970,3849638.0
World,OWID_WRL,1971,4663275.0
World,OWID_WRL,1972,4570708.0
World,OWID_WRL,1973,4185724.0
World,OWID_WRL,1974,4770143.0
World,OWID_WRL,1975,4603209.0
World,OWID_WRL,1976,3522508.0
World,OWID_WRL,1977,4399391.0
World,OWID_WRL,1978,4725186.0
World,OWID_WRL,1979,4973090.0
World,OWID_WRL,1980,4839219.0
World,OWID_WRL,1981,6083218.0
World,OWID_WRL,1982,4940877.0
World,OWID_WRL,1983,5582080.0
World,OWID_WRL,1984,5221504.0
World,OWID_WRL,1985,5824530.0
World,OWID_WRL,1986,5237224.0
World,OWID_WRL,1987,6385156.0
World,OWID_WRL,1988,5645491.0
World,OWID_WRL,1989,5908041.0
World,OWID_WRL,1990,6063096.0
World,OWID_WRL,1991,6062928.0
World,OWID_WRL,1992,6086345.5
World,OWID_WRL,1993,5554947.5
World,OWID_WRL,1994,5722718.0
World,OWID_WRL,1995,5529155.5
World,OWID_WRL,1996,6197691.5
World,OWID_WRL,1997,6072140.5
World,OWID_WRL,1998,6632660.0
World,OWID_WRL,1999,6790773.0
World,OWID_WRL,2000,7498777.0
World,OWID_WRL,2001,7379936.5
World,OWID_WRL,2002,7928506.0
World,OWID_WRL,2003,7039093.0
World,OWID_WRL,2004,7862898.0
World,OWID_WRL,2005,7392093.0
World,OWID_WRL,2006,8147848.5
World,OWID_WRL,2007,8134626.0
World,OWID_WRL,2008,8489790.0
World,OWID_WRL,2009,7777818.0
World,OWID_WRL,2010,8460554.0
World,OWID_WRL,2011,8435159.0
World,OWID_WRL,2012,8972777.0
World,OWID_WRL,2013,8839106.0
World,OWID_WRL,2014,8800142.0
World,OWID_WRL,2015,9059982.0
World,OWID_WRL,2016,9550305.0
World,OWID_WRL,2017,9589572.0
World,OWID_WRL,2018,10827976.0
World,OWID_WRL,2019,10561394.0
World,OWID_WRL,2020,11238739.0
World,OWID_WRL,2021,10571718.0
World,OWID_WRL,2022,10987769.0
World,OWID_WRL,2023,11092849.0
World,OWID_WRL,2024,11284877.0
Yemen,YEM,1961,6300.0
Yemen,YEM,1962,6300.0
Yemen,YEM,1963,5800.0
Yemen,YEM,1964,5700.0
Yemen,YEM,1965,6300.0
Yemen,YEM,1966,5323.0
Yemen,YEM,1967,4423.0
Yemen,YEM,1968,4423.0
Yemen,YEM,1969,5013.0
Yemen,YEM,1970,4813.0
Yemen,YEM,1971,4823.0
Yemen,YEM,1972,4313.0
Yemen,YEM,1973,4313.0
Yemen,YEM,1974,4313.0
Yemen,YEM,1975,3810.0
Yemen,YEM,1976,3810.0
Yemen,YEM,1977,4710.0
Yemen,YEM,1978,4716.0
Yemen,YEM,1979,4410.0
Yemen,YEM,1980,4390.0
Yemen,YEM,1981,4405.0
Yemen,YEM,1982,4305.0
Yemen,YEM,1983,3917.0
Yemen,YEM,1984,5152.0
Yemen,YEM,1985,4913.0
Yemen,YEM,1986,5012.0
Yemen,YEM,1987,5111.0
Yemen,YEM,1988,6474.0
Yemen,YEM,1989,6807.0
Yemen,YEM,1990,7411.0
Yemen,YEM,1991,5430.0
Yemen,YEM,1992,8218.0
Yemen,YEM,1993,8727.0
Yemen,YEM,1994,8480.0
Yemen,YEM,1995,8993.0
Yemen,YEM,1996,10600.0
Yemen,YEM,1997,10325.0
Yemen,YEM,1998,11283.0
Yemen,YEM,1999,11182.0
Yemen,YEM,2000,11363.0
Yemen,YEM,2001,11906.0
Yemen,YEM,2002,11499.0
Yemen,YEM,2003,11608.0
Yemen,YEM,2004,10260.0
Yemen,YEM,2005,11331.0
Yemen,YEM,2006,17292.0
Yemen,YEM,2007,18330.0
Yemen,YEM,2008,18788.0
Yemen,YEM,2009,18924.0
Yemen,YEM,2010,19029.0
Yemen,YEM,2011,19275.0
Yemen,YEM,2012,19828.0
Yemen,YEM,2013,19984.0
Yemen,YEM,2014,20059.0
Yemen,YEM,2015,19257.0
Yemen,YEM,2016,18945.0
Yemen,YEM,2017,18767.0
Yemen,YEM,2018,18642.0
Yemen,YEM,2019,20812.0
Yemen,YEM,2020,21443.0
Yemen,YEM,2021,41933.49
Yemen,YEM,2022,23945.0
Yemen,YEM,2023,24640.0
Yemen,YEM,2024,26544.19
Zambia,ZMB,1961,0.0
Zambia,ZMB,1962,0.0
Zambia,ZMB,1963,0.0
Zambia,ZMB,1964,0.0
Zambia,ZMB,1965,0.0
Zambia,ZMB,1966,0.0
Zambia,ZMB,1967,0.0
Zambia,ZMB,1968,0.0
Zambia,ZMB,1969,3.0
Zambia,ZMB,1970,7.0
Zambia,ZMB,1971,10.0
Zambia,ZMB,1972,7.0
Zambia,ZMB,1973,12.0
Zambia,ZMB,1974,13.0
Zambia,ZMB,1975,25.0
Zambia,ZMB,1976,37.0
Zambia,ZMB,1977,50.0
Zambia,ZMB,1978,80.0
Zambia,ZMB,1979,20.0
Zambia,ZMB,1980,30.0
Zambia,ZMB,1981,40.0
Zambia,ZMB,1982,66.0
Zambia,ZMB,1983,76.0
Zambia,ZMB,1984,200.0
Zambia,ZMB,1985,377.0
Zambia,ZMB,1986,600.0
Zambia,ZMB,1987,540.0
Zambia,ZMB,1988,540.0
Zambia,ZMB,1989,1500.0
Zambia,ZMB,1990,1380.0
Zambia,ZMB,1991,1329.0
Zambia,ZMB,1992,1792.0
Zambia,ZMB,1993,1531.0
Zambia,ZMB,1994,1582.0
Zambia,ZMB,1995,1232.0
Zambia,ZMB,1996,1580.0
Zambia,ZMB,1997,2167.0
Zambia,ZMB,1998,2628.0
Zambia,ZMB,1999,3450.0
Zambia,ZMB,2000,2200.0
Zambia,ZMB,2001,5868.0
Zambia,ZMB,2002,5000.0
Zambia,ZMB,2003,6500.0
Zambia,ZMB,2004,5881.0
Zambia,ZMB,2005,6684.64
Zambia,ZMB,2006,6126.7
Zambia,ZMB,2007,3431.84
Zambia,ZMB,2008,6584.09
Zambia,ZMB,2009,7140.61
Zambia,ZMB,2010,7390.95
Zambia,ZMB,2011,7120.19
Zambia,ZMB,2012,7372.36
Zambia,ZMB,2013,7415.12
Zambia,ZMB,2014,7564.41
Zambia,ZMB,2015,8051.05
Zambia,ZMB,2016,8732.02
Zambia,ZMB,2017,8760.77
Zambia,ZMB,2018,8514.61
Zambia,ZMB,2019,9003.91
Zambia,ZMB,2020,8759.76
Zambia,ZMB,2021,8759.43
Zambia,ZMB,2022,8841.03
Zambia,ZMB,2023,8786.74
Zambia,ZMB,2024,8795.73
Zimbabwe,ZWE,1961,0.0
Zimbabwe,ZWE,1962,0.0
Zimbabwe,ZWE,1963,0.0
Zimbabwe,ZWE,1964,0.0
Zimbabwe,ZWE,1965,0.0
Zimbabwe,ZWE,1966,52.0
Zimbabwe,ZWE,1967,62.0
Zimbabwe,ZWE,1968,212.0
Zimbabwe,ZWE,1969,212.0
Zimbabwe,ZWE,1970,615.0
Zimbabwe,ZWE,1971,745.0
Zimbabwe,ZWE,1972,1255.0
Zimbabwe,ZWE,1973,1553.0
Zimbabwe,ZWE,1974,2581.0
Zimbabwe,ZWE,1975,3415.0
Zimbabwe,ZWE,1976,4639.0
Zimbabwe,ZWE,1977,4310.0
Zimbabwe,ZWE,1978,4977.0
Zimbabwe,ZWE,1979,4603.0
Zimbabwe,ZWE,1980,5261.0
Zimbabwe,ZWE,1981,5476.0
Zimbabwe,ZWE,1982,6073.0
Zimbabwe,ZWE,1983,8234.0
Zimbabwe,ZWE,1984,10720.0
Zimbabwe,ZWE,1985,11354.0
Zimbabwe,ZWE,1986,13486.0
Zimbabwe,ZWE,1987,11599.0
Zimbabwe,ZWE,1988,12627.0
Zimbabwe,ZWE,1989,14601.0
Zimbabwe,ZWE,1990,13569.0
Zimbabwe,ZWE,1991,12091.0
Zimbabwe,ZWE,1992,4995.0
Zimbabwe,ZWE,1993,4000.0
Zimbabwe,ZWE,1994,9420.0
Zimbabwe,ZWE,1995,7860.0
Zimbabwe,ZWE,1996,11500.0
Zimbabwe,ZWE,1997,9300.0
Zimbabwe,ZWE,1998,10000.0
Zimbabwe,ZWE,1999,10000.0
Zimbabwe,ZWE,2000,9100.0
Zimbabwe,ZWE,2001,7518.0
Zimbabwe,ZWE,2002,8050.0
Zimbabwe,ZWE,2003,10000.0
Zimbabwe,ZWE,2004,5800.0
Zimbabwe,ZWE,2005,3960.0
Zimbabwe,ZWE,2006,2700.0
Zimbabwe,ZWE,2007,1860.0
Zimbabwe,ZWE,2008,1440.0
Zimbabwe,ZWE,2009,1260.0
Zimbabwe,ZWE,2010,600.0
Zimbabwe,ZWE,2011,540.0
Zimbabwe,ZWE,2012,540.0
Zimbabwe,ZWE,2013,763.9
Zimbabwe,ZWE,2014,850.0
Zimbabwe,ZWE,2015,500.0
Zimbabwe,ZWE,2016,700.0
Zimbabwe,ZWE,2017,545.66
Zimbabwe,ZWE,2018,491.71
Zimbabwe,ZWE,2019,531.0
Zimbabwe,ZWE,2020,579.0
Zimbabwe,ZWE,2021,608.0
Zimbabwe,ZWE,2022,681.0
Zimbabwe,ZWE,2023,665.49
Zimbabwe,ZWE,2024,572.0
