country,iso3,region,latitude,longitude,point_source_type,point_weight,source_note
Brazil,BRA,Americas,-25.85222222222226,-50.00222222222234,elevation_constrained_sample,0.15,GMTED2010 clip gmted2010_mn15_BRA.tif; coffee_features altitude p10–p90 → band ~850–1305 m
Brazil,BRA,Americas,-25.856388888888926,-49.21888888888901,elevation_constrained_sample,0.15,GMTED2010 clip gmted2010_mn15_BRA.tif; coffee_features altitude p10–p90 → band ~850–1305 m
Brazil,BRA,Americas,-19.38138888888893,-48.006388888889006,elevation_constrained_sample,0.15,GMTED2010 clip gmted2010_mn15_BRA.tif; coffee_features altitude p10–p90 → band ~850–1305 m
Brazil,BRA,Americas,-23.718888888888927,-47.18555555555568,elevation_constrained_sample,0.15,GMTED2010 clip gmted2010_mn15_BRA.tif; coffee_features altitude p10–p90 → band ~850–1305 m
Brazil,BRA,Americas,-28.268888888888924,-49.86055555555568,elevation_constrained_sample,0.9794520547945206,GMTED2010 clip gmted2010_mn15_BRA.tif; coffee_features altitude p10–p90 → band ~850–1305 m
Brazil,BRA,Americas,-20.073055555555595,-45.31055555555568,elevation_constrained_sample,0.15,GMTED2010 clip gmted2010_mn15_BRA.tif; coffee_features altitude p10–p90 → band ~850–1305 m
Brazil,BRA,Americas,-23.006388888888928,-46.40638888888901,elevation_constrained_sample,0.15,GMTED2010 clip gmted2010_mn15_BRA.tif; coffee_features altitude p10–p90 → band ~850–1305 m
Brazil,BRA,Americas,-17.452222222222264,-44.30222222222234,elevation_constrained_sample,0.15,GMTED2010 clip gmted2010_mn15_BRA.tif; coffee_features altitude p10–p90 → band ~850–1305 m
Brazil,BRA,Americas,-25.314722222222258,-51.88972222222234,elevation_constrained_sample,0.15,GMTED2010 clip gmted2010_mn15_BRA.tif; coffee_features altitude p10–p90 → band ~850–1305 m
Brazil,BRA,Americas,-26.989722222222255,-50.54805555555568,elevation_constrained_sample,0.2465753424657534,GMTED2010 clip gmted2010_mn15_BRA.tif; coffee_features altitude p10–p90 → band ~850–1305 m
Brazil,BRA,Americas,-16.802222222222266,-47.80222222222234,elevation_constrained_sample,0.15,GMTED2010 clip gmted2010_mn15_BRA.tif; coffee_features altitude p10–p90 → band ~850–1305 m
Brazil,BRA,Americas,-12.756388888888935,-42.848055555555675,elevation_constrained_sample,0.15,GMTED2010 clip gmted2010_mn15_BRA.tif; coffee_features altitude p10–p90 → band ~850–1305 m
Brazil,BRA,Americas,-18.539722222222263,-43.918888888889015,elevation_constrained_sample,0.5593607305936074,GMTED2010 clip gmted2010_mn15_BRA.tif; coffee_features altitude p10–p90 → band ~850–1305 m
Brazil,BRA,Americas,-18.88138888888893,-47.36888888888901,elevation_constrained_sample,0.20319634703196346,GMTED2010 clip gmted2010_mn15_BRA.tif; coffee_features altitude p10–p90 → band ~850–1305 m
Brazil,BRA,Americas,-15.631388888888932,-47.71888888888901,elevation_constrained_sample,0.6187214611872146,GMTED2010 clip gmted2010_mn15_BRA.tif; coffee_features altitude p10–p90 → band ~850–1305 m
Brazil,BRA,Americas,-21.76472222222226,-45.61055555555568,elevation_constrained_sample,0.22146118721461186,GMTED2010 clip gmted2010_mn15_BRA.tif; coffee_features altitude p10–p90 → band ~850–1305 m
Brazil,BRA,Americas,-18.93138888888893,-43.42305555555568,elevation_constrained_sample,0.18949771689497716,GMTED2010 clip gmted2010_mn15_BRA.tif; coffee_features altitude p10–p90 → band ~850–1305 m
Brazil,BRA,Americas,-15.635555555555598,-47.164722222222345,elevation_constrained_sample,0.15,GMTED2010 clip gmted2010_mn15_BRA.tif; coffee_features altitude p10–p90 → band ~850–1305 m
Brazil,BRA,Americas,-14.668888888888933,-47.818888888889006,elevation_constrained_sample,0.2762557077625571,GMTED2010 clip gmted2010_mn15_BRA.tif; coffee_features altitude p10–p90 → band ~850–1305 m
Brazil,BRA,Americas,-23.781388888888927,-47.17305555555568,elevation_constrained_sample,0.2990867579908676,GMTED2010 clip gmted2010_mn15_BRA.tif; coffee_features altitude p10–p90 → band ~850–1305 m
Brazil,BRA,Americas,-12.818888888888935,-42.03138888888901,elevation_constrained_sample,0.6552511415525114,GMTED2010 clip gmted2010_mn15_BRA.tif; coffee_features altitude p10–p90 → band ~850–1305 m
Brazil,BRA,Americas,-25.38972222222226,-49.035555555555675,elevation_constrained_sample,0.19863013698630136,GMTED2010 clip gmted2010_mn15_BRA.tif; coffee_features altitude p10–p90 → band ~850–1305 m
Brazil,BRA,Americas,-20.089722222222264,-46.46472222222235,elevation_constrained_sample,0.3721461187214612,GMTED2010 clip gmted2010_mn15_BRA.tif; coffee_features altitude p10–p90 → band ~850–1305 m
Brazil,BRA,Americas,-22.32722222222226,-46.62305555555568,elevation_constrained_sample,0.2808219178082192,GMTED2010 clip gmted2010_mn15_BRA.tif; coffee_features altitude p10–p90 → band ~850–1305 m
Brazil,BRA,Americas,-13.693888888888935,-47.168888888889015,elevation_constrained_sample,0.15,GMTED2010 clip gmted2010_mn15_BRA.tif; coffee_features altitude p10–p90 → band ~850–1305 m
Brazil,BRA,Americas,-19.414722222222263,-47.49805555555568,elevation_constrained_sample,0.4429223744292237,GMTED2010 clip gmted2010_mn15_BRA.tif; coffee_features altitude p10–p90 → band ~850–1305 m
Brazil,BRA,Americas,-28.185555555555588,-50.93972222222234,elevation_constrained_sample,0.22146118721461186,GMTED2010 clip gmted2010_mn15_BRA.tif; coffee_features altitude p10–p90 → band ~850–1305 m
Brazil,BRA,Americas,-20.20222222222226,-41.31888888888901,elevation_constrained_sample,0.15,GMTED2010 clip gmted2010_mn15_BRA.tif; coffee_features altitude p10–p90 → band ~850–1305 m
Brazil,BRA,Americas,-18.60638888888893,-48.78972222222234,elevation_constrained_sample,0.15,GMTED2010 clip gmted2010_mn15_BRA.tif; coffee_features altitude p10–p90 → band ~850–1305 m
Brazil,BRA,Americas,-19.589722222222264,-47.50222222222234,elevation_constrained_sample,0.3059360730593607,GMTED2010 clip gmted2010_mn15_BRA.tif; coffee_features altitude p10–p90 → band ~850–1305 m
Brazil,BRA,Americas,-20.33138888888893,-43.914722222222345,elevation_constrained_sample,0.593607305936073,GMTED2010 clip gmted2010_mn15_BRA.tif; coffee_features altitude p10–p90 → band ~850–1305 m
Brazil,BRA,Americas,-16.856388888888933,-48.71472222222234,elevation_constrained_sample,0.2808219178082192,GMTED2010 clip gmted2010_mn15_BRA.tif; coffee_features altitude p10–p90 → band ~850–1305 m
Brazil,BRA,Americas,-12.227222222222267,-41.46472222222235,elevation_constrained_sample,0.23972602739726026,GMTED2010 clip gmted2010_mn15_BRA.tif; coffee_features altitude p10–p90 → band ~850–1305 m
Brazil,BRA,Americas,-21.45222222222226,-44.58555555555568,elevation_constrained_sample,0.5547945205479452,GMTED2010 clip gmted2010_mn15_BRA.tif; coffee_features altitude p10–p90 → band ~850–1305 m
Brazil,BRA,Americas,-18.702222222222264,-43.910555555555675,elevation_constrained_sample,0.728310502283105,GMTED2010 clip gmted2010_mn15_BRA.tif; coffee_features altitude p10–p90 → band ~850–1305 m
Brazil,BRA,Americas,-18.973055555555597,-47.073055555555676,elevation_constrained_sample,0.15,GMTED2010 clip gmted2010_mn15_BRA.tif; coffee_features altitude p10–p90 → band ~850–1305 m
Brazil,BRA,Americas,-23.048055555555596,-46.14805555555568,elevation_constrained_sample,0.15,GMTED2010 clip gmted2010_mn15_BRA.tif; coffee_features altitude p10–p90 → band ~850–1305 m
Brazil,BRA,Americas,-15.156388888888934,-46.65222222222235,elevation_constrained_sample,0.21232876712328766,GMTED2010 clip gmted2010_mn15_BRA.tif; coffee_features altitude p10–p90 → band ~850–1305 m
Brazil,BRA,Americas,-21.660555555555597,-44.418888888889015,elevation_constrained_sample,0.2191780821917808,GMTED2010 clip gmted2010_mn15_BRA.tif; coffee_features altitude p10–p90 → band ~850–1305 m
Brazil,BRA,Americas,-13.656388888888934,-45.93555555555568,elevation_constrained_sample,0.15,GMTED2010 clip gmted2010_mn15_BRA.tif; coffee_features altitude p10–p90 → band ~850–1305 m
Brazil,BRA,Americas,-18.439722222222265,-47.06472222222234,elevation_constrained_sample,0.15,GMTED2010 clip gmted2010_mn15_BRA.tif; coffee_features altitude p10–p90 → band ~850–1305 m
Brazil,BRA,Americas,-19.78138888888893,-43.56888888888901,elevation_constrained_sample,0.23972602739726026,GMTED2010 clip gmted2010_mn15_BRA.tif; coffee_features altitude p10–p90 → band ~850–1305 m
Brazil,BRA,Americas,-12.552222222222266,-41.83555555555568,elevation_constrained_sample,0.2146118721461187,GMTED2010 clip gmted2010_mn15_BRA.tif; coffee_features altitude p10–p90 → band ~850–1305 m
Brazil,BRA,Americas,-24.323055555555595,-48.67305555555568,elevation_constrained_sample,0.1598173515981735,GMTED2010 clip gmted2010_mn15_BRA.tif; coffee_features altitude p10–p90 → band ~850–1305 m
Brazil,BRA,Americas,-26.673055555555592,-49.65638888888901,elevation_constrained_sample,0.3401826484018265,GMTED2010 clip gmted2010_mn15_BRA.tif; coffee_features altitude p10–p90 → band ~850–1305 m
Brazil,BRA,Americas,-27.114722222222255,-51.66888888888901,elevation_constrained_sample,0.2785388127853881,GMTED2010 clip gmted2010_mn15_BRA.tif; coffee_features altitude p10–p90 → band ~850–1305 m
Brazil,BRA,Americas,-17.45638888888893,-47.40222222222234,elevation_constrained_sample,0.15,GMTED2010 clip gmted2010_mn15_BRA.tif; coffee_features altitude p10–p90 → band ~850–1305 m
Brazil,BRA,Americas,-17.848055555555597,-43.37305555555568,elevation_constrained_sample,0.20776255707762556,GMTED2010 clip gmted2010_mn15_BRA.tif; coffee_features altitude p10–p90 → band ~850–1305 m
Brazil,BRA,Americas,-16.189722222222265,-47.80222222222234,elevation_constrained_sample,0.15,GMTED2010 clip gmted2010_mn15_BRA.tif; coffee_features altitude p10–p90 → band ~850–1305 m
Brazil,BRA,Americas,-23.82722222222226,-50.60638888888901,elevation_constrained_sample,0.15,GMTED2010 clip gmted2010_mn15_BRA.tif; coffee_features altitude p10–p90 → band ~850–1305 m
Brazil,BRA,Americas,-21.873055555555595,-43.71888888888901,elevation_constrained_sample,0.3447488584474886,GMTED2010 clip gmted2010_mn15_BRA.tif; coffee_features altitude p10–p90 → band ~850–1305 m
Brazil,BRA,Americas,-24.485555555555592,-50.131388888889006,elevation_constrained_sample,0.5365296803652968,GMTED2010 clip gmted2010_mn15_BRA.tif; coffee_features altitude p10–p90 → band ~850–1305 m
Brazil,BRA,Americas,-11.8480555555556,-41.29805555555568,elevation_constrained_sample,0.16210045662100456,GMTED2010 clip gmted2010_mn15_BRA.tif; coffee_features altitude p10–p90 → band ~850–1305 m
Brazil,BRA,Americas,-17.410555555555597,-47.823055555555676,elevation_constrained_sample,0.2100456621004566,GMTED2010 clip gmted2010_mn15_BRA.tif; coffee_features altitude p10–p90 → band ~850–1305 m
Brazil,BRA,Americas,-17.243888888888932,-47.539722222222345,elevation_constrained_sample,0.15,GMTED2010 clip gmted2010_mn15_BRA.tif; coffee_features altitude p10–p90 → band ~850–1305 m
Brazil,BRA,Americas,-11.977222222222267,-41.42305555555568,elevation_constrained_sample,0.2853881278538813,GMTED2010 clip gmted2010_mn15_BRA.tif; coffee_features altitude p10–p90 → band ~850–1305 m
Brazil,BRA,Americas,-12.6605555555556,-42.31055555555568,elevation_constrained_sample,0.3698630136986301,GMTED2010 clip gmted2010_mn15_BRA.tif; coffee_features altitude p10–p90 → band ~850–1305 m
Brazil,BRA,Americas,-18.635555555555598,-43.01888888888901,elevation_constrained_sample,0.15,GMTED2010 clip gmted2010_mn15_BRA.tif; coffee_features altitude p10–p90 → band ~850–1305 m
Brazil,BRA,Americas,-28.398055555555594,-49.62305555555568,elevation_constrained_sample,0.9246575342465754,GMTED2010 clip gmted2010_mn15_BRA.tif; coffee_features altitude p10–p90 → band ~850–1305 m
Brazil,BRA,Americas,-24.410555555555593,-48.89805555555567,elevation_constrained_sample,0.2808219178082192,GMTED2010 clip gmted2010_mn15_BRA.tif; coffee_features altitude p10–p90 → band ~850–1305 m
Brazil,BRA,Americas,-15.243888888888932,-42.19805555555568,elevation_constrained_sample,0.4634703196347032,GMTED2010 clip gmted2010_mn15_BRA.tif; coffee_features altitude p10–p90 → band ~850–1305 m
Brazil,BRA,Americas,-21.148055555555594,-44.289722222222345,elevation_constrained_sample,0.22146118721461186,GMTED2010 clip gmted2010_mn15_BRA.tif; coffee_features altitude p10–p90 → band ~850–1305 m
Brazil,BRA,Americas,-22.06472222222226,-44.043888888889015,elevation_constrained_sample,0.15,GMTED2010 clip gmted2010_mn15_BRA.tif; coffee_features altitude p10–p90 → band ~850–1305 m
Brazil,BRA,Americas,-24.598055555555593,-50.12722222222234,elevation_constrained_sample,0.3424657534246575,GMTED2010 clip gmted2010_mn15_BRA.tif; coffee_features altitude p10–p90 → band ~850–1305 m
Brazil,BRA,Americas,-25.564722222222258,-50.073055555555676,elevation_constrained_sample,0.15,GMTED2010 clip gmted2010_mn15_BRA.tif; coffee_features altitude p10–p90 → band ~850–1305 m
Brazil,BRA,Americas,-24.823055555555595,-51.87305555555567,elevation_constrained_sample,0.5593607305936074,GMTED2010 clip gmted2010_mn15_BRA.tif; coffee_features altitude p10–p90 → band ~850–1305 m
Brazil,BRA,Americas,-21.30638888888893,-44.477222222222345,elevation_constrained_sample,0.3013698630136986,GMTED2010 clip gmted2010_mn15_BRA.tif; coffee_features altitude p10–p90 → band ~850–1305 m
Brazil,BRA,Americas,-14.385555555555598,-48.54388888888901,elevation_constrained_sample,0.15,GMTED2010 clip gmted2010_mn15_BRA.tif; coffee_features altitude p10–p90 → band ~850–1305 m
Brazil,BRA,Americas,-15.073055555555598,-43.01055555555568,elevation_constrained_sample,0.545662100456621,GMTED2010 clip gmted2010_mn15_BRA.tif; coffee_features altitude p10–p90 → band ~850–1305 m
Brazil,BRA,Americas,-18.702222222222264,-42.668888888889015,elevation_constrained_sample,0.15,GMTED2010 clip gmted2010_mn15_BRA.tif; coffee_features altitude p10–p90 → band ~850–1305 m
Brazil,BRA,Americas,-21.831388888888927,-46.27722222222235,elevation_constrained_sample,0.636986301369863,GMTED2010 clip gmted2010_mn15_BRA.tif; coffee_features altitude p10–p90 → band ~850–1305 m
Brazil,BRA,Americas,-10.598055555555602,-41.514722222222346,elevation_constrained_sample,0.20319634703196346,GMTED2010 clip gmted2010_mn15_BRA.tif; coffee_features altitude p10–p90 → band ~850–1305 m
Brazil,BRA,Americas,-14.943888888888932,-42.64388888888901,elevation_constrained_sample,0.15,GMTED2010 clip gmted2010_mn15_BRA.tif; coffee_features altitude p10–p90 → band ~850–1305 m
Brazil,BRA,Americas,-22.023055555555594,-47.756388888889006,elevation_constrained_sample,0.15,GMTED2010 clip gmted2010_mn15_BRA.tif; coffee_features altitude p10–p90 → band ~850–1305 m
Brazil,BRA,Americas,-17.38138888888893,-52.70222222222234,elevation_constrained_sample,0.15,GMTED2010 clip gmted2010_mn15_BRA.tif; coffee_features altitude p10–p90 → band ~850–1305 m
Brazil,BRA,Americas,-26.473055555555593,-49.56472222222234,elevation_constrained_sample,0.2671232876712329,GMTED2010 clip gmted2010_mn15_BRA.tif; coffee_features altitude p10–p90 → band ~850–1305 m
Brazil,BRA,Americas,-17.985555555555596,-43.827222222222346,elevation_constrained_sample,0.7488584474885844,GMTED2010 clip gmted2010_mn15_BRA.tif; coffee_features altitude p10–p90 → band ~850–1305 m
Brazil,BRA,Americas,-22.802222222222262,-44.49805555555568,elevation_constrained_sample,1.0,GMTED2010 clip gmted2010_mn15_BRA.tif; coffee_features altitude p10–p90 → band ~850–1305 m
Brazil,BRA,Americas,-26.40222222222226,-50.598055555555675,elevation_constrained_sample,0.228310502283105,GMTED2010 clip gmted2010_mn15_BRA.tif; coffee_features altitude p10–p90 → band ~850–1305 m
Brazil,BRA,Americas,-19.060555555555595,-47.49805555555568,elevation_constrained_sample,0.15,GMTED2010 clip gmted2010_mn15_BRA.tif; coffee_features altitude p10–p90 → band ~850–1305 m
Colombia,COL,Americas,5.393611111111049,-74.293888888889,elevation_constrained_sample,0.15,GMTED2010 clip gmted2010_mn15_COL.tif; coffee_features altitude p10–p90 → band ~1250–1988 m
Colombia,COL,Americas,5.597777777777716,-75.343888888889,elevation_constrained_sample,0.7846364883401921,GMTED2010 clip gmted2010_mn15_COL.tif; coffee_features altitude p10–p90 → band ~1250–1988 m
Colombia,COL,Americas,7.451944444444381,-75.80222222222233,elevation_constrained_sample,0.17695473251028807,GMTED2010 clip gmted2010_mn15_COL.tif; coffee_features altitude p10–p90 → band ~1250–1988 m
Colombia,COL,Americas,1.3394444444443856,-77.53972222222234,elevation_constrained_sample,0.7956104252400549,GMTED2010 clip gmted2010_mn15_COL.tif; coffee_features altitude p10–p90 → band ~1250–1988 m
Colombia,COL,Americas,7.022777777777715,-75.12305555555567,elevation_constrained_sample,0.551440329218107,GMTED2010 clip gmted2010_mn15_COL.tif; coffee_features altitude p10–p90 → band ~1250–1988 m
Colombia,COL,Americas,5.022777777777716,-75.00222222222233,elevation_constrained_sample,0.15,GMTED2010 clip gmted2010_mn15_COL.tif; coffee_features altitude p10–p90 → band ~1250–1988 m
Colombia,COL,Americas,6.260277777777715,-73.57722222222233,elevation_constrained_sample,0.3374485596707819,GMTED2010 clip gmted2010_mn15_COL.tif; coffee_features altitude p10–p90 → band ~1250–1988 m
Colombia,COL,Americas,5.926944444444382,-73.56055555555567,elevation_constrained_sample,0.9711934156378601,GMTED2010 clip gmted2010_mn15_COL.tif; coffee_features altitude p10–p90 → band ~1250–1988 m
Colombia,COL,Americas,5.247777777777715,-75.13555555555567,elevation_constrained_sample,0.9574759945130316,GMTED2010 clip gmted2010_mn15_COL.tif; coffee_features altitude p10–p90 → band ~1250–1988 m
Colombia,COL,Americas,7.993611111111048,-73.13555555555567,elevation_constrained_sample,0.7421124828532236,GMTED2010 clip gmted2010_mn15_COL.tif; coffee_features altitude p10–p90 → band ~1250–1988 m
Colombia,COL,Americas,5.793611111111049,-75.99805555555567,elevation_constrained_sample,0.2194787379972565,GMTED2010 clip gmted2010_mn15_COL.tif; coffee_features altitude p10–p90 → band ~1250–1988 m
Colombia,COL,Americas,2.4686111111110502,-76.581388888889,elevation_constrained_sample,0.6968449931412894,GMTED2010 clip gmted2010_mn15_COL.tif; coffee_features altitude p10–p90 → band ~1250–1988 m
Colombia,COL,Americas,6.068611111111049,-73.89805555555567,elevation_constrained_sample,0.24142661179698216,GMTED2010 clip gmted2010_mn15_COL.tif; coffee_features altitude p10–p90 → band ~1250–1988 m
Colombia,COL,Americas,2.7811111111110502,-76.62305555555567,elevation_constrained_sample,0.48559670781893005,GMTED2010 clip gmted2010_mn15_COL.tif; coffee_features altitude p10–p90 → band ~1250–1988 m
Colombia,COL,Americas,5.301944444444382,-72.806388888889,elevation_constrained_sample,0.3607681755829904,GMTED2010 clip gmted2010_mn15_COL.tif; coffee_features altitude p10–p90 → band ~1250–1988 m
Colombia,COL,Americas,5.297777777777716,-72.67722222222234,elevation_constrained_sample,0.15,GMTED2010 clip gmted2010_mn15_COL.tif; coffee_features altitude p10–p90 → band ~1250–1988 m
Colombia,COL,Americas,7.126944444444382,-75.11472222222233,elevation_constrained_sample,0.205761316872428,GMTED2010 clip gmted2010_mn15_COL.tif; coffee_features altitude p10–p90 → band ~1250–1988 m
Colombia,COL,Americas,5.035277777777717,-76.02305555555567,elevation_constrained_sample,0.6419753086419753,GMTED2010 clip gmted2010_mn15_COL.tif; coffee_features altitude p10–p90 → band ~1250–1988 m
Colombia,COL,Americas,7.335277777777715,-75.47722222222234,elevation_constrained_sample,0.34156378600823045,GMTED2010 clip gmted2010_mn15_COL.tif; coffee_features altitude p10–p90 → band ~1250–1988 m
Colombia,COL,Americas,2.614444444444384,-74.94805555555567,elevation_constrained_sample,0.6378600823045267,GMTED2010 clip gmted2010_mn15_COL.tif; coffee_features altitude p10–p90 → band ~1250–1988 m
Colombia,COL,Americas,5.901944444444382,-72.318888888889,elevation_constrained_sample,0.5459533607681756,GMTED2010 clip gmted2010_mn15_COL.tif; coffee_features altitude p10–p90 → band ~1250–1988 m
Colombia,COL,Americas,8.093611111111048,-73.256388888889,elevation_constrained_sample,0.20438957475994513,GMTED2010 clip gmted2010_mn15_COL.tif; coffee_features altitude p10–p90 → band ~1250–1988 m
Colombia,COL,Americas,1.831111111111051,-75.80222222222233,elevation_constrained_sample,0.2085048010973937,GMTED2010 clip gmted2010_mn15_COL.tif; coffee_features altitude p10–p90 → band ~1250–1988 m
Colombia,COL,Americas,6.239444444444382,-73.19805555555567,elevation_constrained_sample,0.7448559670781894,GMTED2010 clip gmted2010_mn15_COL.tif; coffee_features altitude p10–p90 → band ~1250–1988 m
Colombia,COL,Americas,2.6936111111110517,-75.981388888889,elevation_constrained_sample,0.43072702331961593,GMTED2010 clip gmted2010_mn15_COL.tif; coffee_features altitude p10–p90 → band ~1250–1988 m
Colombia,COL,Americas,7.014444444444382,-76.02305555555567,elevation_constrained_sample,0.5582990397805213,GMTED2010 clip gmted2010_mn15_COL.tif; coffee_features altitude p10–p90 → band ~1250–1988 m
Colombia,COL,Americas,5.018611111111049,-75.61472222222233,elevation_constrained_sample,0.19478737997256515,GMTED2010 clip gmted2010_mn15_COL.tif; coffee_features altitude p10–p90 → band ~1250–1988 m
Colombia,COL,Americas,7.814444444444381,-74.26472222222233,elevation_constrained_sample,0.15,GMTED2010 clip gmted2010_mn15_COL.tif; coffee_features altitude p10–p90 → band ~1250–1988 m
Colombia,COL,Americas,3.1477777777777174,-75.55222222222233,elevation_constrained_sample,0.7023319615912208,GMTED2010 clip gmted2010_mn15_COL.tif; coffee_features altitude p10–p90 → band ~1250–1988 m
Colombia,COL,Americas,1.2727777777777192,-76.31472222222233,elevation_constrained_sample,0.15,GMTED2010 clip gmted2010_mn15_COL.tif; coffee_features altitude p10–p90 → band ~1250–1988 m
Colombia,COL,Americas,5.214444444444382,-75.02305555555567,elevation_constrained_sample,0.23319615912208505,GMTED2010 clip gmted2010_mn15_COL.tif; coffee_features altitude p10–p90 → band ~1250–1988 m
Colombia,COL,Americas,6.047777777777715,-73.443888888889,elevation_constrained_sample,0.5829903978052127,GMTED2010 clip gmted2010_mn15_COL.tif; coffee_features altitude p10–p90 → band ~1250–1988 m
Colombia,COL,Americas,5.493611111111049,-74.42722222222233,elevation_constrained_sample,0.15,GMTED2010 clip gmted2010_mn15_COL.tif; coffee_features altitude p10–p90 → band ~1250–1988 m
Colombia,COL,Americas,6.222777777777715,-76.26472222222233,elevation_constrained_sample,0.6049382716049383,GMTED2010 clip gmted2010_mn15_COL.tif; coffee_features altitude p10–p90 → band ~1250–1988 m
Colombia,COL,Americas,3.3144444444443835,-75.48972222222233,elevation_constrained_sample,0.3676268861454047,GMTED2010 clip gmted2010_mn15_COL.tif; coffee_features altitude p10–p90 → band ~1250–1988 m
Colombia,COL,Americas,6.414444444444382,-75.68972222222233,elevation_constrained_sample,0.5953360768175583,GMTED2010 clip gmted2010_mn15_COL.tif; coffee_features altitude p10–p90 → band ~1250–1988 m
Colombia,COL,Americas,3.31861111111105,-74.681388888889,elevation_constrained_sample,0.7777777777777778,GMTED2010 clip gmted2010_mn15_COL.tif; coffee_features altitude p10–p90 → band ~1250–1988 m
Colombia,COL,Americas,3.5644444444443835,-74.393888888889,elevation_constrained_sample,0.6392318244170097,GMTED2010 clip gmted2010_mn15_COL.tif; coffee_features altitude p10–p90 → band ~1250–1988 m
Colombia,COL,Americas,1.8144444444443852,-77.33555555555566,elevation_constrained_sample,0.15,GMTED2010 clip gmted2010_mn15_COL.tif; coffee_features altitude p10–p90 → band ~1250–1988 m
Colombia,COL,Americas,5.572777777777716,-76.08555555555567,elevation_constrained_sample,0.15,GMTED2010 clip gmted2010_mn15_COL.tif; coffee_features altitude p10–p90 → band ~1250–1988 m
Colombia,COL,Americas,4.664444444444383,-75.65222222222233,elevation_constrained_sample,0.6982167352537723,GMTED2010 clip gmted2010_mn15_COL.tif; coffee_features altitude p10–p90 → band ~1250–1988 m
Colombia,COL,Americas,3.88111111111105,-74.61055555555566,elevation_constrained_sample,0.700960219478738,GMTED2010 clip gmted2010_mn15_COL.tif; coffee_features altitude p10–p90 → band ~1250–1988 m
Colombia,COL,Americas,4.989444444444382,-75.63972222222233,elevation_constrained_sample,0.15,GMTED2010 clip gmted2010_mn15_COL.tif; coffee_features altitude p10–p90 → band ~1250–1988 m
Colombia,COL,Americas,3.101944444444383,-74.89805555555567,elevation_constrained_sample,0.448559670781893,GMTED2010 clip gmted2010_mn15_COL.tif; coffee_features altitude p10–p90 → band ~1250–1988 m
Colombia,COL,Americas,6.9477777777777145,-73.193888888889,elevation_constrained_sample,0.15,GMTED2010 clip gmted2010_mn15_COL.tif; coffee_features altitude p10–p90 → band ~1250–1988 m
Colombia,COL,Americas,3.2936111111110513,-74.706388888889,elevation_constrained_sample,0.15,GMTED2010 clip gmted2010_mn15_COL.tif; coffee_features altitude p10–p90 → band ~1250–1988 m
Colombia,COL,Americas,3.122777777777717,-75.51472222222233,elevation_constrained_sample,0.42661179698216734,GMTED2010 clip gmted2010_mn15_COL.tif; coffee_features altitude p10–p90 → band ~1250–1988 m
Colombia,COL,Americas,0.7269444444443849,-77.143888888889,elevation_constrained_sample,0.20438957475994513,GMTED2010 clip gmted2010_mn15_COL.tif; coffee_features altitude p10–p90 → band ~1250–1988 m
Colombia,COL,Americas,3.0936111111110502,-76.29805555555566,elevation_constrained_sample,0.5528120713305898,GMTED2010 clip gmted2010_mn15_COL.tif; coffee_features altitude p10–p90 → band ~1250–1988 m
Colombia,COL,Americas,5.206111111111049,-75.743888888889,elevation_constrained_sample,0.15,GMTED2010 clip gmted2010_mn15_COL.tif; coffee_features altitude p10–p90 → band ~1250–1988 m
Colombia,COL,Americas,2.581111111111051,-75.81055555555567,elevation_constrained_sample,0.5267489711934157,GMTED2010 clip gmted2010_mn15_COL.tif; coffee_features altitude p10–p90 → band ~1250–1988 m
Colombia,COL,Americas,7.060277777777714,-75.08972222222233,elevation_constrained_sample,0.15,GMTED2010 clip gmted2010_mn15_COL.tif; coffee_features altitude p10–p90 → band ~1250–1988 m
Colombia,COL,Americas,5.010277777777716,-74.30222222222234,elevation_constrained_sample,0.2757201646090535,GMTED2010 clip gmted2010_mn15_COL.tif; coffee_features altitude p10–p90 → band ~1250–1988 m
Colombia,COL,Americas,3.414444444444383,-76.193888888889,elevation_constrained_sample,0.15,GMTED2010 clip gmted2010_mn15_COL.tif; coffee_features altitude p10–p90 → band ~1250–1988 m
Colombia,COL,Americas,5.285277777777717,-72.731388888889,elevation_constrained_sample,0.15,GMTED2010 clip gmted2010_mn15_COL.tif; coffee_features altitude p10–p90 → band ~1250–1988 m
Colombia,COL,Americas,6.472777777777715,-75.093888888889,elevation_constrained_sample,0.6460905349794238,GMTED2010 clip gmted2010_mn15_COL.tif; coffee_features altitude p10–p90 → band ~1250–1988 m
Colombia,COL,Americas,3.1477777777777174,-74.943888888889,elevation_constrained_sample,0.5829903978052127,GMTED2010 clip gmted2010_mn15_COL.tif; coffee_features altitude p10–p90 → band ~1250–1988 m
Colombia,COL,Americas,3.25611111111105,-76.97722222222234,elevation_constrained_sample,0.15,GMTED2010 clip gmted2010_mn15_COL.tif; coffee_features altitude p10–p90 → band ~1250–1988 m
Colombia,COL,Americas,6.447777777777715,-75.11472222222233,elevation_constrained_sample,0.6611796982167353,GMTED2010 clip gmted2010_mn15_COL.tif; coffee_features altitude p10–p90 → band ~1250–1988 m
Colombia,COL,Americas,1.3561111111110513,-77.69388888888899,elevation_constrained_sample,0.33607681755829905,GMTED2010 clip gmted2010_mn15_COL.tif; coffee_features altitude p10–p90 → band ~1250–1988 m
Colombia,COL,Americas,10.556111111111045,-73.806388888889,elevation_constrained_sample,0.4375857338820302,GMTED2010 clip gmted2010_mn15_COL.tif; coffee_features altitude p10–p90 → band ~1250–1988 m
Colombia,COL,Americas,10.643611111111046,-73.518888888889,elevation_constrained_sample,0.9876543209876543,GMTED2010 clip gmted2010_mn15_COL.tif; coffee_features altitude p10–p90 → band ~1250–1988 m
Colombia,COL,Americas,6.810277777777715,-72.856388888889,elevation_constrained_sample,0.6296296296296297,GMTED2010 clip gmted2010_mn15_COL.tif; coffee_features altitude p10–p90 → band ~1250–1988 m
Colombia,COL,Americas,6.097777777777716,-73.343888888889,elevation_constrained_sample,0.5130315500685871,GMTED2010 clip gmted2010_mn15_COL.tif; coffee_features altitude p10–p90 → band ~1250–1988 m
Colombia,COL,Americas,1.7727777777777174,-76.08555555555567,elevation_constrained_sample,0.15,GMTED2010 clip gmted2010_mn15_COL.tif; coffee_features altitude p10–p90 → band ~1250–1988 m
Colombia,COL,Americas,1.5019444444443852,-76.68555555555567,elevation_constrained_sample,0.7818930041152263,GMTED2010 clip gmted2010_mn15_COL.tif; coffee_features altitude p10–p90 → band ~1250–1988 m
Colombia,COL,Americas,4.3769444444443835,-74.39805555555567,elevation_constrained_sample,0.15,GMTED2010 clip gmted2010_mn15_COL.tif; coffee_features altitude p10–p90 → band ~1250–1988 m
Colombia,COL,Americas,4.13111111111105,-75.91055555555566,elevation_constrained_sample,0.7297668038408779,GMTED2010 clip gmted2010_mn15_COL.tif; coffee_features altitude p10–p90 → band ~1250–1988 m
Colombia,COL,Americas,7.960277777777714,-73.231388888889,elevation_constrained_sample,0.9039780521262003,GMTED2010 clip gmted2010_mn15_COL.tif; coffee_features altitude p10–p90 → band ~1250–1988 m
Colombia,COL,Americas,3.5561111111110506,-75.68555555555567,elevation_constrained_sample,0.7187928669410151,GMTED2010 clip gmted2010_mn15_COL.tif; coffee_features altitude p10–p90 → band ~1250–1988 m
Colombia,COL,Americas,2.135277777777718,-75.00222222222233,elevation_constrained_sample,0.747599451303155,GMTED2010 clip gmted2010_mn15_COL.tif; coffee_features altitude p10–p90 → band ~1250–1988 m
Colombia,COL,Americas,6.597777777777715,-75.03972222222234,elevation_constrained_sample,0.36488340192043894,GMTED2010 clip gmted2010_mn15_COL.tif; coffee_features altitude p10–p90 → band ~1250–1988 m
Colombia,COL,Americas,2.9686111111110502,-76.281388888889,elevation_constrained_sample,1.0,GMTED2010 clip gmted2010_mn15_COL.tif; coffee_features altitude p10–p90 → band ~1250–1988 m
Colombia,COL,Americas,2.4394444444443852,-75.41472222222234,elevation_constrained_sample,0.6378600823045267,GMTED2010 clip gmted2010_mn15_COL.tif; coffee_features altitude p10–p90 → band ~1250–1988 m
Colombia,COL,Americas,2.739444444444384,-76.58972222222233,elevation_constrained_sample,0.578875171467764,GMTED2010 clip gmted2010_mn15_COL.tif; coffee_features altitude p10–p90 → band ~1250–1988 m
Colombia,COL,Americas,6.460277777777716,-75.05222222222233,elevation_constrained_sample,0.52400548696845,GMTED2010 clip gmted2010_mn15_COL.tif; coffee_features altitude p10–p90 → band ~1250–1988 m
Colombia,COL,Americas,6.160277777777716,-74.98555555555566,elevation_constrained_sample,0.15,GMTED2010 clip gmted2010_mn15_COL.tif; coffee_features altitude p10–p90 → band ~1250–1988 m
Colombia,COL,Americas,5.239444444444382,-74.21472222222233,elevation_constrained_sample,0.6310013717421125,GMTED2010 clip gmted2010_mn15_COL.tif; coffee_features altitude p10–p90 → band ~1250–1988 m
Colombia,COL,Americas,7.6352777777777145,-72.843888888889,elevation_constrained_sample,0.6227709190672154,GMTED2010 clip gmted2010_mn15_COL.tif; coffee_features altitude p10–p90 → band ~1250–1988 m
Colombia,COL,Americas,2.643611111111051,-76.768888888889,elevation_constrained_sample,0.15,GMTED2010 clip gmted2010_mn15_COL.tif; coffee_features altitude p10–p90 → band ~1250–1988 m
Costa Rica,CRI,Americas,10.30611111111105,-84.37305555555565,elevation_constrained_sample,0.4876632801161103,GMTED2010 clip gmted2010_mn15_CRI.tif; coffee_features altitude p10–p90 → band ~1275–2000 m
Costa Rica,CRI,Americas,10.326944444444385,-84.78972222222232,elevation_constrained_sample,0.5950653120464441,GMTED2010 clip gmted2010_mn15_CRI.tif; coffee_features altitude p10–p90 → band ~1275–2000 m
Costa Rica,CRI,Americas,9.731111111111051,-83.62722222222233,elevation_constrained_sample,0.44702467343976776,GMTED2010 clip gmted2010_mn15_CRI.tif; coffee_features altitude p10–p90 → band ~1275–2000 m
Costa Rica,CRI,Americas,9.77277777777772,-83.60638888888899,elevation_constrained_sample,0.15,GMTED2010 clip gmted2010_mn15_CRI.tif; coffee_features altitude p10–p90 → band ~1275–2000 m
Costa Rica,CRI,Americas,9.818611111111052,-83.94388888888899,elevation_constrained_sample,0.20609579100145137,GMTED2010 clip gmted2010_mn15_CRI.tif; coffee_features altitude p10–p90 → band ~1275–2000 m
Costa Rica,CRI,Americas,9.301944444444384,-83.42305555555566,elevation_constrained_sample,0.409288824383164,GMTED2010 clip gmted2010_mn15_CRI.tif; coffee_features altitude p10–p90 → band ~1275–2000 m
Costa Rica,CRI,Americas,10.035277777777718,-84.00222222222233,elevation_constrained_sample,0.23802612481857766,GMTED2010 clip gmted2010_mn15_CRI.tif; coffee_features altitude p10–p90 → band ~1275–2000 m
Costa Rica,CRI,Americas,9.851944444444385,-83.393888888889,elevation_constrained_sample,0.15,GMTED2010 clip gmted2010_mn15_CRI.tif; coffee_features altitude p10–p90 → band ~1275–2000 m
Costa Rica,CRI,Americas,8.810277777777719,-83.143888888889,elevation_constrained_sample,0.28592162554426703,GMTED2010 clip gmted2010_mn15_CRI.tif; coffee_features altitude p10–p90 → band ~1275–2000 m
Costa Rica,CRI,Americas,10.135277777777718,-84.56888888888899,elevation_constrained_sample,0.15,GMTED2010 clip gmted2010_mn15_CRI.tif; coffee_features altitude p10–p90 → band ~1275–2000 m
Costa Rica,CRI,Americas,10.381111111111052,-84.706388888889,elevation_constrained_sample,0.15,GMTED2010 clip gmted2010_mn15_CRI.tif; coffee_features altitude p10–p90 → band ~1275–2000 m
Costa Rica,CRI,Americas,9.918611111111051,-84.16055555555566,elevation_constrained_sample,0.15,GMTED2010 clip gmted2010_mn15_CRI.tif; coffee_features altitude p10–p90 → band ~1275–2000 m
Costa Rica,CRI,Americas,10.231111111111051,-84.13138888888899,elevation_constrained_sample,0.2104499274310595,GMTED2010 clip gmted2010_mn15_CRI.tif; coffee_features altitude p10–p90 → band ~1275–2000 m
Costa Rica,CRI,Americas,10.043611111111051,-83.96055555555566,elevation_constrained_sample,0.15,GMTED2010 clip gmted2010_mn15_CRI.tif; coffee_features altitude p10–p90 → band ~1275–2000 m
Costa Rica,CRI,Americas,8.943611111111052,-82.84805555555566,elevation_constrained_sample,0.15,GMTED2010 clip gmted2010_mn15_CRI.tif; coffee_features altitude p10–p90 → band ~1275–2000 m
Costa Rica,CRI,Americas,9.301944444444384,-82.94805555555565,elevation_constrained_sample,0.3193033381712627,GMTED2010 clip gmted2010_mn15_CRI.tif; coffee_features altitude p10–p90 → band ~1275–2000 m
Costa Rica,CRI,Americas,9.393611111111053,-83.09388888888898,elevation_constrained_sample,0.24383164005805516,GMTED2010 clip gmted2010_mn15_CRI.tif; coffee_features altitude p10–p90 → band ~1275–2000 m
Costa Rica,CRI,Americas,10.101944444444385,-83.86472222222233,elevation_constrained_sample,0.15,GMTED2010 clip gmted2010_mn15_CRI.tif; coffee_features altitude p10–p90 → band ~1275–2000 m
Costa Rica,CRI,Americas,9.914444444444385,-83.78138888888898,elevation_constrained_sample,0.37445573294629897,GMTED2010 clip gmted2010_mn15_CRI.tif; coffee_features altitude p10–p90 → band ~1275–2000 m
Costa Rica,CRI,Americas,9.781111111111052,-83.56472222222233,elevation_constrained_sample,0.16981132075471697,GMTED2010 clip gmted2010_mn15_CRI.tif; coffee_features altitude p10–p90 → band ~1275–2000 m
Costa Rica,CRI,Americas,9.851944444444385,-84.16055555555566,elevation_constrained_sample,0.8214804063860668,GMTED2010 clip gmted2010_mn15_CRI.tif; coffee_features altitude p10–p90 → band ~1275–2000 m
Costa Rica,CRI,Americas,9.310277777777719,-83.07722222222232,elevation_constrained_sample,0.5645863570391872,GMTED2010 clip gmted2010_mn15_CRI.tif; coffee_features altitude p10–p90 → band ~1275–2000 m
Costa Rica,CRI,Americas,9.74361111111105,-83.21055555555566,elevation_constrained_sample,0.15,GMTED2010 clip gmted2010_mn15_CRI.tif; coffee_features altitude p10–p90 → band ~1275–2000 m
Costa Rica,CRI,Americas,9.935277777777719,-83.96055555555566,elevation_constrained_sample,0.6661828737300436,GMTED2010 clip gmted2010_mn15_CRI.tif; coffee_features altitude p10–p90 → band ~1275–2000 m
Costa Rica,CRI,Americas,10.260277777777718,-84.75638888888899,elevation_constrained_sample,0.5152394775036284,GMTED2010 clip gmted2010_mn15_CRI.tif; coffee_features altitude p10–p90 → band ~1275–2000 m
Costa Rica,CRI,Americas,9.722777777777718,-83.456388888889,elevation_constrained_sample,0.15529753265602322,GMTED2010 clip gmted2010_mn15_CRI.tif; coffee_features altitude p10–p90 → band ~1275–2000 m
Costa Rica,CRI,Americas,9.685277777777719,-83.44805555555565,elevation_constrained_sample,0.16110304789550073,GMTED2010 clip gmted2010_mn15_CRI.tif; coffee_features altitude p10–p90 → band ~1275–2000 m
Costa Rica,CRI,Americas,9.276944444444386,-83.23555555555566,elevation_constrained_sample,0.33236574746008707,GMTED2010 clip gmted2010_mn15_CRI.tif; coffee_features altitude p10–p90 → band ~1275–2000 m
Costa Rica,CRI,Americas,9.039444444444385,-82.98555555555566,elevation_constrained_sample,0.5849056603773585,GMTED2010 clip gmted2010_mn15_CRI.tif; coffee_features altitude p10–p90 → band ~1275–2000 m
Costa Rica,CRI,Americas,10.235277777777718,-84.13972222222232,elevation_constrained_sample,0.15,GMTED2010 clip gmted2010_mn15_CRI.tif; coffee_features altitude p10–p90 → band ~1275–2000 m
Costa Rica,CRI,Americas,9.518611111111051,-83.19388888888899,elevation_constrained_sample,0.525399129172714,GMTED2010 clip gmted2010_mn15_CRI.tif; coffee_features altitude p10–p90 → band ~1275–2000 m
Costa Rica,CRI,Americas,9.893611111111051,-83.893888888889,elevation_constrained_sample,0.6995645863570392,GMTED2010 clip gmted2010_mn15_CRI.tif; coffee_features altitude p10–p90 → band ~1275–2000 m
Costa Rica,CRI,Americas,9.026944444444386,-82.90222222222232,elevation_constrained_sample,0.888243831640058,GMTED2010 clip gmted2010_mn15_CRI.tif; coffee_features altitude p10–p90 → band ~1275–2000 m
Costa Rica,CRI,Americas,10.201944444444385,-84.28972222222232,elevation_constrained_sample,0.43541364296081275,GMTED2010 clip gmted2010_mn15_CRI.tif; coffee_features altitude p10–p90 → band ~1275–2000 m
Costa Rica,CRI,Americas,9.539444444444385,-83.86472222222233,elevation_constrained_sample,0.9666182873730044,GMTED2010 clip gmted2010_mn15_CRI.tif; coffee_features altitude p10–p90 → band ~1275–2000 m
Costa Rica,CRI,Americas,9.739444444444384,-83.63972222222232,elevation_constrained_sample,0.7518142235123367,GMTED2010 clip gmted2010_mn15_CRI.tif; coffee_features altitude p10–p90 → band ~1275–2000 m
Costa Rica,CRI,Americas,10.193611111111052,-84.38972222222232,elevation_constrained_sample,0.7097242380261248,GMTED2010 clip gmted2010_mn15_CRI.tif; coffee_features altitude p10–p90 → band ~1275–2000 m
Costa Rica,CRI,Americas,9.856111111111051,-83.98555555555565,elevation_constrained_sample,0.15,GMTED2010 clip gmted2010_mn15_CRI.tif; coffee_features altitude p10–p90 → band ~1275–2000 m
Costa Rica,CRI,Americas,10.343611111111052,-84.81472222222231,elevation_constrained_sample,0.37735849056603776,GMTED2010 clip gmted2010_mn15_CRI.tif; coffee_features altitude p10–p90 → band ~1275–2000 m
Costa Rica,CRI,Americas,10.214444444444384,-84.10222222222232,elevation_constrained_sample,0.5820029027576198,GMTED2010 clip gmted2010_mn15_CRI.tif; coffee_features altitude p10–p90 → band ~1275–2000 m
Costa Rica,CRI,Americas,10.164444444444385,-84.68972222222231,elevation_constrained_sample,0.15,GMTED2010 clip gmted2010_mn15_CRI.tif; coffee_features altitude p10–p90 → band ~1275–2000 m
Costa Rica,CRI,Americas,9.989444444444384,-83.97722222222232,elevation_constrained_sample,0.4310595065312046,GMTED2010 clip gmted2010_mn15_CRI.tif; coffee_features altitude p10–p90 → band ~1275–2000 m
Costa Rica,CRI,Americas,9.481111111111051,-83.31472222222233,elevation_constrained_sample,0.15,GMTED2010 clip gmted2010_mn15_CRI.tif; coffee_features altitude p10–p90 → band ~1275–2000 m
Costa Rica,CRI,Americas,9.918611111111051,-83.93972222222233,elevation_constrained_sample,0.6966618287373004,GMTED2010 clip gmted2010_mn15_CRI.tif; coffee_features altitude p10–p90 → band ~1275–2000 m
Costa Rica,CRI,Americas,9.239444444444386,-83.12722222222233,elevation_constrained_sample,0.6545718432510885,GMTED2010 clip gmted2010_mn15_CRI.tif; coffee_features altitude p10–p90 → band ~1275–2000 m
Costa Rica,CRI,Americas,8.797777777777718,-83.13138888888899,elevation_constrained_sample,0.22931785195936139,GMTED2010 clip gmted2010_mn15_CRI.tif; coffee_features altitude p10–p90 → band ~1275–2000 m
Costa Rica,CRI,Americas,9.968611111111052,-83.72305555555566,elevation_constrained_sample,0.2365747460087083,GMTED2010 clip gmted2010_mn15_CRI.tif; coffee_features altitude p10–p90 → band ~1275–2000 m
Costa Rica,CRI,Americas,9.676944444444384,-83.34388888888898,elevation_constrained_sample,0.818577648766328,GMTED2010 clip gmted2010_mn15_CRI.tif; coffee_features altitude p10–p90 → band ~1275–2000 m
Costa Rica,CRI,Americas,9.797777777777718,-83.93972222222233,elevation_constrained_sample,0.6415094339622641,GMTED2010 clip gmted2010_mn15_CRI.tif; coffee_features altitude p10–p90 → band ~1275–2000 m
Costa Rica,CRI,Americas,9.106111111111051,-83.018888888889,elevation_constrained_sample,0.9622641509433962,GMTED2010 clip gmted2010_mn15_CRI.tif; coffee_features altitude p10–p90 → band ~1275–2000 m
Costa Rica,CRI,Americas,9.501944444444385,-83.85222222222232,elevation_constrained_sample,0.7402031930333817,GMTED2010 clip gmted2010_mn15_CRI.tif; coffee_features altitude p10–p90 → band ~1275–2000 m
Costa Rica,CRI,Americas,10.076944444444385,-83.706388888889,elevation_constrained_sample,0.7924528301886793,GMTED2010 clip gmted2010_mn15_CRI.tif; coffee_features altitude p10–p90 → band ~1275–2000 m
Costa Rica,CRI,Americas,9.301944444444384,-83.09388888888898,elevation_constrained_sample,0.6719883889695211,GMTED2010 clip gmted2010_mn15_CRI.tif; coffee_features altitude p10–p90 → band ~1275–2000 m
Costa Rica,CRI,Americas,10.114444444444384,-84.01472222222232,elevation_constrained_sample,0.5036284470246735,GMTED2010 clip gmted2010_mn15_CRI.tif; coffee_features altitude p10–p90 → band ~1275–2000 m
Costa Rica,CRI,Americas,10.164444444444385,-84.36888888888899,elevation_constrained_sample,0.5181422351233672,GMTED2010 clip gmted2010_mn15_CRI.tif; coffee_features altitude p10–p90 → band ~1275–2000 m
Costa Rica,CRI,Americas,10.818611111111052,-85.33555555555566,elevation_constrained_sample,0.5703918722786647,GMTED2010 clip gmted2010_mn15_CRI.tif; coffee_features altitude p10–p90 → band ~1275–2000 m
Costa Rica,CRI,Americas,9.301944444444384,-83.35222222222232,elevation_constrained_sample,0.45573294629898403,GMTED2010 clip gmted2010_mn15_CRI.tif; coffee_features altitude p10–p90 → band ~1275–2000 m
Costa Rica,CRI,Americas,9.635277777777718,-84.018888888889,elevation_constrained_sample,0.36284470246734396,GMTED2010 clip gmted2010_mn15_CRI.tif; coffee_features altitude p10–p90 → band ~1275–2000 m
Costa Rica,CRI,Americas,9.114444444444384,-83.06888888888899,elevation_constrained_sample,0.6226415094339622,GMTED2010 clip gmted2010_mn15_CRI.tif; coffee_features altitude p10–p90 → band ~1275–2000 m
Costa Rica,CRI,Americas,9.443611111111052,-83.13972222222232,elevation_constrained_sample,0.4847605224963715,GMTED2010 clip gmted2010_mn15_CRI.tif; coffee_features altitude p10–p90 → band ~1275–2000 m
Costa Rica,CRI,Americas,10.068611111111052,-84.03555555555566,elevation_constrained_sample,0.37010159651669083,GMTED2010 clip gmted2010_mn15_CRI.tif; coffee_features altitude p10–p90 → band ~1275–2000 m
Costa Rica,CRI,Americas,9.843611111111052,-84.06888888888899,elevation_constrained_sample,0.15,GMTED2010 clip gmted2010_mn15_CRI.tif; coffee_features altitude p10–p90 → band ~1275–2000 m
Costa Rica,CRI,Americas,9.368611111111052,-83.04388888888899,elevation_constrained_sample,0.5732946298984035,GMTED2010 clip gmted2010_mn15_CRI.tif; coffee_features altitude p10–p90 → band ~1275–2000 m
Costa Rica,CRI,Americas,9.485277777777718,-83.35638888888899,elevation_constrained_sample,0.5703918722786647,GMTED2010 clip gmted2010_mn15_CRI.tif; coffee_features altitude p10–p90 → band ~1275–2000 m
Costa Rica,CRI,Americas,10.064444444444385,-83.78555555555566,elevation_constrained_sample,0.44847605224963716,GMTED2010 clip gmted2010_mn15_CRI.tif; coffee_features altitude p10–p90 → band ~1275–2000 m
Costa Rica,CRI,Americas,8.989444444444386,-82.89805555555566,elevation_constrained_sample,0.2844702467343977,GMTED2010 clip gmted2010_mn15_CRI.tif; coffee_features altitude p10–p90 → band ~1275–2000 m
Costa Rica,CRI,Americas,9.39777777777772,-83.58555555555566,elevation_constrained_sample,0.15,GMTED2010 clip gmted2010_mn15_CRI.tif; coffee_features altitude p10–p90 → band ~1275–2000 m
Costa Rica,CRI,Americas,9.714444444444386,-84.02722222222232,elevation_constrained_sample,0.9375907111756169,GMTED2010 clip gmted2010_mn15_CRI.tif; coffee_features altitude p10–p90 → band ~1275–2000 m
Costa Rica,CRI,Americas,9.106111111111051,-83.081388888889,elevation_constrained_sample,0.3193033381712627,GMTED2010 clip gmted2010_mn15_CRI.tif; coffee_features altitude p10–p90 → band ~1275–2000 m
Costa Rica,CRI,Americas,10.060277777777717,-83.69805555555565,elevation_constrained_sample,0.41944847605224966,GMTED2010 clip gmted2010_mn15_CRI.tif; coffee_features altitude p10–p90 → band ~1275–2000 m
Costa Rica,CRI,Americas,10.176944444444384,-84.27722222222232,elevation_constrained_sample,0.969521044992743,GMTED2010 clip gmted2010_mn15_CRI.tif; coffee_features altitude p10–p90 → band ~1275–2000 m
Costa Rica,CRI,Americas,10.151944444444386,-84.40222222222232,elevation_constrained_sample,0.3367198838896952,GMTED2010 clip gmted2010_mn15_CRI.tif; coffee_features altitude p10–p90 → band ~1275–2000 m
Costa Rica,CRI,Americas,10.139444444444385,-84.06888888888899,elevation_constrained_sample,0.9492017416545718,GMTED2010 clip gmted2010_mn15_CRI.tif; coffee_features altitude p10–p90 → band ~1275–2000 m
Costa Rica,CRI,Americas,8.96027777777772,-82.86888888888899,elevation_constrained_sample,0.2351233671988389,GMTED2010 clip gmted2010_mn15_CRI.tif; coffee_features altitude p10–p90 → band ~1275–2000 m
Costa Rica,CRI,Americas,9.506111111111052,-83.24388888888899,elevation_constrained_sample,1.0,GMTED2010 clip gmted2010_mn15_CRI.tif; coffee_features altitude p10–p90 → band ~1275–2000 m
Costa Rica,CRI,Americas,10.30611111111105,-84.37722222222233,elevation_constrained_sample,0.3193033381712627,GMTED2010 clip gmted2010_mn15_CRI.tif; coffee_features altitude p10–p90 → band ~1275–2000 m
Costa Rica,CRI,Americas,9.506111111111052,-83.28555555555566,elevation_constrained_sample,0.6226415094339622,GMTED2010 clip gmted2010_mn15_CRI.tif; coffee_features altitude p10–p90 → band ~1275–2000 m
Costa Rica,CRI,Americas,9.322777777777718,-83.10222222222232,elevation_constrained_sample,0.6952104499274311,GMTED2010 clip gmted2010_mn15_CRI.tif; coffee_features altitude p10–p90 → band ~1275–2000 m
Costa Rica,CRI,Americas,9.668611111111051,-84.09805555555566,elevation_constrained_sample,0.15965166908563136,GMTED2010 clip gmted2010_mn15_CRI.tif; coffee_features altitude p10–p90 → band ~1275–2000 m
Costa Rica,CRI,Americas,9.660277777777718,-83.57722222222232,elevation_constrained_sample,0.865021770682148,GMTED2010 clip gmted2010_mn15_CRI.tif; coffee_features altitude p10–p90 → band ~1275–2000 m
El Salvador,SLV,Americas,14.276944444444386,-89.04388888888897,elevation_constrained_sample,0.5793103448275863,GMTED2010 clip gmted2010_mn15_SLV.tif; coffee_features altitude p10–p90 → band ~1100–1540 m
El Salvador,SLV,Americas,14.151944444444386,-88.91472222222231,elevation_constrained_sample,0.33793103448275863,GMTED2010 clip gmted2010_mn15_SLV.tif; coffee_features altitude p10–p90 → band ~1100–1540 m
El Salvador,SLV,Americas,13.881111111111052,-89.84388888888898,elevation_constrained_sample,0.15,GMTED2010 clip gmted2010_mn15_SLV.tif; coffee_features altitude p10–p90 → band ~1100–1540 m
El Salvador,SLV,Americas,13.760277777777718,-89.25222222222231,elevation_constrained_sample,0.3425287356321839,GMTED2010 clip gmted2010_mn15_SLV.tif; coffee_features altitude p10–p90 → band ~1100–1540 m
El Salvador,SLV,Americas,13.789444444444385,-88.22305555555565,elevation_constrained_sample,0.2206896551724138,GMTED2010 clip gmted2010_mn15_SLV.tif; coffee_features altitude p10–p90 → band ~1100–1540 m
El Salvador,SLV,Americas,13.83527777777772,-89.83138888888898,elevation_constrained_sample,0.4160919540229885,GMTED2010 clip gmted2010_mn15_SLV.tif; coffee_features altitude p10–p90 → band ~1100–1540 m
El Salvador,SLV,Americas,13.860277777777718,-89.89805555555564,elevation_constrained_sample,0.167816091954023,GMTED2010 clip gmted2010_mn15_SLV.tif; coffee_features altitude p10–p90 → band ~1100–1540 m
El Salvador,SLV,Americas,13.776944444444386,-88.23555555555565,elevation_constrained_sample,0.19310344827586207,GMTED2010 clip gmted2010_mn15_SLV.tif; coffee_features altitude p10–p90 → band ~1100–1540 m
El Salvador,SLV,Americas,14.293611111111051,-89.12305555555565,elevation_constrained_sample,0.6505747126436782,GMTED2010 clip gmted2010_mn15_SLV.tif; coffee_features altitude p10–p90 → band ~1100–1540 m
El Salvador,SLV,Americas,14.264444444444385,-89.09388888888898,elevation_constrained_sample,1.0,GMTED2010 clip gmted2010_mn15_SLV.tif; coffee_features altitude p10–p90 → band ~1100–1540 m
El Salvador,SLV,Americas,13.443611111111052,-88.26472222222232,elevation_constrained_sample,0.9126436781609195,GMTED2010 clip gmted2010_mn15_SLV.tif; coffee_features altitude p10–p90 → band ~1100–1540 m
El Salvador,SLV,Americas,14.314444444444385,-89.28972222222231,elevation_constrained_sample,0.767816091954023,GMTED2010 clip gmted2010_mn15_SLV.tif; coffee_features altitude p10–p90 → band ~1100–1540 m
El Salvador,SLV,Americas,13.664444444444385,-89.46888888888898,elevation_constrained_sample,0.41379310344827586,GMTED2010 clip gmted2010_mn15_SLV.tif; coffee_features altitude p10–p90 → band ~1100–1540 m
El Salvador,SLV,Americas,14.27277777777772,-89.06055555555565,elevation_constrained_sample,0.43908045977011495,GMTED2010 clip gmted2010_mn15_SLV.tif; coffee_features altitude p10–p90 → band ~1100–1540 m
El Salvador,SLV,Americas,13.656111111111052,-89.37305555555565,elevation_constrained_sample,0.2942528735632184,GMTED2010 clip gmted2010_mn15_SLV.tif; coffee_features altitude p10–p90 → band ~1100–1540 m
El Salvador,SLV,Americas,13.27277777777772,-87.8397222222223,elevation_constrained_sample,0.15,GMTED2010 clip gmted2010_mn15_SLV.tif; coffee_features altitude p10–p90 → band ~1100–1540 m
El Salvador,SLV,Americas,13.893611111111053,-89.96888888888898,elevation_constrained_sample,0.15,GMTED2010 clip gmted2010_mn15_SLV.tif; coffee_features altitude p10–p90 → band ~1100–1540 m
El Salvador,SLV,Americas,13.860277777777718,-89.79388888888897,elevation_constrained_sample,0.7839080459770115,GMTED2010 clip gmted2010_mn15_SLV.tif; coffee_features altitude p10–p90 → band ~1100–1540 m
El Salvador,SLV,Americas,13.847777777777718,-89.69388888888898,elevation_constrained_sample,0.15,GMTED2010 clip gmted2010_mn15_SLV.tif; coffee_features altitude p10–p90 → band ~1100–1540 m
El Salvador,SLV,Americas,14.106111111111051,-89.56888888888898,elevation_constrained_sample,0.15,GMTED2010 clip gmted2010_mn15_SLV.tif; coffee_features altitude p10–p90 → band ~1100–1540 m
El Salvador,SLV,Americas,14.310277777777719,-89.13138888888898,elevation_constrained_sample,1.0,GMTED2010 clip gmted2010_mn15_SLV.tif; coffee_features altitude p10–p90 → band ~1100–1540 m
El Salvador,SLV,Americas,13.668611111111051,-89.36055555555565,elevation_constrained_sample,0.15,GMTED2010 clip gmted2010_mn15_SLV.tif; coffee_features altitude p10–p90 → band ~1100–1540 m
El Salvador,SLV,Americas,13.876944444444385,-89.83138888888898,elevation_constrained_sample,0.5011494252873563,GMTED2010 clip gmted2010_mn15_SLV.tif; coffee_features altitude p10–p90 → band ~1100–1540 m
El Salvador,SLV,Americas,14.139444444444385,-89.68555555555564,elevation_constrained_sample,0.48735632183908045,GMTED2010 clip gmted2010_mn15_SLV.tif; coffee_features altitude p10–p90 → band ~1100–1540 m
El Salvador,SLV,Americas,14.331111111111051,-89.30222222222231,elevation_constrained_sample,0.4459770114942529,GMTED2010 clip gmted2010_mn15_SLV.tif; coffee_features altitude p10–p90 → band ~1100–1540 m
El Salvador,SLV,Americas,13.860277777777718,-89.79805555555565,elevation_constrained_sample,0.8390804597701149,GMTED2010 clip gmted2010_mn15_SLV.tif; coffee_features altitude p10–p90 → band ~1100–1540 m
El Salvador,SLV,Americas,13.922777777777718,-89.70638888888898,elevation_constrained_sample,0.15,GMTED2010 clip gmted2010_mn15_SLV.tif; coffee_features altitude p10–p90 → band ~1100–1540 m
El Salvador,SLV,Americas,14.314444444444385,-89.14805555555564,elevation_constrained_sample,0.21839080459770116,GMTED2010 clip gmted2010_mn15_SLV.tif; coffee_features altitude p10–p90 → band ~1100–1540 m
El Salvador,SLV,Americas,14.318611111111052,-89.30222222222231,elevation_constrained_sample,0.6229885057471264,GMTED2010 clip gmted2010_mn15_SLV.tif; coffee_features altitude p10–p90 → band ~1100–1540 m
El Salvador,SLV,Americas,13.789444444444385,-88.18555555555565,elevation_constrained_sample,0.15,GMTED2010 clip gmted2010_mn15_SLV.tif; coffee_features altitude p10–p90 → band ~1100–1540 m
El Salvador,SLV,Americas,14.368611111111052,-89.37722222222231,elevation_constrained_sample,0.37471264367816093,GMTED2010 clip gmted2010_mn15_SLV.tif; coffee_features altitude p10–p90 → band ~1100–1540 m
El Salvador,SLV,Americas,13.906111111111052,-89.61888888888897,elevation_constrained_sample,0.15,GMTED2010 clip gmted2010_mn15_SLV.tif; coffee_features altitude p10–p90 → band ~1100–1540 m
El Salvador,SLV,Americas,14.289444444444385,-89.33555555555564,elevation_constrained_sample,0.15,GMTED2010 clip gmted2010_mn15_SLV.tif; coffee_features altitude p10–p90 → band ~1100–1540 m
El Salvador,SLV,Americas,13.593611111111052,-88.82305555555564,elevation_constrained_sample,0.38620689655172413,GMTED2010 clip gmted2010_mn15_SLV.tif; coffee_features altitude p10–p90 → band ~1100–1540 m
El Salvador,SLV,Americas,13.48527777777772,-88.32722222222232,elevation_constrained_sample,0.21149425287356322,GMTED2010 clip gmted2010_mn15_SLV.tif; coffee_features altitude p10–p90 → band ~1100–1540 m
El Salvador,SLV,Americas,13.89777777777772,-89.62722222222231,elevation_constrained_sample,0.2988505747126437,GMTED2010 clip gmted2010_mn15_SLV.tif; coffee_features altitude p10–p90 → band ~1100–1540 m
El Salvador,SLV,Americas,13.910277777777718,-89.62722222222231,elevation_constrained_sample,0.15,GMTED2010 clip gmted2010_mn15_SLV.tif; coffee_features altitude p10–p90 → band ~1100–1540 m
El Salvador,SLV,Americas,13.718611111111052,-89.29805555555565,elevation_constrained_sample,0.7793103448275862,GMTED2010 clip gmted2010_mn15_SLV.tif; coffee_features altitude p10–p90 → band ~1100–1540 m
El Salvador,SLV,Americas,13.847777777777718,-89.85222222222231,elevation_constrained_sample,0.5724137931034483,GMTED2010 clip gmted2010_mn15_SLV.tif; coffee_features altitude p10–p90 → band ~1100–1540 m
El Salvador,SLV,Americas,13.418611111111051,-88.28138888888898,elevation_constrained_sample,0.41839080459770117,GMTED2010 clip gmted2010_mn15_SLV.tif; coffee_features altitude p10–p90 → band ~1100–1540 m
El Salvador,SLV,Americas,13.872777777777719,-89.9022222222223,elevation_constrained_sample,0.15,GMTED2010 clip gmted2010_mn15_SLV.tif; coffee_features altitude p10–p90 → band ~1100–1540 m
El Salvador,SLV,Americas,13.451944444444386,-88.26472222222232,elevation_constrained_sample,0.15,GMTED2010 clip gmted2010_mn15_SLV.tif; coffee_features altitude p10–p90 → band ~1100–1540 m
El Salvador,SLV,Americas,13.751944444444385,-88.23138888888897,elevation_constrained_sample,0.17701149425287357,GMTED2010 clip gmted2010_mn15_SLV.tif; coffee_features altitude p10–p90 → band ~1100–1540 m
El Salvador,SLV,Americas,14.118611111111052,-89.70222222222232,elevation_constrained_sample,0.15,GMTED2010 clip gmted2010_mn15_SLV.tif; coffee_features altitude p10–p90 → band ~1100–1540 m
El Salvador,SLV,Americas,13.876944444444385,-89.96888888888898,elevation_constrained_sample,0.2367816091954023,GMTED2010 clip gmted2010_mn15_SLV.tif; coffee_features altitude p10–p90 → band ~1100–1540 m
El Salvador,SLV,Americas,13.606111111111051,-88.83138888888898,elevation_constrained_sample,0.8275862068965517,GMTED2010 clip gmted2010_mn15_SLV.tif; coffee_features altitude p10–p90 → band ~1100–1540 m
El Salvador,SLV,Americas,13.435277777777719,-88.28555555555565,elevation_constrained_sample,0.6367816091954023,GMTED2010 clip gmted2010_mn15_SLV.tif; coffee_features altitude p10–p90 → band ~1100–1540 m
El Salvador,SLV,Americas,14.364444444444384,-89.30222222222231,elevation_constrained_sample,0.6275862068965518,GMTED2010 clip gmted2010_mn15_SLV.tif; coffee_features altitude p10–p90 → band ~1100–1540 m
El Salvador,SLV,Americas,14.14777777777772,-89.68555555555564,elevation_constrained_sample,0.23218390804597702,GMTED2010 clip gmted2010_mn15_SLV.tif; coffee_features altitude p10–p90 → band ~1100–1540 m
El Salvador,SLV,Americas,13.743611111111052,-89.23972222222231,elevation_constrained_sample,0.15,GMTED2010 clip gmted2010_mn15_SLV.tif; coffee_features altitude p10–p90 → band ~1100–1540 m
El Salvador,SLV,Americas,13.718611111111052,-89.27305555555564,elevation_constrained_sample,0.774712643678161,GMTED2010 clip gmted2010_mn15_SLV.tif; coffee_features altitude p10–p90 → band ~1100–1540 m
El Salvador,SLV,Americas,14.189444444444385,-89.02305555555564,elevation_constrained_sample,0.15,GMTED2010 clip gmted2010_mn15_SLV.tif; coffee_features altitude p10–p90 → band ~1100–1540 m
El Salvador,SLV,Americas,13.601944444444385,-88.82722222222232,elevation_constrained_sample,0.8528735632183908,GMTED2010 clip gmted2010_mn15_SLV.tif; coffee_features altitude p10–p90 → band ~1100–1540 m
El Salvador,SLV,Americas,14.339444444444386,-89.16055555555565,elevation_constrained_sample,0.3057471264367816,GMTED2010 clip gmted2010_mn15_SLV.tif; coffee_features altitude p10–p90 → band ~1100–1540 m
El Salvador,SLV,Americas,14.331111111111051,-89.33555555555564,elevation_constrained_sample,0.29195402298850576,GMTED2010 clip gmted2010_mn15_SLV.tif; coffee_features altitude p10–p90 → band ~1100–1540 m
El Salvador,SLV,Americas,13.735277777777718,-89.31472222222231,elevation_constrained_sample,0.15,GMTED2010 clip gmted2010_mn15_SLV.tif; coffee_features altitude p10–p90 → band ~1100–1540 m
El Salvador,SLV,Americas,13.864444444444386,-89.81472222222231,elevation_constrained_sample,0.7839080459770115,GMTED2010 clip gmted2010_mn15_SLV.tif; coffee_features altitude p10–p90 → band ~1100–1540 m
El Salvador,SLV,Americas,14.264444444444385,-89.08138888888898,elevation_constrained_sample,0.5402298850574713,GMTED2010 clip gmted2010_mn15_SLV.tif; coffee_features altitude p10–p90 → band ~1100–1540 m
El Salvador,SLV,Americas,13.597777777777718,-88.81888888888898,elevation_constrained_sample,0.167816091954023,GMTED2010 clip gmted2010_mn15_SLV.tif; coffee_features altitude p10–p90 → band ~1100–1540 m
El Salvador,SLV,Americas,14.247777777777719,-89.08138888888898,elevation_constrained_sample,0.1793103448275862,GMTED2010 clip gmted2010_mn15_SLV.tif; coffee_features altitude p10–p90 → band ~1100–1540 m
El Salvador,SLV,Americas,14.235277777777718,-89.01472222222232,elevation_constrained_sample,0.9356321839080459,GMTED2010 clip gmted2010_mn15_SLV.tif; coffee_features altitude p10–p90 → band ~1100–1540 m
El Salvador,SLV,Americas,14.33527777777772,-89.22305555555565,elevation_constrained_sample,0.1632183908045977,GMTED2010 clip gmted2010_mn15_SLV.tif; coffee_features altitude p10–p90 → band ~1100–1540 m
El Salvador,SLV,Americas,14.401944444444386,-89.41472222222231,elevation_constrained_sample,0.15,GMTED2010 clip gmted2010_mn15_SLV.tif; coffee_features altitude p10–p90 → band ~1100–1540 m
El Salvador,SLV,Americas,13.718611111111052,-89.30638888888897,elevation_constrained_sample,0.3839080459770115,GMTED2010 clip gmted2010_mn15_SLV.tif; coffee_features altitude p10–p90 → band ~1100–1540 m
El Salvador,SLV,Americas,13.914444444444385,-89.72305555555565,elevation_constrained_sample,0.5540229885057472,GMTED2010 clip gmted2010_mn15_SLV.tif; coffee_features altitude p10–p90 → band ~1100–1540 m
El Salvador,SLV,Americas,14.247777777777719,-89.01472222222232,elevation_constrained_sample,0.8229885057471265,GMTED2010 clip gmted2010_mn15_SLV.tif; coffee_features altitude p10–p90 → band ~1100–1540 m
El Salvador,SLV,Americas,13.826944444444385,-89.58138888888898,elevation_constrained_sample,0.15,GMTED2010 clip gmted2010_mn15_SLV.tif; coffee_features altitude p10–p90 → band ~1100–1540 m
El Salvador,SLV,Americas,14.339444444444386,-89.30638888888897,elevation_constrained_sample,0.8873563218390804,GMTED2010 clip gmted2010_mn15_SLV.tif; coffee_features altitude p10–p90 → band ~1100–1540 m
El Salvador,SLV,Americas,14.318611111111052,-89.27305555555564,elevation_constrained_sample,0.15,GMTED2010 clip gmted2010_mn15_SLV.tif; coffee_features altitude p10–p90 → band ~1100–1540 m
El Salvador,SLV,Americas,13.881111111111052,-89.67722222222231,elevation_constrained_sample,0.8114942528735632,GMTED2010 clip gmted2010_mn15_SLV.tif; coffee_features altitude p10–p90 → band ~1100–1540 m
El Salvador,SLV,Americas,13.860277777777718,-89.82722222222232,elevation_constrained_sample,0.4574712643678161,GMTED2010 clip gmted2010_mn15_SLV.tif; coffee_features altitude p10–p90 → band ~1100–1540 m
El Salvador,SLV,Americas,14.231111111111051,-89.28138888888898,elevation_constrained_sample,0.15,GMTED2010 clip gmted2010_mn15_SLV.tif; coffee_features altitude p10–p90 → band ~1100–1540 m
El Salvador,SLV,Americas,14.368611111111052,-89.35222222222231,elevation_constrained_sample,0.4781609195402299,GMTED2010 clip gmted2010_mn15_SLV.tif; coffee_features altitude p10–p90 → band ~1100–1540 m
El Salvador,SLV,Americas,13.593611111111052,-88.86055555555565,elevation_constrained_sample,0.7402298850574712,GMTED2010 clip gmted2010_mn15_SLV.tif; coffee_features altitude p10–p90 → band ~1100–1540 m
El Salvador,SLV,Americas,13.747777777777719,-89.23972222222231,elevation_constrained_sample,0.15,GMTED2010 clip gmted2010_mn15_SLV.tif; coffee_features altitude p10–p90 → band ~1100–1540 m
El Salvador,SLV,Americas,14.235277777777718,-89.04388888888897,elevation_constrained_sample,0.2206896551724138,GMTED2010 clip gmted2010_mn15_SLV.tif; coffee_features altitude p10–p90 → band ~1100–1540 m
El Salvador,SLV,Americas,13.889444444444385,-89.81888888888898,elevation_constrained_sample,0.5701149425287356,GMTED2010 clip gmted2010_mn15_SLV.tif; coffee_features altitude p10–p90 → band ~1100–1540 m
El Salvador,SLV,Americas,14.306111111111052,-89.03972222222231,elevation_constrained_sample,0.5057471264367817,GMTED2010 clip gmted2010_mn15_SLV.tif; coffee_features altitude p10–p90 → band ~1100–1540 m
El Salvador,SLV,Americas,14.397777777777717,-89.2772222222223,elevation_constrained_sample,0.6045977011494252,GMTED2010 clip gmted2010_mn15_SLV.tif; coffee_features altitude p10–p90 → band ~1100–1540 m
El Salvador,SLV,Americas,13.860277777777718,-89.85222222222231,elevation_constrained_sample,0.4689655172413793,GMTED2010 clip gmted2010_mn15_SLV.tif; coffee_features altitude p10–p90 → band ~1100–1540 m
Ethiopia,ETH,Africa,8.660277777777722,40.772777777777605,elevation_constrained_sample,0.15,GMTED2010 clip gmted2010_mn15_ETH.tif; coffee_features altitude p10–p90 → band ~1600–2350 m
Ethiopia,ETH,Africa,7.043611111111057,40.5727777777776,elevation_constrained_sample,0.15,GMTED2010 clip gmted2010_mn15_ETH.tif; coffee_features altitude p10–p90 → band ~1600–2350 m
Ethiopia,ETH,Africa,9.001944444444389,36.63111111111094,elevation_constrained_sample,0.3006993006993007,GMTED2010 clip gmted2010_mn15_ETH.tif; coffee_features altitude p10–p90 → band ~1600–2350 m
Ethiopia,ETH,Africa,7.8852777777777225,38.34777777777761,elevation_constrained_sample,0.4153846153846154,GMTED2010 clip gmted2010_mn15_ETH.tif; coffee_features altitude p10–p90 → band ~1600–2350 m
Ethiopia,ETH,Africa,8.431111111111056,38.85194444444427,elevation_constrained_sample,0.15,GMTED2010 clip gmted2010_mn15_ETH.tif; coffee_features altitude p10–p90 → band ~1600–2350 m
Ethiopia,ETH,Africa,7.6561111111110565,35.57694444444427,elevation_constrained_sample,0.627972027972028,GMTED2010 clip gmted2010_mn15_ETH.tif; coffee_features altitude p10–p90 → band ~1600–2350 m
Ethiopia,ETH,Africa,5.810277777777724,37.89361111111094,elevation_constrained_sample,0.27132867132867133,GMTED2010 clip gmted2010_mn15_ETH.tif; coffee_features altitude p10–p90 → band ~1600–2350 m
Ethiopia,ETH,Africa,5.9602777777777245,39.09777777777761,elevation_constrained_sample,0.42657342657342656,GMTED2010 clip gmted2010_mn15_ETH.tif; coffee_features altitude p10–p90 → band ~1600–2350 m
Ethiopia,ETH,Africa,8.406111111111056,35.49777777777761,elevation_constrained_sample,0.15,GMTED2010 clip gmted2010_mn15_ETH.tif; coffee_features altitude p10–p90 → band ~1600–2350 m
Ethiopia,ETH,Africa,8.747777777777722,38.28944444444427,elevation_constrained_sample,0.6867132867132867,GMTED2010 clip gmted2010_mn15_ETH.tif; coffee_features altitude p10–p90 → band ~1600–2350 m
Ethiopia,ETH,Africa,8.539444444444388,37.922777777777604,elevation_constrained_sample,0.5426573426573427,GMTED2010 clip gmted2010_mn15_ETH.tif; coffee_features altitude p10–p90 → band ~1600–2350 m
Ethiopia,ETH,Africa,6.418611111111057,39.5102777777776,elevation_constrained_sample,0.17202797202797201,GMTED2010 clip gmted2010_mn15_ETH.tif; coffee_features altitude p10–p90 → band ~1600–2350 m
Ethiopia,ETH,Africa,8.622777777777722,34.78527777777761,elevation_constrained_sample,0.3622377622377622,GMTED2010 clip gmted2010_mn15_ETH.tif; coffee_features altitude p10–p90 → band ~1600–2350 m
Ethiopia,ETH,Africa,10.751944444444387,35.651944444444275,elevation_constrained_sample,0.15,GMTED2010 clip gmted2010_mn15_ETH.tif; coffee_features altitude p10–p90 → band ~1600–2350 m
Ethiopia,ETH,Africa,10.431111111111054,39.44361111111094,elevation_constrained_sample,0.9958041958041958,GMTED2010 clip gmted2010_mn15_ETH.tif; coffee_features altitude p10–p90 → band ~1600–2350 m
Ethiopia,ETH,Africa,13.268611111111053,37.45611111111094,elevation_constrained_sample,1.0,GMTED2010 clip gmted2010_mn15_ETH.tif; coffee_features altitude p10–p90 → band ~1600–2350 m
Ethiopia,ETH,Africa,6.356111111111057,39.09361111111094,elevation_constrained_sample,0.3776223776223776,GMTED2010 clip gmted2010_mn15_ETH.tif; coffee_features altitude p10–p90 → band ~1600–2350 m
Ethiopia,ETH,Africa,12.847777777777718,37.51861111111094,elevation_constrained_sample,0.3888111888111888,GMTED2010 clip gmted2010_mn15_ETH.tif; coffee_features altitude p10–p90 → band ~1600–2350 m
Ethiopia,ETH,Africa,7.497777777777723,38.06861111111094,elevation_constrained_sample,0.3832167832167832,GMTED2010 clip gmted2010_mn15_ETH.tif; coffee_features altitude p10–p90 → band ~1600–2350 m
Ethiopia,ETH,Africa,14.331111111111053,38.91444444444427,elevation_constrained_sample,0.3804195804195804,GMTED2010 clip gmted2010_mn15_ETH.tif; coffee_features altitude p10–p90 → band ~1600–2350 m
Ethiopia,ETH,Africa,7.560277777777723,36.91027777777761,elevation_constrained_sample,0.23636363636363636,GMTED2010 clip gmted2010_mn15_ETH.tif; coffee_features altitude p10–p90 → band ~1600–2350 m
Ethiopia,ETH,Africa,7.897777777777723,39.897777777777605,elevation_constrained_sample,0.32867132867132864,GMTED2010 clip gmted2010_mn15_ETH.tif; coffee_features altitude p10–p90 → band ~1600–2350 m
Ethiopia,ETH,Africa,7.8436111111110565,35.72694444444427,elevation_constrained_sample,0.3958041958041958,GMTED2010 clip gmted2010_mn15_ETH.tif; coffee_features altitude p10–p90 → band ~1600–2350 m
Ethiopia,ETH,Africa,11.426944444444388,38.297777777777604,elevation_constrained_sample,0.9482517482517483,GMTED2010 clip gmted2010_mn15_ETH.tif; coffee_features altitude p10–p90 → band ~1600–2350 m
Ethiopia,ETH,Africa,12.076944444444386,38.45194444444427,elevation_constrained_sample,0.15,GMTED2010 clip gmted2010_mn15_ETH.tif; coffee_features altitude p10–p90 → band ~1600–2350 m
Ethiopia,ETH,Africa,11.801944444444388,39.522777777777605,elevation_constrained_sample,0.5944055944055944,GMTED2010 clip gmted2010_mn15_ETH.tif; coffee_features altitude p10–p90 → band ~1600–2350 m
Ethiopia,ETH,Africa,8.993611111111054,37.94361111111094,elevation_constrained_sample,0.9524475524475524,GMTED2010 clip gmted2010_mn15_ETH.tif; coffee_features altitude p10–p90 → band ~1600–2350 m
Ethiopia,ETH,Africa,11.289444444444387,39.335277777777605,elevation_constrained_sample,0.45454545454545453,GMTED2010 clip gmted2010_mn15_ETH.tif; coffee_features altitude p10–p90 → band ~1600–2350 m
Ethiopia,ETH,Africa,7.131111111111056,38.22277777777761,elevation_constrained_sample,0.36923076923076925,GMTED2010 clip gmted2010_mn15_ETH.tif; coffee_features altitude p10–p90 → band ~1600–2350 m
Ethiopia,ETH,Africa,8.147777777777723,36.41861111111094,elevation_constrained_sample,0.6097902097902098,GMTED2010 clip gmted2010_mn15_ETH.tif; coffee_features altitude p10–p90 → band ~1600–2350 m
Ethiopia,ETH,Africa,12.026944444444387,36.73111111111094,elevation_constrained_sample,0.15,GMTED2010 clip gmted2010_mn15_ETH.tif; coffee_features altitude p10–p90 → band ~1600–2350 m
Ethiopia,ETH,Africa,8.939444444444389,41.53111111111094,elevation_constrained_sample,0.1888111888111888,GMTED2010 clip gmted2010_mn15_ETH.tif; coffee_features altitude p10–p90 → band ~1600–2350 m
Ethiopia,ETH,Africa,9.081111111111056,40.8477777777776,elevation_constrained_sample,0.2853146853146853,GMTED2010 clip gmted2010_mn15_ETH.tif; coffee_features altitude p10–p90 → band ~1600–2350 m
Ethiopia,ETH,Africa,6.376944444444391,37.53111111111094,elevation_constrained_sample,0.7944055944055944,GMTED2010 clip gmted2010_mn15_ETH.tif; coffee_features altitude p10–p90 → band ~1600–2350 m
Ethiopia,ETH,Africa,12.851944444444387,39.74777777777761,elevation_constrained_sample,0.15,GMTED2010 clip gmted2010_mn15_ETH.tif; coffee_features altitude p10–p90 → band ~1600–2350 m
Ethiopia,ETH,Africa,7.481111111111057,37.03527777777761,elevation_constrained_sample,0.43356643356643354,GMTED2010 clip gmted2010_mn15_ETH.tif; coffee_features altitude p10–p90 → band ~1600–2350 m
Ethiopia,ETH,Africa,7.43944444444439,35.335277777777605,elevation_constrained_sample,0.1874125874125874,GMTED2010 clip gmted2010_mn15_ETH.tif; coffee_features altitude p10–p90 → band ~1600–2350 m
Ethiopia,ETH,Africa,8.197777777777723,39.331111111110935,elevation_constrained_sample,0.3412587412587413,GMTED2010 clip gmted2010_mn15_ETH.tif; coffee_features altitude p10–p90 → band ~1600–2350 m
Ethiopia,ETH,Africa,9.397777777777723,41.9727777777776,elevation_constrained_sample,0.7440559440559441,GMTED2010 clip gmted2010_mn15_ETH.tif; coffee_features altitude p10–p90 → band ~1600–2350 m
Ethiopia,ETH,Africa,8.06444444444439,36.397777777777605,elevation_constrained_sample,0.15,GMTED2010 clip gmted2010_mn15_ETH.tif; coffee_features altitude p10–p90 → band ~1600–2350 m
Ethiopia,ETH,Africa,7.418611111111057,37.58111111111094,elevation_constrained_sample,0.6321678321678321,GMTED2010 clip gmted2010_mn15_ETH.tif; coffee_features altitude p10–p90 → band ~1600–2350 m
Ethiopia,ETH,Africa,10.876944444444387,38.55611111111094,elevation_constrained_sample,0.15,GMTED2010 clip gmted2010_mn15_ETH.tif; coffee_features altitude p10–p90 → band ~1600–2350 m
Ethiopia,ETH,Africa,7.918611111111056,38.21861111111094,elevation_constrained_sample,0.9244755244755245,GMTED2010 clip gmted2010_mn15_ETH.tif; coffee_features altitude p10–p90 → band ~1600–2350 m
Ethiopia,ETH,Africa,5.926944444444391,38.84361111111094,elevation_constrained_sample,0.24475524475524477,GMTED2010 clip gmted2010_mn15_ETH.tif; coffee_features altitude p10–p90 → band ~1600–2350 m
Ethiopia,ETH,Africa,12.464444444444386,38.16444444444427,elevation_constrained_sample,0.3944055944055944,GMTED2010 clip gmted2010_mn15_ETH.tif; coffee_features altitude p10–p90 → band ~1600–2350 m
Ethiopia,ETH,Africa,12.106111111111053,37.03111111111094,elevation_constrained_sample,0.22937062937062938,GMTED2010 clip gmted2010_mn15_ETH.tif; coffee_features altitude p10–p90 → band ~1600–2350 m
Ethiopia,ETH,Africa,9.201944444444388,41.206111111110935,elevation_constrained_sample,0.4027972027972028,GMTED2010 clip gmted2010_mn15_ETH.tif; coffee_features altitude p10–p90 → band ~1600–2350 m
Ethiopia,ETH,Africa,9.281111111111056,43.231111111110934,elevation_constrained_sample,0.22237762237762237,GMTED2010 clip gmted2010_mn15_ETH.tif; coffee_features altitude p10–p90 → band ~1600–2350 m
Ethiopia,ETH,Africa,8.30194444444439,35.91027777777761,elevation_constrained_sample,0.4153846153846154,GMTED2010 clip gmted2010_mn15_ETH.tif; coffee_features altitude p10–p90 → band ~1600–2350 m
Ethiopia,ETH,Africa,13.906111111111052,38.93111111111094,elevation_constrained_sample,0.3944055944055944,GMTED2010 clip gmted2010_mn15_ETH.tif; coffee_features altitude p10–p90 → band ~1600–2350 m
Ethiopia,ETH,Africa,7.672777777777723,36.84361111111094,elevation_constrained_sample,0.15,GMTED2010 clip gmted2010_mn15_ETH.tif; coffee_features altitude p10–p90 → band ~1600–2350 m
Ethiopia,ETH,Africa,4.535277777777726,38.28944444444427,elevation_constrained_sample,0.15,GMTED2010 clip gmted2010_mn15_ETH.tif; coffee_features altitude p10–p90 → band ~1600–2350 m
Ethiopia,ETH,Africa,9.156111111111056,37.114444444444274,elevation_constrained_sample,0.27692307692307694,GMTED2010 clip gmted2010_mn15_ETH.tif; coffee_features altitude p10–p90 → band ~1600–2350 m
Ethiopia,ETH,Africa,5.885277777777723,38.22694444444427,elevation_constrained_sample,0.8769230769230769,GMTED2010 clip gmted2010_mn15_ETH.tif; coffee_features altitude p10–p90 → band ~1600–2350 m
Ethiopia,ETH,Africa,7.45194444444439,37.56027777777761,elevation_constrained_sample,0.21818181818181817,GMTED2010 clip gmted2010_mn15_ETH.tif; coffee_features altitude p10–p90 → band ~1600–2350 m
Ethiopia,ETH,Africa,12.38527777777772,37.22694444444427,elevation_constrained_sample,0.35244755244755244,GMTED2010 clip gmted2010_mn15_ETH.tif; coffee_features altitude p10–p90 → band ~1600–2350 m
Ethiopia,ETH,Africa,8.643611111111056,40.46444444444427,elevation_constrained_sample,0.15,GMTED2010 clip gmted2010_mn15_ETH.tif; coffee_features altitude p10–p90 → band ~1600–2350 m
Ethiopia,ETH,Africa,8.989444444444388,35.19361111111094,elevation_constrained_sample,0.18181818181818182,GMTED2010 clip gmted2010_mn15_ETH.tif; coffee_features altitude p10–p90 → band ~1600–2350 m
Ethiopia,ETH,Africa,8.947777777777722,34.772777777777605,elevation_constrained_sample,0.15384615384615385,GMTED2010 clip gmted2010_mn15_ETH.tif; coffee_features altitude p10–p90 → band ~1600–2350 m
Ethiopia,ETH,Africa,6.118611111111058,36.901944444444275,elevation_constrained_sample,0.26433566433566436,GMTED2010 clip gmted2010_mn15_ETH.tif; coffee_features altitude p10–p90 → band ~1600–2350 m
Ethiopia,ETH,Africa,8.706111111111056,40.69361111111094,elevation_constrained_sample,0.2153846153846154,GMTED2010 clip gmted2010_mn15_ETH.tif; coffee_features altitude p10–p90 → band ~1600–2350 m
Ethiopia,ETH,Africa,5.78944444444439,36.672777777777604,elevation_constrained_sample,0.5902097902097903,GMTED2010 clip gmted2010_mn15_ETH.tif; coffee_features altitude p10–p90 → band ~1600–2350 m
Ethiopia,ETH,Africa,8.531111111111056,39.50194444444427,elevation_constrained_sample,0.15,GMTED2010 clip gmted2010_mn15_ETH.tif; coffee_features altitude p10–p90 → band ~1600–2350 m
Ethiopia,ETH,Africa,12.918611111111053,37.98111111111094,elevation_constrained_sample,0.34825174825174826,GMTED2010 clip gmted2010_mn15_ETH.tif; coffee_features altitude p10–p90 → band ~1600–2350 m
Ethiopia,ETH,Africa,11.797777777777721,36.735277777777604,elevation_constrained_sample,0.15,GMTED2010 clip gmted2010_mn15_ETH.tif; coffee_features altitude p10–p90 → band ~1600–2350 m
Ethiopia,ETH,Africa,12.093611111111054,38.53527777777761,elevation_constrained_sample,0.25314685314685315,GMTED2010 clip gmted2010_mn15_ETH.tif; coffee_features altitude p10–p90 → band ~1600–2350 m
Ethiopia,ETH,Africa,7.910277777777723,38.65611111111094,elevation_constrained_sample,0.15,GMTED2010 clip gmted2010_mn15_ETH.tif; coffee_features altitude p10–p90 → band ~1600–2350 m
Ethiopia,ETH,Africa,12.439444444444387,39.28527777777761,elevation_constrained_sample,0.676923076923077,GMTED2010 clip gmted2010_mn15_ETH.tif; coffee_features altitude p10–p90 → band ~1600–2350 m
Ethiopia,ETH,Africa,7.08944444444439,35.75611111111094,elevation_constrained_sample,0.15384615384615385,GMTED2010 clip gmted2010_mn15_ETH.tif; coffee_features altitude p10–p90 → band ~1600–2350 m
Ethiopia,ETH,Africa,9.631111111111055,42.88111111111094,elevation_constrained_sample,0.3412587412587413,GMTED2010 clip gmted2010_mn15_ETH.tif; coffee_features altitude p10–p90 → band ~1600–2350 m
Ethiopia,ETH,Africa,9.226944444444388,37.676944444444274,elevation_constrained_sample,0.15,GMTED2010 clip gmted2010_mn15_ETH.tif; coffee_features altitude p10–p90 → band ~1600–2350 m
Ethiopia,ETH,Africa,6.185277777777724,38.801944444444274,elevation_constrained_sample,0.9552447552447553,GMTED2010 clip gmted2010_mn15_ETH.tif; coffee_features altitude p10–p90 → band ~1600–2350 m
Ethiopia,ETH,Africa,7.631111111111056,36.06861111111094,elevation_constrained_sample,0.2853146853146853,GMTED2010 clip gmted2010_mn15_ETH.tif; coffee_features altitude p10–p90 → band ~1600–2350 m
Ethiopia,ETH,Africa,13.651944444444386,39.40611111111094,elevation_constrained_sample,0.4979020979020979,GMTED2010 clip gmted2010_mn15_ETH.tif; coffee_features altitude p10–p90 → band ~1600–2350 m
Ethiopia,ETH,Africa,8.785277777777722,35.85194444444427,elevation_constrained_sample,0.3594405594405594,GMTED2010 clip gmted2010_mn15_ETH.tif; coffee_features altitude p10–p90 → band ~1600–2350 m
Ethiopia,ETH,Africa,9.31027777777772,41.856111111110934,elevation_constrained_sample,0.2755244755244755,GMTED2010 clip gmted2010_mn15_ETH.tif; coffee_features altitude p10–p90 → band ~1600–2350 m
Ethiopia,ETH,Africa,5.797777777777725,38.45611111111094,elevation_constrained_sample,0.4251748251748252,GMTED2010 clip gmted2010_mn15_ETH.tif; coffee_features altitude p10–p90 → band ~1600–2350 m
Ethiopia,ETH,Africa,8.847777777777722,35.75611111111094,elevation_constrained_sample,0.3384615384615385,GMTED2010 clip gmted2010_mn15_ETH.tif; coffee_features altitude p10–p90 → band ~1600–2350 m
Ethiopia,ETH,Africa,8.497777777777722,37.46861111111094,elevation_constrained_sample,0.15,GMTED2010 clip gmted2010_mn15_ETH.tif; coffee_features altitude p10–p90 → band ~1600–2350 m
Ethiopia,ETH,Africa,13.035277777777718,38.29361111111094,elevation_constrained_sample,0.5454545454545454,GMTED2010 clip gmted2010_mn15_ETH.tif; coffee_features altitude p10–p90 → band ~1600–2350 m
Guatemala,GTM,Americas,14.814444444444376,-91.69805555555565,elevation_constrained_sample,0.7520215633423181,GMTED2010 clip gmted2010_mn15_GTM.tif; coffee_features altitude p10–p90 → band ~1250–2000 m
Guatemala,GTM,Americas,14.768611111111042,-90.47722222222232,elevation_constrained_sample,0.24797843665768193,GMTED2010 clip gmted2010_mn15_GTM.tif; coffee_features altitude p10–p90 → band ~1250–2000 m
Guatemala,GTM,Americas,14.54777777777771,-90.70222222222232,elevation_constrained_sample,0.8517520215633423,GMTED2010 clip gmted2010_mn15_GTM.tif; coffee_features altitude p10–p90 → band ~1250–2000 m
Guatemala,GTM,Americas,15.581111111111042,-91.93555555555565,elevation_constrained_sample,0.6900269541778976,GMTED2010 clip gmted2010_mn15_GTM.tif; coffee_features altitude p10–p90 → band ~1250–2000 m
Guatemala,GTM,Americas,14.964444444444377,-90.61055555555565,elevation_constrained_sample,0.5956873315363881,GMTED2010 clip gmted2010_mn15_GTM.tif; coffee_features altitude p10–p90 → band ~1250–2000 m
Guatemala,GTM,Americas,16.03111111111104,-91.51472222222232,elevation_constrained_sample,0.3194070080862534,GMTED2010 clip gmted2010_mn15_GTM.tif; coffee_features altitude p10–p90 → band ~1250–2000 m
Guatemala,GTM,Americas,14.626944444444376,-91.08138888888898,elevation_constrained_sample,0.9784366576819407,GMTED2010 clip gmted2010_mn15_GTM.tif; coffee_features altitude p10–p90 → band ~1250–2000 m
Guatemala,GTM,Americas,15.87277777777771,-91.25638888888898,elevation_constrained_sample,0.15902964959568733,GMTED2010 clip gmted2010_mn15_GTM.tif; coffee_features altitude p10–p90 → band ~1250–2000 m
Guatemala,GTM,Americas,15.960277777777709,-91.75638888888898,elevation_constrained_sample,0.15,GMTED2010 clip gmted2010_mn15_GTM.tif; coffee_features altitude p10–p90 → band ~1250–2000 m
Guatemala,GTM,Americas,15.51027777777771,-90.97722222222232,elevation_constrained_sample,1.0,GMTED2010 clip gmted2010_mn15_GTM.tif; coffee_features altitude p10–p90 → band ~1250–2000 m
Guatemala,GTM,Americas,14.44777777777771,-90.59388888888898,elevation_constrained_sample,0.20485175202156333,GMTED2010 clip gmted2010_mn15_GTM.tif; coffee_features altitude p10–p90 → band ~1250–2000 m
Guatemala,GTM,Americas,14.743611111111043,-90.01472222222232,elevation_constrained_sample,0.45417789757412397,GMTED2010 clip gmted2010_mn15_GTM.tif; coffee_features altitude p10–p90 → band ~1250–2000 m
Guatemala,GTM,Americas,14.79777777777771,-89.87305555555565,elevation_constrained_sample,0.15,GMTED2010 clip gmted2010_mn15_GTM.tif; coffee_features altitude p10–p90 → band ~1250–2000 m
Guatemala,GTM,Americas,16.03111111111104,-91.50222222222231,elevation_constrained_sample,0.37331536388140163,GMTED2010 clip gmted2010_mn15_GTM.tif; coffee_features altitude p10–p90 → band ~1250–2000 m
Guatemala,GTM,Americas,14.651944444444377,-90.48972222222231,elevation_constrained_sample,0.29110512129380056,GMTED2010 clip gmted2010_mn15_GTM.tif; coffee_features altitude p10–p90 → band ~1250–2000 m
Guatemala,GTM,Americas,15.522777777777709,-90.79805555555565,elevation_constrained_sample,0.16307277628032346,GMTED2010 clip gmted2010_mn15_GTM.tif; coffee_features altitude p10–p90 → band ~1250–2000 m
Guatemala,GTM,Americas,14.47277777777771,-90.78138888888898,elevation_constrained_sample,0.7641509433962265,GMTED2010 clip gmted2010_mn15_GTM.tif; coffee_features altitude p10–p90 → band ~1250–2000 m
Guatemala,GTM,Americas,14.606111111111044,-90.12722222222231,elevation_constrained_sample,0.7560646900269542,GMTED2010 clip gmted2010_mn15_GTM.tif; coffee_features altitude p10–p90 → band ~1250–2000 m
Guatemala,GTM,Americas,14.743611111111043,-89.33138888888898,elevation_constrained_sample,0.15,GMTED2010 clip gmted2010_mn15_GTM.tif; coffee_features altitude p10–p90 → band ~1250–2000 m
Guatemala,GTM,Americas,14.56027777777771,-91.20638888888898,elevation_constrained_sample,0.7345013477088949,GMTED2010 clip gmted2010_mn15_GTM.tif; coffee_features altitude p10–p90 → band ~1250–2000 m
Guatemala,GTM,Americas,15.343611111111043,-90.45222222222232,elevation_constrained_sample,0.3948787061994609,GMTED2010 clip gmted2010_mn15_GTM.tif; coffee_features altitude p10–p90 → band ~1250–2000 m
Guatemala,GTM,Americas,15.172777777777709,-91.51888888888898,elevation_constrained_sample,0.977088948787062,GMTED2010 clip gmted2010_mn15_GTM.tif; coffee_features altitude p10–p90 → band ~1250–2000 m
Guatemala,GTM,Americas,16.001944444444376,-91.56055555555565,elevation_constrained_sample,0.3018867924528302,GMTED2010 clip gmted2010_mn15_GTM.tif; coffee_features altitude p10–p90 → band ~1250–2000 m
Guatemala,GTM,Americas,15.43527777777771,-89.98138888888899,elevation_constrained_sample,0.16037735849056603,GMTED2010 clip gmted2010_mn15_GTM.tif; coffee_features altitude p10–p90 → band ~1250–2000 m
Guatemala,GTM,Americas,15.56027777777771,-91.79388888888899,elevation_constrained_sample,0.4393530997304582,GMTED2010 clip gmted2010_mn15_GTM.tif; coffee_features altitude p10–p90 → band ~1250–2000 m
Guatemala,GTM,Americas,15.168611111111042,-90.26888888888898,elevation_constrained_sample,0.6415094339622641,GMTED2010 clip gmted2010_mn15_GTM.tif; coffee_features altitude p10–p90 → band ~1250–2000 m
Guatemala,GTM,Americas,15.768611111111042,-91.33972222222232,elevation_constrained_sample,0.38140161725067384,GMTED2010 clip gmted2010_mn15_GTM.tif; coffee_features altitude p10–p90 → band ~1250–2000 m
Guatemala,GTM,Americas,15.993611111111042,-91.48555555555565,elevation_constrained_sample,0.8517520215633423,GMTED2010 clip gmted2010_mn15_GTM.tif; coffee_features altitude p10–p90 → band ~1250–2000 m
Guatemala,GTM,Americas,15.81027777777771,-91.25222222222231,elevation_constrained_sample,0.15,GMTED2010 clip gmted2010_mn15_GTM.tif; coffee_features altitude p10–p90 → band ~1250–2000 m
Guatemala,GTM,Americas,14.831111111111042,-90.81472222222231,elevation_constrained_sample,0.8126684636118598,GMTED2010 clip gmted2010_mn15_GTM.tif; coffee_features altitude p10–p90 → band ~1250–2000 m
Guatemala,GTM,Americas,15.093611111111043,-90.05222222222231,elevation_constrained_sample,0.9528301886792453,GMTED2010 clip gmted2010_mn15_GTM.tif; coffee_features altitude p10–p90 → band ~1250–2000 m
Guatemala,GTM,Americas,14.57277777777771,-90.56055555555565,elevation_constrained_sample,0.2560646900269542,GMTED2010 clip gmted2010_mn15_GTM.tif; coffee_features altitude p10–p90 → band ~1250–2000 m
Guatemala,GTM,Americas,14.156111111111043,-90.46055555555566,elevation_constrained_sample,0.20350404312668463,GMTED2010 clip gmted2010_mn15_GTM.tif; coffee_features altitude p10–p90 → band ~1250–2000 m
Guatemala,GTM,Americas,14.656111111111043,-90.32305555555565,elevation_constrained_sample,0.9070080862533693,GMTED2010 clip gmted2010_mn15_GTM.tif; coffee_features altitude p10–p90 → band ~1250–2000 m
Guatemala,GTM,Americas,15.576944444444376,-90.21888888888898,elevation_constrained_sample,0.5943396226415094,GMTED2010 clip gmted2010_mn15_GTM.tif; coffee_features altitude p10–p90 → band ~1250–2000 m
Guatemala,GTM,Americas,15.589444444444375,-91.75222222222231,elevation_constrained_sample,0.5970350404312669,GMTED2010 clip gmted2010_mn15_GTM.tif; coffee_features altitude p10–p90 → band ~1250–2000 m
Guatemala,GTM,Americas,14.69777777777771,-90.16055555555565,elevation_constrained_sample,0.40970350404312667,GMTED2010 clip gmted2010_mn15_GTM.tif; coffee_features altitude p10–p90 → band ~1250–2000 m
Guatemala,GTM,Americas,14.92277777777771,-90.54805555555565,elevation_constrained_sample,0.15,GMTED2010 clip gmted2010_mn15_GTM.tif; coffee_features altitude p10–p90 → band ~1250–2000 m
Guatemala,GTM,Americas,15.814444444444376,-91.31055555555565,elevation_constrained_sample,0.5592991913746631,GMTED2010 clip gmted2010_mn15_GTM.tif; coffee_features altitude p10–p90 → band ~1250–2000 m
Guatemala,GTM,Americas,15.34777777777771,-90.40222222222232,elevation_constrained_sample,0.7654986522911051,GMTED2010 clip gmted2010_mn15_GTM.tif; coffee_features altitude p10–p90 → band ~1250–2000 m
Guatemala,GTM,Americas,14.106111111111044,-89.91888888888899,elevation_constrained_sample,0.15,GMTED2010 clip gmted2010_mn15_GTM.tif; coffee_features altitude p10–p90 → band ~1250–2000 m
Guatemala,GTM,Americas,14.618611111111043,-90.81055555555565,elevation_constrained_sample,0.6819407008086253,GMTED2010 clip gmted2010_mn15_GTM.tif; coffee_features altitude p10–p90 → band ~1250–2000 m
Guatemala,GTM,Americas,14.52277777777771,-90.33138888888898,elevation_constrained_sample,0.8180592991913747,GMTED2010 clip gmted2010_mn15_GTM.tif; coffee_features altitude p10–p90 → band ~1250–2000 m
Guatemala,GTM,Americas,15.164444444444376,-91.03138888888898,elevation_constrained_sample,0.6266846361185984,GMTED2010 clip gmted2010_mn15_GTM.tif; coffee_features altitude p10–p90 → band ~1250–2000 m
Guatemala,GTM,Americas,14.331111111111044,-90.24388888888899,elevation_constrained_sample,0.3450134770889488,GMTED2010 clip gmted2010_mn15_GTM.tif; coffee_features altitude p10–p90 → band ~1250–2000 m
Guatemala,GTM,Americas,14.626944444444376,-90.76055555555565,elevation_constrained_sample,0.7021563342318059,GMTED2010 clip gmted2010_mn15_GTM.tif; coffee_features altitude p10–p90 → band ~1250–2000 m
Guatemala,GTM,Americas,14.368611111111043,-89.98555555555565,elevation_constrained_sample,0.23180592991913745,GMTED2010 clip gmted2010_mn15_GTM.tif; coffee_features altitude p10–p90 → band ~1250–2000 m
Guatemala,GTM,Americas,14.464444444444377,-89.97722222222232,elevation_constrained_sample,0.20350404312668463,GMTED2010 clip gmted2010_mn15_GTM.tif; coffee_features altitude p10–p90 → band ~1250–2000 m
Guatemala,GTM,Americas,14.58527777777771,-90.48555555555565,elevation_constrained_sample,0.42452830188679247,GMTED2010 clip gmted2010_mn15_GTM.tif; coffee_features altitude p10–p90 → band ~1250–2000 m
Guatemala,GTM,Americas,15.389444444444376,-90.01888888888898,elevation_constrained_sample,0.578167115902965,GMTED2010 clip gmted2010_mn15_GTM.tif; coffee_features altitude p10–p90 → band ~1250–2000 m
Guatemala,GTM,Americas,14.79777777777771,-89.68972222222231,elevation_constrained_sample,0.22506738544474394,GMTED2010 clip gmted2010_mn15_GTM.tif; coffee_features altitude p10–p90 → band ~1250–2000 m
Guatemala,GTM,Americas,15.389444444444376,-90.48972222222231,elevation_constrained_sample,0.5404312668463612,GMTED2010 clip gmted2010_mn15_GTM.tif; coffee_features altitude p10–p90 → band ~1250–2000 m
Guatemala,GTM,Americas,14.606111111111044,-90.12305555555565,elevation_constrained_sample,0.761455525606469,GMTED2010 clip gmted2010_mn15_GTM.tif; coffee_features altitude p10–p90 → band ~1250–2000 m
Guatemala,GTM,Americas,15.164444444444376,-89.91888888888899,elevation_constrained_sample,0.4528301886792453,GMTED2010 clip gmted2010_mn15_GTM.tif; coffee_features altitude p10–p90 → band ~1250–2000 m
Guatemala,GTM,Americas,15.335277777777709,-91.03138888888898,elevation_constrained_sample,0.7911051212938005,GMTED2010 clip gmted2010_mn15_GTM.tif; coffee_features altitude p10–p90 → band ~1250–2000 m
Guatemala,GTM,Americas,15.939444444444376,-91.27722222222232,elevation_constrained_sample,0.15,GMTED2010 clip gmted2010_mn15_GTM.tif; coffee_features altitude p10–p90 → band ~1250–2000 m
Guatemala,GTM,Americas,15.176944444444377,-91.66055555555565,elevation_constrained_sample,0.9002695417789758,GMTED2010 clip gmted2010_mn15_GTM.tif; coffee_features altitude p10–p90 → band ~1250–2000 m
Guatemala,GTM,Americas,14.66027777777771,-91.08972222222232,elevation_constrained_sample,0.610512129380054,GMTED2010 clip gmted2010_mn15_GTM.tif; coffee_features altitude p10–p90 → band ~1250–2000 m
Guatemala,GTM,Americas,15.62277777777771,-90.14805555555566,elevation_constrained_sample,0.24797843665768193,GMTED2010 clip gmted2010_mn15_GTM.tif; coffee_features altitude p10–p90 → band ~1250–2000 m
Guatemala,GTM,Americas,15.393611111111042,-90.75222222222231,elevation_constrained_sample,0.15,GMTED2010 clip gmted2010_mn15_GTM.tif; coffee_features altitude p10–p90 → band ~1250–2000 m
Guatemala,GTM,Americas,14.789444444444376,-90.51888888888898,elevation_constrained_sample,0.15,GMTED2010 clip gmted2010_mn15_GTM.tif; coffee_features altitude p10–p90 → band ~1250–2000 m
Guatemala,GTM,Americas,14.568611111111043,-90.55222222222231,elevation_constrained_sample,0.2628032345013477,GMTED2010 clip gmted2010_mn15_GTM.tif; coffee_features altitude p10–p90 → band ~1250–2000 m
Guatemala,GTM,Americas,14.58527777777771,-89.21888888888898,elevation_constrained_sample,0.15,GMTED2010 clip gmted2010_mn15_GTM.tif; coffee_features altitude p10–p90 → band ~1250–2000 m
Guatemala,GTM,Americas,15.343611111111043,-89.98972222222231,elevation_constrained_sample,0.5835579514824798,GMTED2010 clip gmted2010_mn15_GTM.tif; coffee_features altitude p10–p90 → band ~1250–2000 m
Guatemala,GTM,Americas,15.835277777777709,-91.23972222222231,elevation_constrained_sample,0.15,GMTED2010 clip gmted2010_mn15_GTM.tif; coffee_features altitude p10–p90 → band ~1250–2000 m
Guatemala,GTM,Americas,14.76027777777771,-91.35222222222232,elevation_constrained_sample,0.6752021563342318,GMTED2010 clip gmted2010_mn15_GTM.tif; coffee_features altitude p10–p90 → band ~1250–2000 m
Guatemala,GTM,Americas,14.368611111111043,-90.21055555555566,elevation_constrained_sample,0.6091644204851752,GMTED2010 clip gmted2010_mn15_GTM.tif; coffee_features altitude p10–p90 → band ~1250–2000 m
Guatemala,GTM,Americas,15.226944444444376,-91.48972222222231,elevation_constrained_sample,0.6940700808625337,GMTED2010 clip gmted2010_mn15_GTM.tif; coffee_features altitude p10–p90 → band ~1250–2000 m
Guatemala,GTM,Americas,15.314444444444376,-91.18138888888899,elevation_constrained_sample,0.4919137466307278,GMTED2010 clip gmted2010_mn15_GTM.tif; coffee_features altitude p10–p90 → band ~1250–2000 m
Guatemala,GTM,Americas,15.489444444444375,-90.90222222222232,elevation_constrained_sample,0.7776280323450134,GMTED2010 clip gmted2010_mn15_GTM.tif; coffee_features altitude p10–p90 → band ~1250–2000 m
Guatemala,GTM,Americas,14.381111111111043,-90.15638888888898,elevation_constrained_sample,0.15,GMTED2010 clip gmted2010_mn15_GTM.tif; coffee_features altitude p10–p90 → band ~1250–2000 m
Guatemala,GTM,Americas,15.04777777777771,-90.52305555555566,elevation_constrained_sample,0.6994609164420486,GMTED2010 clip gmted2010_mn15_GTM.tif; coffee_features altitude p10–p90 → band ~1250–2000 m
Guatemala,GTM,Americas,14.493611111111043,-90.60638888888899,elevation_constrained_sample,0.18059299191374664,GMTED2010 clip gmted2010_mn15_GTM.tif; coffee_features altitude p10–p90 → band ~1250–2000 m
Guatemala,GTM,Americas,15.731111111111042,-91.61055555555565,elevation_constrained_sample,0.29110512129380056,GMTED2010 clip gmted2010_mn15_GTM.tif; coffee_features altitude p10–p90 → band ~1250–2000 m
Guatemala,GTM,Americas,15.326944444444376,-92.06472222222231,elevation_constrained_sample,0.77088948787062,GMTED2010 clip gmted2010_mn15_GTM.tif; coffee_features altitude p10–p90 → band ~1250–2000 m
Guatemala,GTM,Americas,14.476944444444376,-90.11888888888899,elevation_constrained_sample,0.8261455525606469,GMTED2010 clip gmted2010_mn15_GTM.tif; coffee_features altitude p10–p90 → band ~1250–2000 m
Guatemala,GTM,Americas,15.551944444444375,-90.93555555555565,elevation_constrained_sample,0.2574123989218329,GMTED2010 clip gmted2010_mn15_GTM.tif; coffee_features altitude p10–p90 → band ~1250–2000 m
Guatemala,GTM,Americas,15.397777777777709,-89.93138888888899,elevation_constrained_sample,0.48247978436657685,GMTED2010 clip gmted2010_mn15_GTM.tif; coffee_features altitude p10–p90 → band ~1250–2000 m
Guatemala,GTM,Americas,15.43527777777771,-91.98972222222231,elevation_constrained_sample,0.9568733153638814,GMTED2010 clip gmted2010_mn15_GTM.tif; coffee_features altitude p10–p90 → band ~1250–2000 m
Guatemala,GTM,Americas,14.656111111111043,-90.69388888888898,elevation_constrained_sample,0.839622641509434,GMTED2010 clip gmted2010_mn15_GTM.tif; coffee_features altitude p10–p90 → band ~1250–2000 m
Honduras,HND,Americas,13.956111111111053,-86.22305555555565,elevation_constrained_sample,0.8175,GMTED2010 clip gmted2010_mn15_HND.tif; coffee_features altitude p10–p90 → band ~1268–1674 m
Honduras,HND,Americas,14.947777777777718,-89.09388888888898,elevation_constrained_sample,0.15,GMTED2010 clip gmted2010_mn15_HND.tif; coffee_features altitude p10–p90 → band ~1268–1674 m
Honduras,HND,Americas,14.772777777777717,-87.46888888888898,elevation_constrained_sample,0.15,GMTED2010 clip gmted2010_mn15_HND.tif; coffee_features altitude p10–p90 → band ~1268–1674 m
Honduras,HND,Americas,14.593611111111052,-87.79805555555565,elevation_constrained_sample,0.15,GMTED2010 clip gmted2010_mn15_HND.tif; coffee_features altitude p10–p90 → band ~1268–1674 m
Honduras,HND,Americas,14.714444444444386,-89.00638888888898,elevation_constrained_sample,1.0,GMTED2010 clip gmted2010_mn15_HND.tif; coffee_features altitude p10–p90 → band ~1268–1674 m
Honduras,HND,Americas,14.772777777777717,-87.86888888888897,elevation_constrained_sample,0.15,GMTED2010 clip gmted2010_mn15_HND.tif; coffee_features altitude p10–p90 → band ~1268–1674 m
Honduras,HND,Americas,14.376944444444385,-87.35222222222231,elevation_constrained_sample,0.7875,GMTED2010 clip gmted2010_mn15_HND.tif; coffee_features altitude p10–p90 → band ~1268–1674 m
Honduras,HND,Americas,15.093611111111052,-86.64805555555564,elevation_constrained_sample,0.4125,GMTED2010 clip gmted2010_mn15_HND.tif; coffee_features altitude p10–p90 → band ~1268–1674 m
Honduras,HND,Americas,14.060277777777719,-87.80222222222231,elevation_constrained_sample,0.7325,GMTED2010 clip gmted2010_mn15_HND.tif; coffee_features altitude p10–p90 → band ~1268–1674 m
Honduras,HND,Americas,14.401944444444386,-87.47305555555565,elevation_constrained_sample,0.15,GMTED2010 clip gmted2010_mn15_HND.tif; coffee_features altitude p10–p90 → band ~1268–1674 m
Honduras,HND,Americas,15.418611111111051,-87.31472222222231,elevation_constrained_sample,0.15,GMTED2010 clip gmted2010_mn15_HND.tif; coffee_features altitude p10–p90 → band ~1268–1674 m
Honduras,HND,Americas,14.351944444444385,-88.10222222222231,elevation_constrained_sample,0.97,GMTED2010 clip gmted2010_mn15_HND.tif; coffee_features altitude p10–p90 → band ~1268–1674 m
Honduras,HND,Americas,14.764444444444385,-87.86888888888897,elevation_constrained_sample,0.435,GMTED2010 clip gmted2010_mn15_HND.tif; coffee_features altitude p10–p90 → band ~1268–1674 m
Honduras,HND,Americas,13.956111111111053,-87.28555555555565,elevation_constrained_sample,0.15,GMTED2010 clip gmted2010_mn15_HND.tif; coffee_features altitude p10–p90 → band ~1268–1674 m
Honduras,HND,Americas,14.385277777777718,-87.85222222222231,elevation_constrained_sample,0.88,GMTED2010 clip gmted2010_mn15_HND.tif; coffee_features altitude p10–p90 → band ~1268–1674 m
Honduras,HND,Americas,14.189444444444385,-87.41888888888899,elevation_constrained_sample,0.2075,GMTED2010 clip gmted2010_mn15_HND.tif; coffee_features altitude p10–p90 → band ~1268–1674 m
Honduras,HND,Americas,14.43111111111105,-88.40638888888898,elevation_constrained_sample,0.5325,GMTED2010 clip gmted2010_mn15_HND.tif; coffee_features altitude p10–p90 → band ~1268–1674 m
Honduras,HND,Americas,15.135277777777718,-85.70638888888898,elevation_constrained_sample,0.15,GMTED2010 clip gmted2010_mn15_HND.tif; coffee_features altitude p10–p90 → band ~1268–1674 m
Honduras,HND,Americas,14.468611111111052,-87.40222222222232,elevation_constrained_sample,0.475,GMTED2010 clip gmted2010_mn15_HND.tif; coffee_features altitude p10–p90 → band ~1268–1674 m
Honduras,HND,Americas,14.901944444444386,-87.10222222222231,elevation_constrained_sample,0.55,GMTED2010 clip gmted2010_mn15_HND.tif; coffee_features altitude p10–p90 → band ~1268–1674 m
Honduras,HND,Americas,14.422777777777718,-89.12722222222231,elevation_constrained_sample,0.845,GMTED2010 clip gmted2010_mn15_HND.tif; coffee_features altitude p10–p90 → band ~1268–1674 m
Honduras,HND,Americas,14.547777777777718,-88.15638888888898,elevation_constrained_sample,0.935,GMTED2010 clip gmted2010_mn15_HND.tif; coffee_features altitude p10–p90 → band ~1268–1674 m
Honduras,HND,Americas,14.026944444444386,-87.55638888888897,elevation_constrained_sample,0.15,GMTED2010 clip gmted2010_mn15_HND.tif; coffee_features altitude p10–p90 → band ~1268–1674 m
Honduras,HND,Americas,14.339444444444386,-86.88138888888898,elevation_constrained_sample,0.2275,GMTED2010 clip gmted2010_mn15_HND.tif; coffee_features altitude p10–p90 → band ~1268–1674 m
Honduras,HND,Americas,14.301944444444384,-88.33555555555564,elevation_constrained_sample,0.15,GMTED2010 clip gmted2010_mn15_HND.tif; coffee_features altitude p10–p90 → band ~1268–1674 m
Honduras,HND,Americas,15.36861111111105,-85.47722222222231,elevation_constrained_sample,0.6075,GMTED2010 clip gmted2010_mn15_HND.tif; coffee_features altitude p10–p90 → band ~1268–1674 m
Honduras,HND,Americas,14.118611111111052,-87.23972222222231,elevation_constrained_sample,0.15,GMTED2010 clip gmted2010_mn15_HND.tif; coffee_features altitude p10–p90 → band ~1268–1674 m
Honduras,HND,Americas,15.335277777777717,-85.53555555555565,elevation_constrained_sample,0.76,GMTED2010 clip gmted2010_mn15_HND.tif; coffee_features altitude p10–p90 → band ~1268–1674 m
Honduras,HND,Americas,14.68111111111105,-86.41055555555565,elevation_constrained_sample,0.7025,GMTED2010 clip gmted2010_mn15_HND.tif; coffee_features altitude p10–p90 → band ~1268–1674 m
Honduras,HND,Americas,14.843611111111052,-87.87722222222231,elevation_constrained_sample,0.2275,GMTED2010 clip gmted2010_mn15_HND.tif; coffee_features altitude p10–p90 → band ~1268–1674 m
Honduras,HND,Americas,14.193611111111052,-87.05222222222231,elevation_constrained_sample,0.5275,GMTED2010 clip gmted2010_mn15_HND.tif; coffee_features altitude p10–p90 → band ~1268–1674 m
Honduras,HND,Americas,14.106111111111051,-88.14805555555564,elevation_constrained_sample,0.3325,GMTED2010 clip gmted2010_mn15_HND.tif; coffee_features altitude p10–p90 → band ~1268–1674 m
Honduras,HND,Americas,14.46027777777772,-87.89805555555564,elevation_constrained_sample,0.44,GMTED2010 clip gmted2010_mn15_HND.tif; coffee_features altitude p10–p90 → band ~1268–1674 m
Honduras,HND,Americas,14.447777777777718,-88.76055555555564,elevation_constrained_sample,0.79,GMTED2010 clip gmted2010_mn15_HND.tif; coffee_features altitude p10–p90 → band ~1268–1674 m
Honduras,HND,Americas,14.656111111111052,-87.89388888888898,elevation_constrained_sample,0.28,GMTED2010 clip gmted2010_mn15_HND.tif; coffee_features altitude p10–p90 → band ~1268–1674 m
Honduras,HND,Americas,14.439444444444385,-88.26472222222232,elevation_constrained_sample,0.8725,GMTED2010 clip gmted2010_mn15_HND.tif; coffee_features altitude p10–p90 → band ~1268–1674 m
Honduras,HND,Americas,14.99361111111105,-86.31888888888898,elevation_constrained_sample,0.15,GMTED2010 clip gmted2010_mn15_HND.tif; coffee_features altitude p10–p90 → band ~1268–1674 m
Honduras,HND,Americas,14.226944444444385,-88.61055555555565,elevation_constrained_sample,0.15,GMTED2010 clip gmted2010_mn15_HND.tif; coffee_features altitude p10–p90 → band ~1268–1674 m
Honduras,HND,Americas,15.085277777777717,-86.63138888888898,elevation_constrained_sample,0.15,GMTED2010 clip gmted2010_mn15_HND.tif; coffee_features altitude p10–p90 → band ~1268–1674 m
Honduras,HND,Americas,14.481111111111051,-88.09805555555565,elevation_constrained_sample,0.5225,GMTED2010 clip gmted2010_mn15_HND.tif; coffee_features altitude p10–p90 → band ~1268–1674 m
Honduras,HND,Americas,14.935277777777717,-86.13972222222232,elevation_constrained_sample,0.15,GMTED2010 clip gmted2010_mn15_HND.tif; coffee_features altitude p10–p90 → band ~1268–1674 m
Honduras,HND,Americas,14.068611111111052,-87.13555555555565,elevation_constrained_sample,0.24,GMTED2010 clip gmted2010_mn15_HND.tif; coffee_features altitude p10–p90 → band ~1268–1674 m
Honduras,HND,Americas,14.064444444444385,-87.61888888888897,elevation_constrained_sample,0.5375,GMTED2010 clip gmted2010_mn15_HND.tif; coffee_features altitude p10–p90 → band ~1268–1674 m
Honduras,HND,Americas,15.422777777777718,-85.46888888888898,elevation_constrained_sample,0.15,GMTED2010 clip gmted2010_mn15_HND.tif; coffee_features altitude p10–p90 → band ~1268–1674 m
Honduras,HND,Americas,14.135277777777718,-87.09388888888898,elevation_constrained_sample,0.605,GMTED2010 clip gmted2010_mn15_HND.tif; coffee_features altitude p10–p90 → band ~1268–1674 m
Honduras,HND,Americas,15.501944444444383,-87.31055555555565,elevation_constrained_sample,0.44,GMTED2010 clip gmted2010_mn15_HND.tif; coffee_features altitude p10–p90 → band ~1268–1674 m
Honduras,HND,Americas,14.351944444444385,-88.52305555555564,elevation_constrained_sample,0.58,GMTED2010 clip gmted2010_mn15_HND.tif; coffee_features altitude p10–p90 → band ~1268–1674 m
Honduras,HND,Americas,14.864444444444384,-86.04388888888899,elevation_constrained_sample,0.205,GMTED2010 clip gmted2010_mn15_HND.tif; coffee_features altitude p10–p90 → band ~1268–1674 m
Honduras,HND,Americas,14.485277777777718,-87.93138888888897,elevation_constrained_sample,0.605,GMTED2010 clip gmted2010_mn15_HND.tif; coffee_features altitude p10–p90 → band ~1268–1674 m
Honduras,HND,Americas,14.39777777777772,-88.36472222222231,elevation_constrained_sample,0.6425,GMTED2010 clip gmted2010_mn15_HND.tif; coffee_features altitude p10–p90 → band ~1268–1674 m
Honduras,HND,Americas,14.131111111111052,-87.60222222222231,elevation_constrained_sample,0.905,GMTED2010 clip gmted2010_mn15_HND.tif; coffee_features altitude p10–p90 → band ~1268–1674 m
Honduras,HND,Americas,15.485277777777718,-87.36472222222231,elevation_constrained_sample,0.15,GMTED2010 clip gmted2010_mn15_HND.tif; coffee_features altitude p10–p90 → band ~1268–1674 m
Honduras,HND,Americas,14.697777777777718,-87.81888888888898,elevation_constrained_sample,0.215,GMTED2010 clip gmted2010_mn15_HND.tif; coffee_features altitude p10–p90 → band ~1268–1674 m
Honduras,HND,Americas,14.310277777777719,-88.78555555555565,elevation_constrained_sample,0.21,GMTED2010 clip gmted2010_mn15_HND.tif; coffee_features altitude p10–p90 → band ~1268–1674 m
Honduras,HND,Americas,14.564444444444385,-88.28555555555565,elevation_constrained_sample,0.485,GMTED2010 clip gmted2010_mn15_HND.tif; coffee_features altitude p10–p90 → band ~1268–1674 m
Honduras,HND,Americas,14.36861111111105,-87.75638888888898,elevation_constrained_sample,0.4125,GMTED2010 clip gmted2010_mn15_HND.tif; coffee_features altitude p10–p90 → band ~1268–1674 m
Honduras,HND,Americas,15.156111111111052,-88.90222222222232,elevation_constrained_sample,0.3325,GMTED2010 clip gmted2010_mn15_HND.tif; coffee_features altitude p10–p90 → band ~1268–1674 m
Honduras,HND,Americas,15.047777777777718,-87.33555555555564,elevation_constrained_sample,0.5975,GMTED2010 clip gmted2010_mn15_HND.tif; coffee_features altitude p10–p90 → band ~1268–1674 m
Honduras,HND,Americas,14.43111111111105,-88.59805555555565,elevation_constrained_sample,0.2425,GMTED2010 clip gmted2010_mn15_HND.tif; coffee_features altitude p10–p90 → band ~1268–1674 m
Honduras,HND,Americas,13.810277777777719,-86.95222222222232,elevation_constrained_sample,0.5025,GMTED2010 clip gmted2010_mn15_HND.tif; coffee_features altitude p10–p90 → band ~1268–1674 m
Honduras,HND,Americas,14.193611111111052,-88.22722222222231,elevation_constrained_sample,0.9075,GMTED2010 clip gmted2010_mn15_HND.tif; coffee_features altitude p10–p90 → band ~1268–1674 m
Honduras,HND,Americas,14.281111111111052,-88.31055555555565,elevation_constrained_sample,0.7925,GMTED2010 clip gmted2010_mn15_HND.tif; coffee_features altitude p10–p90 → band ~1268–1674 m
Honduras,HND,Americas,15.214444444444384,-85.58555555555564,elevation_constrained_sample,0.15,GMTED2010 clip gmted2010_mn15_HND.tif; coffee_features altitude p10–p90 → band ~1268–1674 m
Honduras,HND,Americas,14.322777777777718,-87.41055555555565,elevation_constrained_sample,0.4725,GMTED2010 clip gmted2010_mn15_HND.tif; coffee_features altitude p10–p90 → band ~1268–1674 m
Honduras,HND,Americas,14.576944444444385,-89.10638888888899,elevation_constrained_sample,0.77,GMTED2010 clip gmted2010_mn15_HND.tif; coffee_features altitude p10–p90 → band ~1268–1674 m
Honduras,HND,Americas,13.856111111111051,-86.97305555555565,elevation_constrained_sample,0.44,GMTED2010 clip gmted2010_mn15_HND.tif; coffee_features altitude p10–p90 → band ~1268–1674 m
Honduras,HND,Americas,14.422777777777718,-87.35222222222231,elevation_constrained_sample,0.8075,GMTED2010 clip gmted2010_mn15_HND.tif; coffee_features altitude p10–p90 → band ~1268–1674 m
Honduras,HND,Americas,14.801944444444384,-88.52305555555564,elevation_constrained_sample,0.2575,GMTED2010 clip gmted2010_mn15_HND.tif; coffee_features altitude p10–p90 → band ~1268–1674 m
Honduras,HND,Americas,13.906111111111052,-86.91055555555565,elevation_constrained_sample,0.195,GMTED2010 clip gmted2010_mn15_HND.tif; coffee_features altitude p10–p90 → band ~1268–1674 m
Honduras,HND,Americas,14.001944444444385,-87.89388888888898,elevation_constrained_sample,0.49,GMTED2010 clip gmted2010_mn15_HND.tif; coffee_features altitude p10–p90 → band ~1268–1674 m
Honduras,HND,Americas,14.351944444444385,-86.82722222222232,elevation_constrained_sample,0.4775,GMTED2010 clip gmted2010_mn15_HND.tif; coffee_features altitude p10–p90 → band ~1268–1674 m
Honduras,HND,Americas,14.285277777777718,-88.96055555555564,elevation_constrained_sample,0.15,GMTED2010 clip gmted2010_mn15_HND.tif; coffee_features altitude p10–p90 → band ~1268–1674 m
Honduras,HND,Americas,14.376944444444385,-87.32305555555565,elevation_constrained_sample,0.4675,GMTED2010 clip gmted2010_mn15_HND.tif; coffee_features altitude p10–p90 → band ~1268–1674 m
Honduras,HND,Americas,14.051944444444384,-87.34388888888898,elevation_constrained_sample,0.5175,GMTED2010 clip gmted2010_mn15_HND.tif; coffee_features altitude p10–p90 → band ~1268–1674 m
Honduras,HND,Americas,14.61861111111105,-88.79388888888899,elevation_constrained_sample,0.32,GMTED2010 clip gmted2010_mn15_HND.tif; coffee_features altitude p10–p90 → band ~1268–1674 m
Honduras,HND,Americas,14.764444444444385,-88.99805555555565,elevation_constrained_sample,0.165,GMTED2010 clip gmted2010_mn15_HND.tif; coffee_features altitude p10–p90 → band ~1268–1674 m
Honduras,HND,Americas,14.326944444444385,-88.69805555555564,elevation_constrained_sample,0.15,GMTED2010 clip gmted2010_mn15_HND.tif; coffee_features altitude p10–p90 → band ~1268–1674 m
Honduras,HND,Americas,14.089444444444386,-87.13138888888898,elevation_constrained_sample,0.17,GMTED2010 clip gmted2010_mn15_HND.tif; coffee_features altitude p10–p90 → band ~1268–1674 m
Honduras,HND,Americas,14.901944444444386,-88.09388888888898,elevation_constrained_sample,0.8,GMTED2010 clip gmted2010_mn15_HND.tif; coffee_features altitude p10–p90 → band ~1268–1674 m
Honduras,HND,Americas,14.572777777777718,-89.07722222222232,elevation_constrained_sample,0.15,GMTED2010 clip gmted2010_mn15_HND.tif; coffee_features altitude p10–p90 → band ~1268–1674 m
Indonesia,IDN,Asia-Pacific,4.089444444444381,97.63527777777756,elevation_constrained_sample,0.15,GMTED2010 clip gmted2010_mn15_IDN.tif; coffee_features altitude p10–p90 → band ~1120–1440 m
Indonesia,IDN,Asia-Pacific,1.3977777777777165,114.6894444444442,elevation_constrained_sample,0.4290322580645161,GMTED2010 clip gmted2010_mn15_IDN.tif; coffee_features altitude p10–p90 → band ~1120–1440 m
Indonesia,IDN,Asia-Pacific,0.2102777777777174,113.11444444444422,elevation_constrained_sample,0.15,GMTED2010 clip gmted2010_mn15_IDN.tif; coffee_features altitude p10–p90 → band ~1120–1440 m
Indonesia,IDN,Asia-Pacific,4.993611111111047,96.06444444444422,elevation_constrained_sample,1.0,GMTED2010 clip gmted2010_mn15_IDN.tif; coffee_features altitude p10–p90 → band ~1120–1440 m
Indonesia,IDN,Asia-Pacific,0.5144444444443836,123.6144444444442,elevation_constrained_sample,0.15,GMTED2010 clip gmted2010_mn15_IDN.tif; coffee_features altitude p10–p90 → band ~1120–1440 m
Indonesia,IDN,Asia-Pacific,-2.2438888888889483,119.96861111111087,elevation_constrained_sample,0.23548387096774193,GMTED2010 clip gmted2010_mn15_IDN.tif; coffee_features altitude p10–p90 → band ~1120–1440 m
Indonesia,IDN,Asia-Pacific,4.851944444444381,96.51861111111089,elevation_constrained_sample,0.5193548387096775,GMTED2010 clip gmted2010_mn15_IDN.tif; coffee_features altitude p10–p90 → band ~1120–1440 m
Indonesia,IDN,Asia-Pacific,-4.293888888888947,140.15611111111087,elevation_constrained_sample,0.21935483870967742,GMTED2010 clip gmted2010_mn15_IDN.tif; coffee_features altitude p10–p90 → band ~1120–1440 m
Indonesia,IDN,Asia-Pacific,-1.189722222222282,133.31861111111087,elevation_constrained_sample,0.5967741935483871,GMTED2010 clip gmted2010_mn15_IDN.tif; coffee_features altitude p10–p90 → band ~1120–1440 m
Indonesia,IDN,Asia-Pacific,-9.593888888888943,123.9269444444442,elevation_constrained_sample,0.15,GMTED2010 clip gmted2010_mn15_IDN.tif; coffee_features altitude p10–p90 → band ~1120–1440 m
Indonesia,IDN,Asia-Pacific,-1.9605555555556151,101.62694444444422,elevation_constrained_sample,0.15,GMTED2010 clip gmted2010_mn15_IDN.tif; coffee_features altitude p10–p90 → band ~1120–1440 m
Indonesia,IDN,Asia-Pacific,0.7102777777777165,113.84777777777754,elevation_constrained_sample,0.22903225806451613,GMTED2010 clip gmted2010_mn15_IDN.tif; coffee_features altitude p10–p90 → band ~1120–1440 m
Indonesia,IDN,Asia-Pacific,-1.5147222222222814,121.56861111111087,elevation_constrained_sample,0.15,GMTED2010 clip gmted2010_mn15_IDN.tif; coffee_features altitude p10–p90 → band ~1120–1440 m
Indonesia,IDN,Asia-Pacific,-4.21472222222228,135.61027777777753,elevation_constrained_sample,0.4,GMTED2010 clip gmted2010_mn15_IDN.tif; coffee_features altitude p10–p90 → band ~1120–1440 m
Indonesia,IDN,Asia-Pacific,-3.7772222222222798,135.76027777777753,elevation_constrained_sample,0.4290322580645161,GMTED2010 clip gmted2010_mn15_IDN.tif; coffee_features altitude p10–p90 → band ~1120–1440 m
Indonesia,IDN,Asia-Pacific,1.1477777777777165,124.76444444444421,elevation_constrained_sample,0.3967741935483871,GMTED2010 clip gmted2010_mn15_IDN.tif; coffee_features altitude p10–p90 → band ~1120–1440 m
Indonesia,IDN,Asia-Pacific,-8.84805555555561,121.03111111111087,elevation_constrained_sample,0.5838709677419355,GMTED2010 clip gmted2010_mn15_IDN.tif; coffee_features altitude p10–p90 → band ~1120–1440 m
Indonesia,IDN,Asia-Pacific,1.3102777777777161,114.59777777777754,elevation_constrained_sample,0.5774193548387097,GMTED2010 clip gmted2010_mn15_IDN.tif; coffee_features altitude p10–p90 → band ~1120–1440 m
Indonesia,IDN,Asia-Pacific,-1.3938888888889487,121.64777777777755,elevation_constrained_sample,0.33225806451612905,GMTED2010 clip gmted2010_mn15_IDN.tif; coffee_features altitude p10–p90 → band ~1120–1440 m
Indonesia,IDN,Asia-Pacific,-1.7022222222222814,119.86861111111088,elevation_constrained_sample,0.9580645161290322,GMTED2010 clip gmted2010_mn15_IDN.tif; coffee_features altitude p10–p90 → band ~1120–1440 m
Indonesia,IDN,Asia-Pacific,-1.5147222222222814,121.3519444444442,elevation_constrained_sample,0.6967741935483871,GMTED2010 clip gmted2010_mn15_IDN.tif; coffee_features altitude p10–p90 → band ~1120–1440 m
Indonesia,IDN,Asia-Pacific,1.881111111111049,116.14777777777755,elevation_constrained_sample,0.5,GMTED2010 clip gmted2010_mn15_IDN.tif; coffee_features altitude p10–p90 → band ~1120–1440 m
Indonesia,IDN,Asia-Pacific,1.9894444444443828,99.22694444444423,elevation_constrained_sample,0.2709677419354839,GMTED2010 clip gmted2010_mn15_IDN.tif; coffee_features altitude p10–p90 → band ~1120–1440 m
Indonesia,IDN,Asia-Pacific,-1.564722222222282,120.55194444444422,elevation_constrained_sample,0.15,GMTED2010 clip gmted2010_mn15_IDN.tif; coffee_features altitude p10–p90 → band ~1120–1440 m
Indonesia,IDN,Asia-Pacific,3.8269444444443814,115.61861111111088,elevation_constrained_sample,0.34516129032258064,GMTED2010 clip gmted2010_mn15_IDN.tif; coffee_features altitude p10–p90 → band ~1120–1440 m
Indonesia,IDN,Asia-Pacific,3.276944444444382,115.51444444444421,elevation_constrained_sample,0.8387096774193549,GMTED2010 clip gmted2010_mn15_IDN.tif; coffee_features altitude p10–p90 → band ~1120–1440 m
Indonesia,IDN,Asia-Pacific,-0.9313888888889492,122.71027777777755,elevation_constrained_sample,0.15,GMTED2010 clip gmted2010_mn15_IDN.tif; coffee_features altitude p10–p90 → band ~1120–1440 m
Indonesia,IDN,Asia-Pacific,-4.673055555555614,139.68527777777751,elevation_constrained_sample,0.5193548387096775,GMTED2010 clip gmted2010_mn15_IDN.tif; coffee_features altitude p10–p90 → band ~1120–1440 m
Indonesia,IDN,Asia-Pacific,-3.4313888888889466,121.49777777777754,elevation_constrained_sample,0.34516129032258064,GMTED2010 clip gmted2010_mn15_IDN.tif; coffee_features altitude p10–p90 → band ~1120–1440 m
Indonesia,IDN,Asia-Pacific,-2.4647222222222815,101.72694444444421,elevation_constrained_sample,0.3774193548387097,GMTED2010 clip gmted2010_mn15_IDN.tif; coffee_features altitude p10–p90 → band ~1120–1440 m
Indonesia,IDN,Asia-Pacific,-5.502222222222279,105.10611111111089,elevation_constrained_sample,0.7870967741935484,GMTED2010 clip gmted2010_mn15_IDN.tif; coffee_features altitude p10–p90 → band ~1120–1440 m
Indonesia,IDN,Asia-Pacific,-1.2897222222222817,119.7269444444442,elevation_constrained_sample,0.29354838709677417,GMTED2010 clip gmted2010_mn15_IDN.tif; coffee_features altitude p10–p90 → band ~1120–1440 m
Indonesia,IDN,Asia-Pacific,-2.585555555555615,101.83527777777755,elevation_constrained_sample,0.5193548387096775,GMTED2010 clip gmted2010_mn15_IDN.tif; coffee_features altitude p10–p90 → band ~1120–1440 m
Indonesia,IDN,Asia-Pacific,2.4852777777777155,116.23111111111088,elevation_constrained_sample,0.15,GMTED2010 clip gmted2010_mn15_IDN.tif; coffee_features altitude p10–p90 → band ~1120–1440 m
Indonesia,IDN,Asia-Pacific,2.135277777777716,99.17694444444422,elevation_constrained_sample,0.932258064516129,GMTED2010 clip gmted2010_mn15_IDN.tif; coffee_features altitude p10–p90 → band ~1120–1440 m
Indonesia,IDN,Asia-Pacific,-2.3813888888889476,119.93527777777754,elevation_constrained_sample,0.6,GMTED2010 clip gmted2010_mn15_IDN.tif; coffee_features altitude p10–p90 → band ~1120–1440 m
Indonesia,IDN,Asia-Pacific,1.5977777777777158,99.36444444444422,elevation_constrained_sample,0.15,GMTED2010 clip gmted2010_mn15_IDN.tif; coffee_features altitude p10–p90 → band ~1120–1440 m
Indonesia,IDN,Asia-Pacific,-4.310555555555613,140.2019444444442,elevation_constrained_sample,0.22258064516129034,GMTED2010 clip gmted2010_mn15_IDN.tif; coffee_features altitude p10–p90 → band ~1120–1440 m
Indonesia,IDN,Asia-Pacific,0.7436111111110497,123.25611111111087,elevation_constrained_sample,0.7387096774193549,GMTED2010 clip gmted2010_mn15_IDN.tif; coffee_features altitude p10–p90 → band ~1120–1440 m
Indonesia,IDN,Asia-Pacific,-7.164722222222279,107.24361111111088,elevation_constrained_sample,0.3967741935483871,GMTED2010 clip gmted2010_mn15_IDN.tif; coffee_features altitude p10–p90 → band ~1120–1440 m
Indonesia,IDN,Asia-Pacific,1.0769444444443836,114.40194444444421,elevation_constrained_sample,0.632258064516129,GMTED2010 clip gmted2010_mn15_IDN.tif; coffee_features altitude p10–p90 → band ~1120–1440 m
Indonesia,IDN,Asia-Pacific,-4.23972222222228,140.1394444444442,elevation_constrained_sample,0.6838709677419355,GMTED2010 clip gmted2010_mn15_IDN.tif; coffee_features altitude p10–p90 → band ~1120–1440 m
Indonesia,IDN,Asia-Pacific,-3.081388888888947,119.68111111111088,elevation_constrained_sample,0.635483870967742,GMTED2010 clip gmted2010_mn15_IDN.tif; coffee_features altitude p10–p90 → band ~1120–1440 m
Indonesia,IDN,Asia-Pacific,-4.235555555555614,135.78527777777754,elevation_constrained_sample,0.7870967741935484,GMTED2010 clip gmted2010_mn15_IDN.tif; coffee_features altitude p10–p90 → band ~1120–1440 m
Indonesia,IDN,Asia-Pacific,-2.3605555555556137,119.94777777777755,elevation_constrained_sample,0.15,GMTED2010 clip gmted2010_mn15_IDN.tif; coffee_features altitude p10–p90 → band ~1120–1440 m
Indonesia,IDN,Asia-Pacific,2.9852777777777155,115.26444444444421,elevation_constrained_sample,0.7064516129032258,GMTED2010 clip gmted2010_mn15_IDN.tif; coffee_features altitude p10–p90 → band ~1120–1440 m
Indonesia,IDN,Asia-Pacific,-3.3355555555556133,119.49361111111088,elevation_constrained_sample,0.15,GMTED2010 clip gmted2010_mn15_IDN.tif; coffee_features altitude p10–p90 → band ~1120–1440 m
Indonesia,IDN,Asia-Pacific,1.0561111111110497,114.32694444444421,elevation_constrained_sample,0.6096774193548387,GMTED2010 clip gmted2010_mn15_IDN.tif; coffee_features altitude p10–p90 → band ~1120–1440 m
Indonesia,IDN,Asia-Pacific,-3.5355555555556144,137.5144444444442,elevation_constrained_sample,0.4645161290322581,GMTED2010 clip gmted2010_mn15_IDN.tif; coffee_features altitude p10–p90 → band ~1120–1440 m
Indonesia,IDN,Asia-Pacific,-1.1397222222222823,133.16027777777754,elevation_constrained_sample,0.635483870967742,GMTED2010 clip gmted2010_mn15_IDN.tif; coffee_features altitude p10–p90 → band ~1120–1440 m
Indonesia,IDN,Asia-Pacific,-0.21472222222228243,100.1811111111109,elevation_constrained_sample,0.15,GMTED2010 clip gmted2010_mn15_IDN.tif; coffee_features altitude p10–p90 → band ~1120–1440 m
Indonesia,IDN,Asia-Pacific,2.714444444444382,116.38944444444421,elevation_constrained_sample,0.8096774193548387,GMTED2010 clip gmted2010_mn15_IDN.tif; coffee_features altitude p10–p90 → band ~1120–1440 m
Indonesia,IDN,Asia-Pacific,4.639444444444381,96.87277777777756,elevation_constrained_sample,0.36774193548387096,GMTED2010 clip gmted2010_mn15_IDN.tif; coffee_features altitude p10–p90 → band ~1120–1440 m
Indonesia,IDN,Asia-Pacific,-3.343888888888948,102.41861111111089,elevation_constrained_sample,0.15,GMTED2010 clip gmted2010_mn15_IDN.tif; coffee_features altitude p10–p90 → band ~1120–1440 m
Indonesia,IDN,Asia-Pacific,-7.118888888888945,107.58527777777755,elevation_constrained_sample,0.2806451612903226,GMTED2010 clip gmted2010_mn15_IDN.tif; coffee_features altitude p10–p90 → band ~1120–1440 m
Indonesia,IDN,Asia-Pacific,1.776944444444383,115.26027777777755,elevation_constrained_sample,0.15,GMTED2010 clip gmted2010_mn15_IDN.tif; coffee_features altitude p10–p90 → band ~1120–1440 m
Indonesia,IDN,Asia-Pacific,-1.781388888888948,101.19361111111088,elevation_constrained_sample,0.9516129032258065,GMTED2010 clip gmted2010_mn15_IDN.tif; coffee_features altitude p10–p90 → band ~1120–1440 m
Indonesia,IDN,Asia-Pacific,-1.2105555555556151,134.08111111111086,elevation_constrained_sample,0.21935483870967742,GMTED2010 clip gmted2010_mn15_IDN.tif; coffee_features altitude p10–p90 → band ~1120–1440 m
Indonesia,IDN,Asia-Pacific,-1.9522222222222814,119.89777777777755,elevation_constrained_sample,0.8161290322580645,GMTED2010 clip gmted2010_mn15_IDN.tif; coffee_features altitude p10–p90 → band ~1120–1440 m
Indonesia,IDN,Asia-Pacific,3.485277777777715,115.95194444444421,elevation_constrained_sample,0.15,GMTED2010 clip gmted2010_mn15_IDN.tif; coffee_features altitude p10–p90 → band ~1120–1440 m
Indonesia,IDN,Asia-Pacific,1.08111111111105,113.91444444444421,elevation_constrained_sample,0.38387096774193546,GMTED2010 clip gmted2010_mn15_IDN.tif; coffee_features altitude p10–p90 → band ~1120–1440 m
Indonesia,IDN,Asia-Pacific,-1.2438888888889483,119.71861111111087,elevation_constrained_sample,0.9419354838709677,GMTED2010 clip gmted2010_mn15_IDN.tif; coffee_features altitude p10–p90 → band ~1120–1440 m
Indonesia,IDN,Asia-Pacific,-0.6772222222222819,132.2894444444442,elevation_constrained_sample,0.7741935483870968,GMTED2010 clip gmted2010_mn15_IDN.tif; coffee_features altitude p10–p90 → band ~1120–1440 m
Indonesia,IDN,Asia-Pacific,-2.198055555555614,119.9394444444442,elevation_constrained_sample,0.15,GMTED2010 clip gmted2010_mn15_IDN.tif; coffee_features altitude p10–p90 → band ~1120–1440 m
Indonesia,IDN,Asia-Pacific,-2.9022222222222815,119.20194444444421,elevation_constrained_sample,0.8709677419354839,GMTED2010 clip gmted2010_mn15_IDN.tif; coffee_features altitude p10–p90 → band ~1120–1440 m
Indonesia,IDN,Asia-Pacific,-1.9188888888889482,101.13944444444422,elevation_constrained_sample,0.6064516129032258,GMTED2010 clip gmted2010_mn15_IDN.tif; coffee_features altitude p10–p90 → band ~1120–1440 m
Indonesia,IDN,Asia-Pacific,-0.4105555555556162,100.28944444444423,elevation_constrained_sample,0.15,GMTED2010 clip gmted2010_mn15_IDN.tif; coffee_features altitude p10–p90 → band ~1120–1440 m
Indonesia,IDN,Asia-Pacific,4.968611111111048,96.0686111111109,elevation_constrained_sample,0.43870967741935485,GMTED2010 clip gmted2010_mn15_IDN.tif; coffee_features altitude p10–p90 → band ~1120–1440 m
Indonesia,IDN,Asia-Pacific,-4.281388888888946,140.20611111111086,elevation_constrained_sample,0.5741935483870968,GMTED2010 clip gmted2010_mn15_IDN.tif; coffee_features altitude p10–p90 → band ~1120–1440 m
Indonesia,IDN,Asia-Pacific,4.689444444444381,96.44777777777756,elevation_constrained_sample,0.1870967741935484,GMTED2010 clip gmted2010_mn15_IDN.tif; coffee_features altitude p10–p90 → band ~1120–1440 m
Indonesia,IDN,Asia-Pacific,-3.0980555555556144,102.46027777777755,elevation_constrained_sample,0.7612903225806451,GMTED2010 clip gmted2010_mn15_IDN.tif; coffee_features altitude p10–p90 → band ~1120–1440 m
Indonesia,IDN,Asia-Pacific,-3.5772222222222805,121.0394444444442,elevation_constrained_sample,0.5193548387096775,GMTED2010 clip gmted2010_mn15_IDN.tif; coffee_features altitude p10–p90 → band ~1120–1440 m
Indonesia,IDN,Asia-Pacific,2.518611111111049,98.92694444444422,elevation_constrained_sample,0.532258064516129,GMTED2010 clip gmted2010_mn15_IDN.tif; coffee_features altitude p10–p90 → band ~1120–1440 m
Indonesia,IDN,Asia-Pacific,0.5769444444443836,114.31861111111088,elevation_constrained_sample,0.2129032258064516,GMTED2010 clip gmted2010_mn15_IDN.tif; coffee_features altitude p10–p90 → band ~1120–1440 m
Indonesia,IDN,Asia-Pacific,2.6602777777777153,98.37277777777756,elevation_constrained_sample,0.8354838709677419,GMTED2010 clip gmted2010_mn15_IDN.tif; coffee_features altitude p10–p90 → band ~1120–1440 m
Indonesia,IDN,Asia-Pacific,-2.093888888888948,120.24777777777754,elevation_constrained_sample,0.15,GMTED2010 clip gmted2010_mn15_IDN.tif; coffee_features altitude p10–p90 → band ~1120–1440 m
Indonesia,IDN,Asia-Pacific,0.43527777777771703,123.63111111111087,elevation_constrained_sample,0.7387096774193549,GMTED2010 clip gmted2010_mn15_IDN.tif; coffee_features altitude p10–p90 → band ~1120–1440 m
Indonesia,IDN,Asia-Pacific,-4.268888888888947,103.58111111111089,elevation_constrained_sample,0.5548387096774193,GMTED2010 clip gmted2010_mn15_IDN.tif; coffee_features altitude p10–p90 → band ~1120–1440 m
Indonesia,IDN,Asia-Pacific,1.422777777777716,115.55611111111088,elevation_constrained_sample,0.635483870967742,GMTED2010 clip gmted2010_mn15_IDN.tif; coffee_features altitude p10–p90 → band ~1120–1440 m
Indonesia,IDN,Asia-Pacific,-6.814722222222278,107.81861111111088,elevation_constrained_sample,0.832258064516129,GMTED2010 clip gmted2010_mn15_IDN.tif; coffee_features altitude p10–p90 → band ~1120–1440 m
Kenya,KEN,Africa,-1.2522222222222723,35.70194444444428,elevation_constrained_sample,0.9119496855345912,GMTED2010 clip gmted2010_mn15_KEN.tif; few altitude samples (n=2); min–max padded band
Kenya,KEN,Africa,-0.5897222222222727,35.056111111110944,elevation_constrained_sample,0.839622641509434,GMTED2010 clip gmted2010_mn15_KEN.tif; few altitude samples (n=2); min–max padded band
Kenya,KEN,Africa,-1.227222222222272,35.16444444444428,elevation_constrained_sample,0.36163522012578614,GMTED2010 clip gmted2010_mn15_KEN.tif; few altitude samples (n=2); min–max padded band
Kenya,KEN,Africa,-0.3188888888889396,36.968611111110945,elevation_constrained_sample,0.9150943396226415,GMTED2010 clip gmted2010_mn15_KEN.tif; few altitude samples (n=2); min–max padded band
Kenya,KEN,Africa,-1.081388888888939,36.87694444444428,elevation_constrained_sample,0.2641509433962264,GMTED2010 clip gmted2010_mn15_KEN.tif; few altitude samples (n=2); min–max padded band
Kenya,KEN,Africa,-1.2605555555556052,35.69777777777761,elevation_constrained_sample,0.9182389937106918,GMTED2010 clip gmted2010_mn15_KEN.tif; few altitude samples (n=2); min–max padded band
Kenya,KEN,Africa,-0.9605555555556053,35.34777777777761,elevation_constrained_sample,0.5911949685534591,GMTED2010 clip gmted2010_mn15_KEN.tif; few altitude samples (n=2); min–max padded band
Kenya,KEN,Africa,-1.3397222222222718,35.39777777777761,elevation_constrained_sample,0.660377358490566,GMTED2010 clip gmted2010_mn15_KEN.tif; few altitude samples (n=2); min–max padded band
Kenya,KEN,Africa,0.9769444444443929,35.07277777777761,elevation_constrained_sample,0.8553459119496856,GMTED2010 clip gmted2010_mn15_KEN.tif; few altitude samples (n=2); min–max padded band
Kenya,KEN,Africa,0.3102777777777268,37.17277777777761,elevation_constrained_sample,0.9371069182389937,GMTED2010 clip gmted2010_mn15_KEN.tif; few altitude samples (n=2); min–max padded band
Kenya,KEN,Africa,0.02277777777772716,36.00611111111094,elevation_constrained_sample,0.15,GMTED2010 clip gmted2010_mn15_KEN.tif; few altitude samples (n=2); min–max padded band
Kenya,KEN,Africa,-0.10222222222227284,36.07277777777761,elevation_constrained_sample,0.36792452830188677,GMTED2010 clip gmted2010_mn15_KEN.tif; few altitude samples (n=2); min–max padded band
Kenya,KEN,Africa,-1.2438888888889386,36.901944444444275,elevation_constrained_sample,0.15,GMTED2010 clip gmted2010_mn15_KEN.tif; few altitude samples (n=2); min–max padded band
Kenya,KEN,Africa,-1.1730555555556057,35.26027777777761,elevation_constrained_sample,0.5849056603773585,GMTED2010 clip gmted2010_mn15_KEN.tif; few altitude samples (n=2); min–max padded band
Kenya,KEN,Africa,0.4352777777777268,34.901944444444275,elevation_constrained_sample,0.15,GMTED2010 clip gmted2010_mn15_KEN.tif; few altitude samples (n=2); min–max padded band
Kenya,KEN,Africa,0.3727777777777268,36.718611111110945,elevation_constrained_sample,0.6823899371069182,GMTED2010 clip gmted2010_mn15_KEN.tif; few altitude samples (n=2); min–max padded band
Kenya,KEN,Africa,-0.7147222222222727,35.22277777777761,elevation_constrained_sample,1.0,GMTED2010 clip gmted2010_mn15_KEN.tif; few altitude samples (n=2); min–max padded band
Kenya,KEN,Africa,-1.5730555555556052,36.94361111111094,elevation_constrained_sample,0.15,GMTED2010 clip gmted2010_mn15_KEN.tif; few altitude samples (n=2); min–max padded band
Kenya,KEN,Africa,0.5186111111110598,36.897777777777605,elevation_constrained_sample,0.17295597484276728,GMTED2010 clip gmted2010_mn15_KEN.tif; few altitude samples (n=2); min–max padded band
Kenya,KEN,Africa,-0.9105555555556055,34.676944444444274,elevation_constrained_sample,0.2578616352201258,GMTED2010 clip gmted2010_mn15_KEN.tif; few altitude samples (n=2); min–max padded band
Kenya,KEN,Africa,-0.3105555555556059,37.57694444444427,elevation_constrained_sample,0.4276729559748428,GMTED2010 clip gmted2010_mn15_KEN.tif; few altitude samples (n=2); min–max padded band
Kenya,KEN,Africa,-1.3647222222222721,36.776944444444275,elevation_constrained_sample,0.4811320754716981,GMTED2010 clip gmted2010_mn15_KEN.tif; few altitude samples (n=2); min–max padded band
Kenya,KEN,Africa,2.4227777777777257,35.026944444444275,elevation_constrained_sample,0.33962264150943394,GMTED2010 clip gmted2010_mn15_KEN.tif; few altitude samples (n=2); min–max padded band
Kenya,KEN,Africa,-1.164722222222272,35.23527777777761,elevation_constrained_sample,0.5125786163522013,GMTED2010 clip gmted2010_mn15_KEN.tif; few altitude samples (n=2); min–max padded band
Kenya,KEN,Africa,-0.04805555555560659,36.901944444444275,elevation_constrained_sample,0.7389937106918238,GMTED2010 clip gmted2010_mn15_KEN.tif; few altitude samples (n=2); min–max padded band
Kenya,KEN,Africa,-1.289722222222272,35.781111111110945,elevation_constrained_sample,0.8773584905660378,GMTED2010 clip gmted2010_mn15_KEN.tif; few altitude samples (n=2); min–max padded band
Kenya,KEN,Africa,-1.685555555555605,37.114444444444274,elevation_constrained_sample,0.22012578616352202,GMTED2010 clip gmted2010_mn15_KEN.tif; few altitude samples (n=2); min–max padded band
Kenya,KEN,Africa,0.9102777777777264,36.73527777777761,elevation_constrained_sample,0.8238993710691824,GMTED2010 clip gmted2010_mn15_KEN.tif; few altitude samples (n=2); min–max padded band
Kenya,KEN,Africa,-1.0147222222222725,34.69777777777761,elevation_constrained_sample,0.2358490566037736,GMTED2010 clip gmted2010_mn15_KEN.tif; few altitude samples (n=2); min–max padded band
Kenya,KEN,Africa,-0.014722222222272485,35.88527777777761,elevation_constrained_sample,0.3333333333333333,GMTED2010 clip gmted2010_mn15_KEN.tif; few altitude samples (n=2); min–max padded band
Kenya,KEN,Africa,-2.9522222222222707,37.54777777777761,elevation_constrained_sample,0.16981132075471697,GMTED2010 clip gmted2010_mn15_KEN.tif; few altitude samples (n=2); min–max padded band
Kenya,KEN,Africa,1.0852777777777263,36.89361111111094,elevation_constrained_sample,0.23270440251572327,GMTED2010 clip gmted2010_mn15_KEN.tif; few altitude samples (n=2); min–max padded band
Kenya,KEN,Africa,-1.2980555555556057,35.41027777777761,elevation_constrained_sample,0.8553459119496856,GMTED2010 clip gmted2010_mn15_KEN.tif; few altitude samples (n=2); min–max padded band
Kenya,KEN,Africa,-1.8188888888889387,37.09777777777761,elevation_constrained_sample,0.15,GMTED2010 clip gmted2010_mn15_KEN.tif; few altitude samples (n=2); min–max padded band
Kenya,KEN,Africa,0.5019444444443932,34.901944444444275,elevation_constrained_sample,0.389937106918239,GMTED2010 clip gmted2010_mn15_KEN.tif; few altitude samples (n=2); min–max padded band
Kenya,KEN,Africa,-1.9522222222222716,35.77277777777761,elevation_constrained_sample,0.9716981132075472,GMTED2010 clip gmted2010_mn15_KEN.tif; few altitude samples (n=2); min–max padded band
Kenya,KEN,Africa,-1.3772222222222723,34.739444444444274,elevation_constrained_sample,0.9276729559748428,GMTED2010 clip gmted2010_mn15_KEN.tif; few altitude samples (n=2); min–max padded band
Kenya,KEN,Africa,-1.2980555555556057,35.743611111110944,elevation_constrained_sample,0.9150943396226415,GMTED2010 clip gmted2010_mn15_KEN.tif; few altitude samples (n=2); min–max padded band
Kenya,KEN,Africa,-1.6063888888889384,37.01861111111094,elevation_constrained_sample,0.15,GMTED2010 clip gmted2010_mn15_KEN.tif; few altitude samples (n=2); min–max padded band
Kenya,KEN,Africa,-1.706388888888938,36.91861111111094,elevation_constrained_sample,0.15723270440251572,GMTED2010 clip gmted2010_mn15_KEN.tif; few altitude samples (n=2); min–max padded band
Kenya,KEN,Africa,3.0769444444443916,34.993611111110944,elevation_constrained_sample,0.15,GMTED2010 clip gmted2010_mn15_KEN.tif; few altitude samples (n=2); min–max padded band
Kenya,KEN,Africa,0.06861111111106055,35.901944444444275,elevation_constrained_sample,0.15,GMTED2010 clip gmted2010_mn15_KEN.tif; few altitude samples (n=2); min–max padded band
Kenya,KEN,Africa,0.9269444444443931,36.62694444444428,elevation_constrained_sample,0.9339622641509434,GMTED2010 clip gmted2010_mn15_KEN.tif; few altitude samples (n=2); min–max padded band
Kenya,KEN,Africa,-0.7105555555556053,36.97277777777761,elevation_constrained_sample,0.5314465408805031,GMTED2010 clip gmted2010_mn15_KEN.tif; few altitude samples (n=2); min–max padded band
Kenya,KEN,Africa,0.1852777777777268,37.522777777777605,elevation_constrained_sample,0.5628930817610063,GMTED2010 clip gmted2010_mn15_KEN.tif; few altitude samples (n=2); min–max padded band
Kenya,KEN,Africa,-1.1772222222222721,35.81861111111094,elevation_constrained_sample,0.8836477987421384,GMTED2010 clip gmted2010_mn15_KEN.tif; few altitude samples (n=2); min–max padded band
Kenya,KEN,Africa,-1.4230555555556057,37.29361111111094,elevation_constrained_sample,0.8522012578616353,GMTED2010 clip gmted2010_mn15_KEN.tif; few altitude samples (n=2); min–max padded band
Kenya,KEN,Africa,0.5227777777777272,36.97277777777761,elevation_constrained_sample,0.49056603773584906,GMTED2010 clip gmted2010_mn15_KEN.tif; few altitude samples (n=2); min–max padded band
Kenya,KEN,Africa,0.30194444444439394,37.13944444444427,elevation_constrained_sample,0.6823899371069182,GMTED2010 clip gmted2010_mn15_KEN.tif; few altitude samples (n=2); min–max padded band
Kenya,KEN,Africa,-0.9730555555556055,36.38111111111094,elevation_constrained_sample,0.7484276729559748,GMTED2010 clip gmted2010_mn15_KEN.tif; few altitude samples (n=2); min–max padded band
Kenya,KEN,Africa,-1.727222222222272,35.276944444444275,elevation_constrained_sample,0.7452830188679245,GMTED2010 clip gmted2010_mn15_KEN.tif; few altitude samples (n=2); min–max padded band
Kenya,KEN,Africa,-0.7855555555556055,34.81861111111095,elevation_constrained_sample,0.7044025157232704,GMTED2010 clip gmted2010_mn15_KEN.tif; few altitude samples (n=2); min–max padded band
Kenya,KEN,Africa,-1.3355555555556053,34.64361111111094,elevation_constrained_sample,0.3238993710691824,GMTED2010 clip gmted2010_mn15_KEN.tif; few altitude samples (n=2); min–max padded band
Kenya,KEN,Africa,1.7811111111110591,36.99777777777761,elevation_constrained_sample,0.2861635220125786,GMTED2010 clip gmted2010_mn15_KEN.tif; few altitude samples (n=2); min–max padded band
Kenya,KEN,Africa,-1.5647222222222723,37.00611111111094,elevation_constrained_sample,0.15,GMTED2010 clip gmted2010_mn15_KEN.tif; few altitude samples (n=2); min–max padded band
Kenya,KEN,Africa,0.6936111111110597,36.73111111111094,elevation_constrained_sample,0.7232704402515723,GMTED2010 clip gmted2010_mn15_KEN.tif; few altitude samples (n=2); min–max padded band
Kenya,KEN,Africa,-3.35222222222227,38.35194444444427,elevation_constrained_sample,0.22641509433962265,GMTED2010 clip gmted2010_mn15_KEN.tif; few altitude samples (n=2); min–max padded band
Kenya,KEN,Africa,-1.6605555555556055,37.218611111110945,elevation_constrained_sample,0.29874213836477986,GMTED2010 clip gmted2010_mn15_KEN.tif; few altitude samples (n=2); min–max padded band
Kenya,KEN,Africa,0.8394444444443936,34.743611111110944,elevation_constrained_sample,0.5314465408805031,GMTED2010 clip gmted2010_mn15_KEN.tif; few altitude samples (n=2); min–max padded band
Kenya,KEN,Africa,1.3144444444443928,36.589444444444275,elevation_constrained_sample,0.16352201257861634,GMTED2010 clip gmted2010_mn15_KEN.tif; few altitude samples (n=2); min–max padded band
Kenya,KEN,Africa,-0.2688888888889398,35.281111111110945,elevation_constrained_sample,0.44339622641509435,GMTED2010 clip gmted2010_mn15_KEN.tif; few altitude samples (n=2); min–max padded band
Kenya,KEN,Africa,-1.1813888888889386,36.18527777777761,elevation_constrained_sample,0.23270440251572327,GMTED2010 clip gmted2010_mn15_KEN.tif; few altitude samples (n=2); min–max padded band
Kenya,KEN,Africa,0.03527777777772734,35.08527777777761,elevation_constrained_sample,0.7264150943396226,GMTED2010 clip gmted2010_mn15_KEN.tif; few altitude samples (n=2); min–max padded band
Kenya,KEN,Africa,-1.4438888888889387,35.24777777777761,elevation_constrained_sample,0.15,GMTED2010 clip gmted2010_mn15_KEN.tif; few altitude samples (n=2); min–max padded band
Kenya,KEN,Africa,0.010277777777726982,36.89361111111094,elevation_constrained_sample,0.6792452830188679,GMTED2010 clip gmted2010_mn15_KEN.tif; few altitude samples (n=2); min–max padded band
Kenya,KEN,Africa,-1.581388888888939,35.98527777777761,elevation_constrained_sample,0.7389937106918238,GMTED2010 clip gmted2010_mn15_KEN.tif; few altitude samples (n=2); min–max padded band
Kenya,KEN,Africa,-1.1730555555556057,35.33111111111094,elevation_constrained_sample,0.7987421383647799,GMTED2010 clip gmted2010_mn15_KEN.tif; few altitude samples (n=2); min–max padded band
Kenya,KEN,Africa,-1.5647222222222723,35.91861111111094,elevation_constrained_sample,0.8018867924528302,GMTED2010 clip gmted2010_mn15_KEN.tif; few altitude samples (n=2); min–max padded band
Kenya,KEN,Africa,1.3977777777777263,35.28527777777761,elevation_constrained_sample,0.15,GMTED2010 clip gmted2010_mn15_KEN.tif; few altitude samples (n=2); min–max padded band
Kenya,KEN,Africa,0.40611111111106,34.906111111110945,elevation_constrained_sample,0.15,GMTED2010 clip gmted2010_mn15_KEN.tif; few altitude samples (n=2); min–max padded band
Kenya,KEN,Africa,-1.1313888888889387,34.906111111110945,elevation_constrained_sample,0.44025157232704404,GMTED2010 clip gmted2010_mn15_KEN.tif; few altitude samples (n=2); min–max padded band
Kenya,KEN,Africa,-1.3605555555556057,36.81027777777761,elevation_constrained_sample,0.2672955974842767,GMTED2010 clip gmted2010_mn15_KEN.tif; few altitude samples (n=2); min–max padded band
Kenya,KEN,Africa,-1.227222222222272,36.78944444444428,elevation_constrained_sample,0.5314465408805031,GMTED2010 clip gmted2010_mn15_KEN.tif; few altitude samples (n=2); min–max padded band
Kenya,KEN,Africa,-1.602222222222272,37.20194444444427,elevation_constrained_sample,0.15,GMTED2010 clip gmted2010_mn15_KEN.tif; few altitude samples (n=2); min–max padded band
Kenya,KEN,Africa,0.03527777777772734,37.03527777777761,elevation_constrained_sample,0.9245283018867925,GMTED2010 clip gmted2010_mn15_KEN.tif; few altitude samples (n=2); min–max padded band
Kenya,KEN,Africa,-0.698055555555606,34.843611111110945,elevation_constrained_sample,0.8490566037735849,GMTED2010 clip gmted2010_mn15_KEN.tif; few altitude samples (n=2); min–max padded band
Kenya,KEN,Africa,-0.6563888888889391,35.16861111111094,elevation_constrained_sample,0.8930817610062893,GMTED2010 clip gmted2010_mn15_KEN.tif; few altitude samples (n=2); min–max padded band
Kenya,KEN,Africa,-1.039722222222272,36.35194444444428,elevation_constrained_sample,0.15,GMTED2010 clip gmted2010_mn15_KEN.tif; few altitude samples (n=2); min–max padded band
Kenya,KEN,Africa,0.697777777777727,36.89361111111094,elevation_constrained_sample,0.48427672955974843,GMTED2010 clip gmted2010_mn15_KEN.tif; few altitude samples (n=2); min–max padded band
Kenya,KEN,Africa,0.1686111111110602,36.781111111110945,elevation_constrained_sample,0.7547169811320755,GMTED2010 clip gmted2010_mn15_KEN.tif; few altitude samples (n=2); min–max padded band
Laos,LAO,Asia-Pacific,20.46861111111104,101.09361111111087,elevation_constrained_sample,0.42,GMTED2010 clip gmted2010_mn15_LAO.tif; coffee_features altitude p10–p90 → band ~1160–1560 m
Laos,LAO,Asia-Pacific,20.18527777777771,104.38111111111087,elevation_constrained_sample,0.15,GMTED2010 clip gmted2010_mn15_LAO.tif; coffee_features altitude p10–p90 → band ~1160–1560 m
Laos,LAO,Asia-Pacific,20.264444444444376,104.03111111111087,elevation_constrained_sample,0.4575,GMTED2010 clip gmted2010_mn15_LAO.tif; coffee_features altitude p10–p90 → band ~1160–1560 m
Laos,LAO,Asia-Pacific,19.881111111111043,104.06861111111087,elevation_constrained_sample,0.35,GMTED2010 clip gmted2010_mn15_LAO.tif; coffee_features altitude p10–p90 → band ~1160–1560 m
Laos,LAO,Asia-Pacific,19.331111111111042,102.04361111111088,elevation_constrained_sample,0.15,GMTED2010 clip gmted2010_mn15_LAO.tif; coffee_features altitude p10–p90 → band ~1160–1560 m
Laos,LAO,Asia-Pacific,19.63527777777771,102.80611111111087,elevation_constrained_sample,0.44,GMTED2010 clip gmted2010_mn15_LAO.tif; coffee_features altitude p10–p90 → band ~1160–1560 m
Laos,LAO,Asia-Pacific,19.126944444444376,103.8769444444442,elevation_constrained_sample,0.15,GMTED2010 clip gmted2010_mn15_LAO.tif; coffee_features altitude p10–p90 → band ~1160–1560 m
Laos,LAO,Asia-Pacific,15.606111111111046,107.20611111111087,elevation_constrained_sample,0.3375,GMTED2010 clip gmted2010_mn15_LAO.tif; coffee_features altitude p10–p90 → band ~1160–1560 m
Laos,LAO,Asia-Pacific,19.94777777777771,103.4644444444442,elevation_constrained_sample,0.5875,GMTED2010 clip gmted2010_mn15_LAO.tif; coffee_features altitude p10–p90 → band ~1160–1560 m
Laos,LAO,Asia-Pacific,20.214444444444375,103.88944444444421,elevation_constrained_sample,0.18,GMTED2010 clip gmted2010_mn15_LAO.tif; coffee_features altitude p10–p90 → band ~1160–1560 m
Laos,LAO,Asia-Pacific,19.568611111111043,103.30611111111087,elevation_constrained_sample,0.15,GMTED2010 clip gmted2010_mn15_LAO.tif; coffee_features altitude p10–p90 → band ~1160–1560 m
Laos,LAO,Asia-Pacific,19.793611111111044,103.7519444444442,elevation_constrained_sample,0.15,GMTED2010 clip gmted2010_mn15_LAO.tif; coffee_features altitude p10–p90 → band ~1160–1560 m
Laos,LAO,Asia-Pacific,20.410277777777708,103.54777777777754,elevation_constrained_sample,0.355,GMTED2010 clip gmted2010_mn15_LAO.tif; coffee_features altitude p10–p90 → band ~1160–1560 m
Laos,LAO,Asia-Pacific,15.897777777777712,107.2394444444442,elevation_constrained_sample,0.305,GMTED2010 clip gmted2010_mn15_LAO.tif; coffee_features altitude p10–p90 → band ~1160–1560 m
Laos,LAO,Asia-Pacific,17.793611111111044,101.04361111111088,elevation_constrained_sample,0.6675,GMTED2010 clip gmted2010_mn15_LAO.tif; coffee_features altitude p10–p90 → band ~1160–1560 m
Laos,LAO,Asia-Pacific,19.368611111111043,102.5644444444442,elevation_constrained_sample,0.2375,GMTED2010 clip gmted2010_mn15_LAO.tif; coffee_features altitude p10–p90 → band ~1160–1560 m
Laos,LAO,Asia-Pacific,19.539444444444378,103.3519444444442,elevation_constrained_sample,0.22,GMTED2010 clip gmted2010_mn15_LAO.tif; coffee_features altitude p10–p90 → band ~1160–1560 m
Laos,LAO,Asia-Pacific,15.172777777777714,106.31027777777753,elevation_constrained_sample,0.3275,GMTED2010 clip gmted2010_mn15_LAO.tif; coffee_features altitude p10–p90 → band ~1160–1560 m
Laos,LAO,Asia-Pacific,18.460277777777712,104.67277777777754,elevation_constrained_sample,0.15,GMTED2010 clip gmted2010_mn15_LAO.tif; coffee_features altitude p10–p90 → band ~1160–1560 m
Laos,LAO,Asia-Pacific,19.68527777777771,104.5644444444442,elevation_constrained_sample,0.33,GMTED2010 clip gmted2010_mn15_LAO.tif; coffee_features altitude p10–p90 → band ~1160–1560 m
Laos,LAO,Asia-Pacific,19.268611111111042,103.6269444444442,elevation_constrained_sample,0.225,GMTED2010 clip gmted2010_mn15_LAO.tif; coffee_features altitude p10–p90 → band ~1160–1560 m
Laos,LAO,Asia-Pacific,20.54777777777771,103.7269444444442,elevation_constrained_sample,0.19,GMTED2010 clip gmted2010_mn15_LAO.tif; coffee_features altitude p10–p90 → band ~1160–1560 m
Laos,LAO,Asia-Pacific,21.693611111111043,101.90194444444421,elevation_constrained_sample,0.15,GMTED2010 clip gmted2010_mn15_LAO.tif; coffee_features altitude p10–p90 → band ~1160–1560 m
Laos,LAO,Asia-Pacific,21.976944444444374,102.41027777777754,elevation_constrained_sample,0.15,GMTED2010 clip gmted2010_mn15_LAO.tif; coffee_features altitude p10–p90 → band ~1160–1560 m
Laos,LAO,Asia-Pacific,22.393611111111042,101.63944444444421,elevation_constrained_sample,0.2225,GMTED2010 clip gmted2010_mn15_LAO.tif; coffee_features altitude p10–p90 → band ~1160–1560 m
Laos,LAO,Asia-Pacific,18.943611111111043,103.02277777777753,elevation_constrained_sample,0.4125,GMTED2010 clip gmted2010_mn15_LAO.tif; coffee_features altitude p10–p90 → band ~1160–1560 m
Laos,LAO,Asia-Pacific,15.410277777777713,107.22277777777754,elevation_constrained_sample,0.3,GMTED2010 clip gmted2010_mn15_LAO.tif; coffee_features altitude p10–p90 → band ~1160–1560 m
Laos,LAO,Asia-Pacific,17.78527777777771,105.64361111111087,elevation_constrained_sample,0.4825,GMTED2010 clip gmted2010_mn15_LAO.tif; coffee_features altitude p10–p90 → band ~1160–1560 m
Laos,LAO,Asia-Pacific,18.893611111111042,103.06027777777754,elevation_constrained_sample,0.15,GMTED2010 clip gmted2010_mn15_LAO.tif; coffee_features altitude p10–p90 → band ~1160–1560 m
Laos,LAO,Asia-Pacific,20.222777777777708,103.38111111111087,elevation_constrained_sample,0.3125,GMTED2010 clip gmted2010_mn15_LAO.tif; coffee_features altitude p10–p90 → band ~1160–1560 m
Laos,LAO,Asia-Pacific,18.951944444444376,103.9394444444442,elevation_constrained_sample,0.4825,GMTED2010 clip gmted2010_mn15_LAO.tif; coffee_features altitude p10–p90 → band ~1160–1560 m
Laos,LAO,Asia-Pacific,19.76027777777771,103.7144444444442,elevation_constrained_sample,0.6925,GMTED2010 clip gmted2010_mn15_LAO.tif; coffee_features altitude p10–p90 → band ~1160–1560 m
Laos,LAO,Asia-Pacific,20.289444444444378,101.88111111111087,elevation_constrained_sample,0.46,GMTED2010 clip gmted2010_mn15_LAO.tif; coffee_features altitude p10–p90 → band ~1160–1560 m
Laos,LAO,Asia-Pacific,19.864444444444377,103.46027777777753,elevation_constrained_sample,0.15,GMTED2010 clip gmted2010_mn15_LAO.tif; coffee_features altitude p10–p90 → band ~1160–1560 m
Laos,LAO,Asia-Pacific,21.876944444444376,101.81861111111087,elevation_constrained_sample,0.15,GMTED2010 clip gmted2010_mn15_LAO.tif; coffee_features altitude p10–p90 → band ~1160–1560 m
Laos,LAO,Asia-Pacific,19.951944444444376,103.93527777777754,elevation_constrained_sample,0.16,GMTED2010 clip gmted2010_mn15_LAO.tif; coffee_features altitude p10–p90 → band ~1160–1560 m
Laos,LAO,Asia-Pacific,15.260277777777713,106.34777777777754,elevation_constrained_sample,0.15,GMTED2010 clip gmted2010_mn15_LAO.tif; coffee_features altitude p10–p90 → band ~1160–1560 m
Laos,LAO,Asia-Pacific,19.51027777777771,102.67277777777754,elevation_constrained_sample,0.5575,GMTED2010 clip gmted2010_mn15_LAO.tif; coffee_features altitude p10–p90 → band ~1160–1560 m
Laos,LAO,Asia-Pacific,19.918611111111044,103.45194444444421,elevation_constrained_sample,0.375,GMTED2010 clip gmted2010_mn15_LAO.tif; coffee_features altitude p10–p90 → band ~1160–1560 m
Laos,LAO,Asia-Pacific,21.139444444444376,100.91861111111088,elevation_constrained_sample,0.15,GMTED2010 clip gmted2010_mn15_LAO.tif; coffee_features altitude p10–p90 → band ~1160–1560 m
Laos,LAO,Asia-Pacific,15.43944444444438,107.22277777777754,elevation_constrained_sample,0.2275,GMTED2010 clip gmted2010_mn15_LAO.tif; coffee_features altitude p10–p90 → band ~1160–1560 m
Laos,LAO,Asia-Pacific,20.326944444444376,103.69361111111087,elevation_constrained_sample,0.15,GMTED2010 clip gmted2010_mn15_LAO.tif; coffee_features altitude p10–p90 → band ~1160–1560 m
Laos,LAO,Asia-Pacific,21.82277777777771,101.91861111111088,elevation_constrained_sample,0.15,GMTED2010 clip gmted2010_mn15_LAO.tif; coffee_features altitude p10–p90 → band ~1160–1560 m
Laos,LAO,Asia-Pacific,21.139444444444376,101.97277777777754,elevation_constrained_sample,0.4375,GMTED2010 clip gmted2010_mn15_LAO.tif; coffee_features altitude p10–p90 → band ~1160–1560 m
Laos,LAO,Asia-Pacific,20.239444444444377,103.7894444444442,elevation_constrained_sample,0.7775,GMTED2010 clip gmted2010_mn15_LAO.tif; coffee_features altitude p10–p90 → band ~1160–1560 m
Laos,LAO,Asia-Pacific,20.464444444444375,103.12277777777754,elevation_constrained_sample,0.78,GMTED2010 clip gmted2010_mn15_LAO.tif; coffee_features altitude p10–p90 → band ~1160–1560 m
Laos,LAO,Asia-Pacific,21.143611111111042,101.26027777777753,elevation_constrained_sample,0.575,GMTED2010 clip gmted2010_mn15_LAO.tif; coffee_features altitude p10–p90 → band ~1160–1560 m
Laos,LAO,Asia-Pacific,20.356111111111044,103.9769444444442,elevation_constrained_sample,0.385,GMTED2010 clip gmted2010_mn15_LAO.tif; coffee_features altitude p10–p90 → band ~1160–1560 m
Laos,LAO,Asia-Pacific,21.201944444444376,101.01444444444421,elevation_constrained_sample,1.0,GMTED2010 clip gmted2010_mn15_LAO.tif; coffee_features altitude p10–p90 → band ~1160–1560 m
Laos,LAO,Asia-Pacific,19.914444444444378,101.43527777777754,elevation_constrained_sample,0.15,GMTED2010 clip gmted2010_mn15_LAO.tif; coffee_features altitude p10–p90 → band ~1160–1560 m
Laos,LAO,Asia-Pacific,21.631111111111043,101.94777777777753,elevation_constrained_sample,0.335,GMTED2010 clip gmted2010_mn15_LAO.tif; coffee_features altitude p10–p90 → band ~1160–1560 m
Laos,LAO,Asia-Pacific,21.826944444444376,101.79361111111088,elevation_constrained_sample,0.175,GMTED2010 clip gmted2010_mn15_LAO.tif; coffee_features altitude p10–p90 → band ~1160–1560 m
Laos,LAO,Asia-Pacific,18.960277777777712,104.0019444444442,elevation_constrained_sample,0.1825,GMTED2010 clip gmted2010_mn15_LAO.tif; coffee_features altitude p10–p90 → band ~1160–1560 m
Laos,LAO,Asia-Pacific,19.76027777777771,100.40611111111087,elevation_constrained_sample,0.15,GMTED2010 clip gmted2010_mn15_LAO.tif; coffee_features altitude p10–p90 → band ~1160–1560 m
Laos,LAO,Asia-Pacific,19.96027777777771,103.7519444444442,elevation_constrained_sample,0.1925,GMTED2010 clip gmted2010_mn15_LAO.tif; coffee_features altitude p10–p90 → band ~1160–1560 m
Laos,LAO,Asia-Pacific,20.18527777777771,103.96027777777753,elevation_constrained_sample,0.615,GMTED2010 clip gmted2010_mn15_LAO.tif; coffee_features altitude p10–p90 → band ~1160–1560 m
Laos,LAO,Asia-Pacific,19.99777777777771,102.48527777777754,elevation_constrained_sample,0.6525,GMTED2010 clip gmted2010_mn15_LAO.tif; coffee_features altitude p10–p90 → band ~1160–1560 m
Laos,LAO,Asia-Pacific,19.831111111111042,102.53527777777754,elevation_constrained_sample,0.15,GMTED2010 clip gmted2010_mn15_LAO.tif; coffee_features altitude p10–p90 → band ~1160–1560 m
Laos,LAO,Asia-Pacific,20.73527777777771,100.78111111111087,elevation_constrained_sample,0.4825,GMTED2010 clip gmted2010_mn15_LAO.tif; coffee_features altitude p10–p90 → band ~1160–1560 m
Laos,LAO,Asia-Pacific,20.63527777777771,101.26027777777753,elevation_constrained_sample,0.15,GMTED2010 clip gmted2010_mn15_LAO.tif; coffee_features altitude p10–p90 → band ~1160–1560 m
Laos,LAO,Asia-Pacific,19.926944444444377,102.36861111111087,elevation_constrained_sample,0.15,GMTED2010 clip gmted2010_mn15_LAO.tif; coffee_features altitude p10–p90 → band ~1160–1560 m
Laos,LAO,Asia-Pacific,22.41861111111104,101.96861111111087,elevation_constrained_sample,0.15,GMTED2010 clip gmted2010_mn15_LAO.tif; coffee_features altitude p10–p90 → band ~1160–1560 m
Laos,LAO,Asia-Pacific,20.693611111111043,103.54777777777754,elevation_constrained_sample,0.295,GMTED2010 clip gmted2010_mn15_LAO.tif; coffee_features altitude p10–p90 → band ~1160–1560 m
Laos,LAO,Asia-Pacific,15.281111111111045,107.6019444444442,elevation_constrained_sample,0.15,GMTED2010 clip gmted2010_mn15_LAO.tif; coffee_features altitude p10–p90 → band ~1160–1560 m
Laos,LAO,Asia-Pacific,21.931111111111043,102.41027777777754,elevation_constrained_sample,0.575,GMTED2010 clip gmted2010_mn15_LAO.tif; coffee_features altitude p10–p90 → band ~1160–1560 m
Laos,LAO,Asia-Pacific,19.460277777777712,103.38111111111087,elevation_constrained_sample,0.4075,GMTED2010 clip gmted2010_mn15_LAO.tif; coffee_features altitude p10–p90 → band ~1160–1560 m
Laos,LAO,Asia-Pacific,19.23527777777771,102.6769444444442,elevation_constrained_sample,0.7875,GMTED2010 clip gmted2010_mn15_LAO.tif; coffee_features altitude p10–p90 → band ~1160–1560 m
Laos,LAO,Asia-Pacific,19.69777777777771,104.64361111111087,elevation_constrained_sample,0.275,GMTED2010 clip gmted2010_mn15_LAO.tif; coffee_features altitude p10–p90 → band ~1160–1560 m
Laos,LAO,Asia-Pacific,20.914444444444378,102.39777777777753,elevation_constrained_sample,0.15,GMTED2010 clip gmted2010_mn15_LAO.tif; coffee_features altitude p10–p90 → band ~1160–1560 m
Laos,LAO,Asia-Pacific,20.818611111111043,103.38944444444421,elevation_constrained_sample,0.15,GMTED2010 clip gmted2010_mn15_LAO.tif; coffee_features altitude p10–p90 → band ~1160–1560 m
Laos,LAO,Asia-Pacific,22.110277777777707,101.59777777777754,elevation_constrained_sample,0.15,GMTED2010 clip gmted2010_mn15_LAO.tif; coffee_features altitude p10–p90 → band ~1160–1560 m
Laos,LAO,Asia-Pacific,18.13527777777771,104.69361111111087,elevation_constrained_sample,0.15,GMTED2010 clip gmted2010_mn15_LAO.tif; coffee_features altitude p10–p90 → band ~1160–1560 m
Laos,LAO,Asia-Pacific,20.42277777777771,103.80611111111087,elevation_constrained_sample,0.205,GMTED2010 clip gmted2010_mn15_LAO.tif; coffee_features altitude p10–p90 → band ~1160–1560 m
Laos,LAO,Asia-Pacific,20.222777777777708,103.91027777777754,elevation_constrained_sample,0.7075,GMTED2010 clip gmted2010_mn15_LAO.tif; coffee_features altitude p10–p90 → band ~1160–1560 m
Laos,LAO,Asia-Pacific,20.031111111111045,104.18527777777754,elevation_constrained_sample,0.2275,GMTED2010 clip gmted2010_mn15_LAO.tif; coffee_features altitude p10–p90 → band ~1160–1560 m
Laos,LAO,Asia-Pacific,20.364444444444377,103.8019444444442,elevation_constrained_sample,0.37,GMTED2010 clip gmted2010_mn15_LAO.tif; coffee_features altitude p10–p90 → band ~1160–1560 m
Laos,LAO,Asia-Pacific,20.281111111111045,101.46444444444421,elevation_constrained_sample,0.185,GMTED2010 clip gmted2010_mn15_LAO.tif; coffee_features altitude p10–p90 → band ~1160–1560 m
Laos,LAO,Asia-Pacific,15.131111111111046,106.25611111111087,elevation_constrained_sample,0.3525,GMTED2010 clip gmted2010_mn15_LAO.tif; coffee_features altitude p10–p90 → band ~1160–1560 m
Laos,LAO,Asia-Pacific,19.71027777777771,103.43527777777754,elevation_constrained_sample,0.175,GMTED2010 clip gmted2010_mn15_LAO.tif; coffee_features altitude p10–p90 → band ~1160–1560 m
Laos,LAO,Asia-Pacific,21.19777777777771,102.2894444444442,elevation_constrained_sample,0.15,GMTED2010 clip gmted2010_mn15_LAO.tif; coffee_features altitude p10–p90 → band ~1160–1560 m
Madagascar,MDG,Africa,-19.843888888888927,46.79361111111093,elevation_constrained_sample,0.5241379310344828,GMTED2010 clip gmted2010_mn15_MDG.tif; few altitude samples (n=1); min–max padded band
Madagascar,MDG,Africa,-21.098055555555597,46.72694444444426,elevation_constrained_sample,0.8758620689655172,GMTED2010 clip gmted2010_mn15_MDG.tif; few altitude samples (n=1); min–max padded band
Madagascar,MDG,Africa,-18.45222222222226,47.33527777777759,elevation_constrained_sample,0.30344827586206896,GMTED2010 clip gmted2010_mn15_MDG.tif; few altitude samples (n=1); min–max padded band
Madagascar,MDG,Africa,-14.389722222222264,48.61027777777759,elevation_constrained_sample,0.6448275862068965,GMTED2010 clip gmted2010_mn15_MDG.tif; few altitude samples (n=1); min–max padded band
Madagascar,MDG,Africa,-17.898055555555597,47.10611111111093,elevation_constrained_sample,0.33793103448275863,GMTED2010 clip gmted2010_mn15_MDG.tif; few altitude samples (n=1); min–max padded band
Madagascar,MDG,Africa,-19.998055555555595,47.61444444444426,elevation_constrained_sample,1.0,GMTED2010 clip gmted2010_mn15_MDG.tif; few altitude samples (n=1); min–max padded band
Madagascar,MDG,Africa,-19.773055555555594,47.52277777777759,elevation_constrained_sample,0.9172413793103448,GMTED2010 clip gmted2010_mn15_MDG.tif; few altitude samples (n=1); min–max padded band
Madagascar,MDG,Africa,-13.989722222222266,49.08527777777759,elevation_constrained_sample,0.15,GMTED2010 clip gmted2010_mn15_MDG.tif; few altitude samples (n=1); min–max padded band
Madagascar,MDG,Africa,-20.16888888888893,47.36444444444426,elevation_constrained_sample,0.3724137931034483,GMTED2010 clip gmted2010_mn15_MDG.tif; few altitude samples (n=1); min–max padded band
Madagascar,MDG,Africa,-20.31472222222226,47.1102777777776,elevation_constrained_sample,0.15,GMTED2010 clip gmted2010_mn15_MDG.tif; few altitude samples (n=1); min–max padded band
Madagascar,MDG,Africa,-20.22722222222226,47.30611111111093,elevation_constrained_sample,0.18275862068965518,GMTED2010 clip gmted2010_mn15_MDG.tif; few altitude samples (n=1); min–max padded band
Madagascar,MDG,Africa,-20.760555555555595,47.36444444444426,elevation_constrained_sample,0.7689655172413793,GMTED2010 clip gmted2010_mn15_MDG.tif; few altitude samples (n=1); min–max padded band
Madagascar,MDG,Africa,-19.143888888888927,47.10194444444426,elevation_constrained_sample,0.7310344827586207,GMTED2010 clip gmted2010_mn15_MDG.tif; few altitude samples (n=1); min–max padded band
Madagascar,MDG,Africa,-20.402222222222264,47.58527777777759,elevation_constrained_sample,0.15,GMTED2010 clip gmted2010_mn15_MDG.tif; few altitude samples (n=1); min–max padded band
Madagascar,MDG,Africa,-19.660555555555597,47.89777777777759,elevation_constrained_sample,0.5379310344827586,GMTED2010 clip gmted2010_mn15_MDG.tif; few altitude samples (n=1); min–max padded band
Madagascar,MDG,Africa,-24.18555555555559,46.906111111110924,elevation_constrained_sample,0.3793103448275862,GMTED2010 clip gmted2010_mn15_MDG.tif; few altitude samples (n=1); min–max padded band
Madagascar,MDG,Africa,-17.964722222222264,47.61444444444426,elevation_constrained_sample,0.43103448275862066,GMTED2010 clip gmted2010_mn15_MDG.tif; few altitude samples (n=1); min–max padded band
Madagascar,MDG,Africa,-20.010555555555595,47.035277777777594,elevation_constrained_sample,0.41379310344827586,GMTED2010 clip gmted2010_mn15_MDG.tif; few altitude samples (n=1); min–max padded band
Madagascar,MDG,Africa,-19.90222222222226,47.593611111110924,elevation_constrained_sample,0.7896551724137931,GMTED2010 clip gmted2010_mn15_MDG.tif; few altitude samples (n=1); min–max padded band
Madagascar,MDG,Africa,-21.035555555555597,46.81444444444426,elevation_constrained_sample,0.42758620689655175,GMTED2010 clip gmted2010_mn15_MDG.tif; few altitude samples (n=1); min–max padded band
Madagascar,MDG,Africa,-24.13555555555559,46.9852777777776,elevation_constrained_sample,0.6793103448275862,GMTED2010 clip gmted2010_mn15_MDG.tif; few altitude samples (n=1); min–max padded band
Madagascar,MDG,Africa,-20.75222222222226,47.26444444444426,elevation_constrained_sample,0.7758620689655172,GMTED2010 clip gmted2010_mn15_MDG.tif; few altitude samples (n=1); min–max padded band
Madagascar,MDG,Africa,-19.956388888888927,47.756111111110926,elevation_constrained_sample,0.6068965517241379,GMTED2010 clip gmted2010_mn15_MDG.tif; few altitude samples (n=1); min–max padded band
Madagascar,MDG,Africa,-19.135555555555595,47.55194444444426,elevation_constrained_sample,0.15,GMTED2010 clip gmted2010_mn15_MDG.tif; few altitude samples (n=1); min–max padded band
Madagascar,MDG,Africa,-20.623055555555595,47.06444444444426,elevation_constrained_sample,0.8620689655172413,GMTED2010 clip gmted2010_mn15_MDG.tif; few altitude samples (n=1); min–max padded band
Madagascar,MDG,Africa,-13.7105555555556,49.41861111111093,elevation_constrained_sample,0.15,GMTED2010 clip gmted2010_mn15_MDG.tif; few altitude samples (n=1); min–max padded band
Madagascar,MDG,Africa,-17.998055555555595,47.29361111111093,elevation_constrained_sample,0.15,GMTED2010 clip gmted2010_mn15_MDG.tif; few altitude samples (n=1); min–max padded band
Madagascar,MDG,Africa,-19.68972222222226,46.785277777777594,elevation_constrained_sample,0.8344827586206897,GMTED2010 clip gmted2010_mn15_MDG.tif; few altitude samples (n=1); min–max padded band
Madagascar,MDG,Africa,-19.26472222222226,46.89361111111093,elevation_constrained_sample,0.7827586206896552,GMTED2010 clip gmted2010_mn15_MDG.tif; few altitude samples (n=1); min–max padded band
Madagascar,MDG,Africa,-20.893888888888927,47.2977777777776,elevation_constrained_sample,0.4896551724137931,GMTED2010 clip gmted2010_mn15_MDG.tif; few altitude samples (n=1); min–max padded band
Madagascar,MDG,Africa,-18.198055555555598,47.2977777777776,elevation_constrained_sample,0.5827586206896552,GMTED2010 clip gmted2010_mn15_MDG.tif; few altitude samples (n=1); min–max padded band
Madagascar,MDG,Africa,-19.70222222222226,46.347777777777594,elevation_constrained_sample,0.7758620689655172,GMTED2010 clip gmted2010_mn15_MDG.tif; few altitude samples (n=1); min–max padded band
Madagascar,MDG,Africa,-20.718888888888927,47.24361111111093,elevation_constrained_sample,0.5310344827586206,GMTED2010 clip gmted2010_mn15_MDG.tif; few altitude samples (n=1); min–max padded band
Madagascar,MDG,Africa,-18.16888888888893,47.285277777777594,elevation_constrained_sample,0.6758620689655173,GMTED2010 clip gmted2010_mn15_MDG.tif; few altitude samples (n=1); min–max padded band
Madagascar,MDG,Africa,-18.427222222222262,47.781111111110924,elevation_constrained_sample,0.18275862068965518,GMTED2010 clip gmted2010_mn15_MDG.tif; few altitude samples (n=1); min–max padded band
Madagascar,MDG,Africa,-18.773055555555594,47.61444444444426,elevation_constrained_sample,0.15517241379310345,GMTED2010 clip gmted2010_mn15_MDG.tif; few altitude samples (n=1); min–max padded band
Madagascar,MDG,Africa,-19.910555555555597,46.66444444444426,elevation_constrained_sample,0.19655172413793104,GMTED2010 clip gmted2010_mn15_MDG.tif; few altitude samples (n=1); min–max padded band
Madagascar,MDG,Africa,-18.248055555555595,47.260277777777596,elevation_constrained_sample,0.6862068965517242,GMTED2010 clip gmted2010_mn15_MDG.tif; few altitude samples (n=1); min–max padded band
Madagascar,MDG,Africa,-14.318888888888932,49.04777777777759,elevation_constrained_sample,0.49310344827586206,GMTED2010 clip gmted2010_mn15_MDG.tif; few altitude samples (n=1); min–max padded band
Madagascar,MDG,Africa,-20.38972222222226,46.193611111110926,elevation_constrained_sample,0.15,GMTED2010 clip gmted2010_mn15_MDG.tif; few altitude samples (n=1); min–max padded band
Madagascar,MDG,Africa,-18.410555555555597,48.52277777777759,elevation_constrained_sample,0.296551724137931,GMTED2010 clip gmted2010_mn15_MDG.tif; few altitude samples (n=1); min–max padded band
Madagascar,MDG,Africa,-19.01888888888893,47.70194444444426,elevation_constrained_sample,0.15,GMTED2010 clip gmted2010_mn15_MDG.tif; few altitude samples (n=1); min–max padded band
Madagascar,MDG,Africa,-18.010555555555598,47.097777777777594,elevation_constrained_sample,0.33793103448275863,GMTED2010 clip gmted2010_mn15_MDG.tif; few altitude samples (n=1); min–max padded band
Madagascar,MDG,Africa,-20.927222222222262,47.11861111111093,elevation_constrained_sample,0.15,GMTED2010 clip gmted2010_mn15_MDG.tif; few altitude samples (n=1); min–max padded band
Madagascar,MDG,Africa,-20.185555555555595,46.49777777777759,elevation_constrained_sample,0.5689655172413793,GMTED2010 clip gmted2010_mn15_MDG.tif; few altitude samples (n=1); min–max padded band
Madagascar,MDG,Africa,-14.660555555555598,48.87277777777759,elevation_constrained_sample,0.3586206896551724,GMTED2010 clip gmted2010_mn15_MDG.tif; few altitude samples (n=1); min–max padded band
Madagascar,MDG,Africa,-20.335555555555594,47.64777777777759,elevation_constrained_sample,0.4793103448275862,GMTED2010 clip gmted2010_mn15_MDG.tif; few altitude samples (n=1); min–max padded band
Madagascar,MDG,Africa,-21.598055555555593,46.95194444444426,elevation_constrained_sample,0.32413793103448274,GMTED2010 clip gmted2010_mn15_MDG.tif; few altitude samples (n=1); min–max padded band
Madagascar,MDG,Africa,-18.998055555555595,47.035277777777594,elevation_constrained_sample,0.21724137931034482,GMTED2010 clip gmted2010_mn15_MDG.tif; few altitude samples (n=1); min–max padded band
Madagascar,MDG,Africa,-19.068888888888928,46.718611111110924,elevation_constrained_sample,0.15,GMTED2010 clip gmted2010_mn15_MDG.tif; few altitude samples (n=1); min–max padded band
Madagascar,MDG,Africa,-18.881388888888928,47.74361111111092,elevation_constrained_sample,0.6241379310344828,GMTED2010 clip gmted2010_mn15_MDG.tif; few altitude samples (n=1); min–max padded band
Madagascar,MDG,Africa,-18.685555555555595,47.76444444444426,elevation_constrained_sample,0.24482758620689654,GMTED2010 clip gmted2010_mn15_MDG.tif; few altitude samples (n=1); min–max padded band
Madagascar,MDG,Africa,-20.402222222222264,46.193611111110926,elevation_constrained_sample,0.15,GMTED2010 clip gmted2010_mn15_MDG.tif; few altitude samples (n=1); min–max padded band
Madagascar,MDG,Africa,-14.331388888888931,48.697777777777596,elevation_constrained_sample,1.0,GMTED2010 clip gmted2010_mn15_MDG.tif; few altitude samples (n=1); min–max padded band
Madagascar,MDG,Africa,-19.87722222222226,46.660277777777594,elevation_constrained_sample,0.30689655172413793,GMTED2010 clip gmted2010_mn15_MDG.tif; few altitude samples (n=1); min–max padded band
Madagascar,MDG,Africa,-20.781388888888927,46.53944444444426,elevation_constrained_sample,0.9,GMTED2010 clip gmted2010_mn15_MDG.tif; few altitude samples (n=1); min–max padded band
Madagascar,MDG,Africa,-20.20222222222226,47.597777777777594,elevation_constrained_sample,0.6344827586206897,GMTED2010 clip gmted2010_mn15_MDG.tif; few altitude samples (n=1); min–max padded band
Madagascar,MDG,Africa,-19.24388888888893,46.881111111110926,elevation_constrained_sample,0.8,GMTED2010 clip gmted2010_mn15_MDG.tif; few altitude samples (n=1); min–max padded band
Madagascar,MDG,Africa,-19.398055555555594,47.37277777777759,elevation_constrained_sample,0.7655172413793103,GMTED2010 clip gmted2010_mn15_MDG.tif; few altitude samples (n=1); min–max padded band
Madagascar,MDG,Africa,-18.30638888888893,46.68944444444426,elevation_constrained_sample,0.15,GMTED2010 clip gmted2010_mn15_MDG.tif; few altitude samples (n=1); min–max padded band
Madagascar,MDG,Africa,-18.30638888888893,46.70611111111093,elevation_constrained_sample,0.3586206896551724,GMTED2010 clip gmted2010_mn15_MDG.tif; few altitude samples (n=1); min–max padded band
Madagascar,MDG,Africa,-20.498055555555595,46.83527777777759,elevation_constrained_sample,0.38275862068965516,GMTED2010 clip gmted2010_mn15_MDG.tif; few altitude samples (n=1); min–max padded band
Madagascar,MDG,Africa,-18.348055555555597,47.31027777777759,elevation_constrained_sample,0.6896551724137931,GMTED2010 clip gmted2010_mn15_MDG.tif; few altitude samples (n=1); min–max padded band
Madagascar,MDG,Africa,-19.60222222222226,47.885277777777596,elevation_constrained_sample,0.296551724137931,GMTED2010 clip gmted2010_mn15_MDG.tif; few altitude samples (n=1); min–max padded band
Madagascar,MDG,Africa,-13.968888888888932,49.32277777777759,elevation_constrained_sample,0.3724137931034483,GMTED2010 clip gmted2010_mn15_MDG.tif; few altitude samples (n=1); min–max padded band
Madagascar,MDG,Africa,-20.281388888888927,47.2352777777776,elevation_constrained_sample,0.33793103448275863,GMTED2010 clip gmted2010_mn15_MDG.tif; few altitude samples (n=1); min–max padded band
Madagascar,MDG,Africa,-19.906388888888927,46.88944444444426,elevation_constrained_sample,0.7206896551724138,GMTED2010 clip gmted2010_mn15_MDG.tif; few altitude samples (n=1); min–max padded band
Madagascar,MDG,Africa,-19.227222222222263,47.83111111111093,elevation_constrained_sample,0.38275862068965516,GMTED2010 clip gmted2010_mn15_MDG.tif; few altitude samples (n=1); min–max padded band
Madagascar,MDG,Africa,-20.43972222222226,46.822777777777596,elevation_constrained_sample,0.6827586206896552,GMTED2010 clip gmted2010_mn15_MDG.tif; few altitude samples (n=1); min–max padded band
Madagascar,MDG,Africa,-18.660555555555597,47.60194444444426,elevation_constrained_sample,0.15,GMTED2010 clip gmted2010_mn15_MDG.tif; few altitude samples (n=1); min–max padded band
Madagascar,MDG,Africa,-19.85638888888893,47.160277777777594,elevation_constrained_sample,0.7620689655172413,GMTED2010 clip gmted2010_mn15_MDG.tif; few altitude samples (n=1); min–max padded band
Madagascar,MDG,Africa,-20.78972222222226,46.51861111111093,elevation_constrained_sample,0.7448275862068966,GMTED2010 clip gmted2010_mn15_MDG.tif; few altitude samples (n=1); min–max padded band
Madagascar,MDG,Africa,-18.835555555555594,47.80194444444426,elevation_constrained_sample,0.5724137931034483,GMTED2010 clip gmted2010_mn15_MDG.tif; few altitude samples (n=1); min–max padded band
Madagascar,MDG,Africa,-20.448055555555595,47.50194444444426,elevation_constrained_sample,0.15,GMTED2010 clip gmted2010_mn15_MDG.tif; few altitude samples (n=1); min–max padded band
Madagascar,MDG,Africa,-19.773055555555594,47.75194444444426,elevation_constrained_sample,0.7241379310344828,GMTED2010 clip gmted2010_mn15_MDG.tif; few altitude samples (n=1); min–max padded band
Madagascar,MDG,Africa,-18.06472222222226,46.64777777777759,elevation_constrained_sample,0.15,GMTED2010 clip gmted2010_mn15_MDG.tif; few altitude samples (n=1); min–max padded band
Madagascar,MDG,Africa,-23.502222222222258,46.39361111111093,elevation_constrained_sample,0.22758620689655173,GMTED2010 clip gmted2010_mn15_MDG.tif; few altitude samples (n=1); min–max padded band
Madagascar,MDG,Africa,-20.568888888888928,47.46027777777759,elevation_constrained_sample,0.15,GMTED2010 clip gmted2010_mn15_MDG.tif; few altitude samples (n=1); min–max padded band
Madagascar,MDG,Africa,-19.31472222222226,47.568611111110926,elevation_constrained_sample,0.43103448275862066,GMTED2010 clip gmted2010_mn15_MDG.tif; few altitude samples (n=1); min–max padded band
Madagascar,MDG,Africa,-13.981388888888933,49.11444444444426,elevation_constrained_sample,0.6793103448275862,GMTED2010 clip gmted2010_mn15_MDG.tif; few altitude samples (n=1); min–max padded band
Mexico,MEX,Americas,28.10194444444437,-104.68138888888897,elevation_constrained_sample,0.8081395348837209,GMTED2010 clip gmted2010_mn15_MEX.tif; coffee_features altitude p10–p90 → band ~1100–1447 m
Mexico,MEX,Americas,17.597777777777708,-96.21055555555564,elevation_constrained_sample,0.3023255813953488,GMTED2010 clip gmted2010_mn15_MEX.tif; coffee_features altitude p10–p90 → band ~1100–1447 m
Mexico,MEX,Americas,28.981111111111034,-102.32305555555564,elevation_constrained_sample,0.6395348837209303,GMTED2010 clip gmted2010_mn15_MEX.tif; coffee_features altitude p10–p90 → band ~1100–1447 m
Mexico,MEX,Americas,23.63111111111104,-99.92305555555564,elevation_constrained_sample,0.7703488372093024,GMTED2010 clip gmted2010_mn15_MEX.tif; coffee_features altitude p10–p90 → band ~1100–1447 m
Mexico,MEX,Americas,30.07694444444437,-109.5647222222223,elevation_constrained_sample,0.4796511627906977,GMTED2010 clip gmted2010_mn15_MEX.tif; coffee_features altitude p10–p90 → band ~1100–1447 m
Mexico,MEX,Americas,30.368611111111033,-105.24388888888897,elevation_constrained_sample,0.313953488372093,GMTED2010 clip gmted2010_mn15_MEX.tif; coffee_features altitude p10–p90 → band ~1100–1447 m
Mexico,MEX,Americas,30.9352777777777,-110.58555555555563,elevation_constrained_sample,0.15,GMTED2010 clip gmted2010_mn15_MEX.tif; coffee_features altitude p10–p90 → band ~1100–1447 m
Mexico,MEX,Americas,31.731111111111034,-107.22305555555563,elevation_constrained_sample,0.26453488372093026,GMTED2010 clip gmted2010_mn15_MEX.tif; coffee_features altitude p10–p90 → band ~1100–1447 m
Mexico,MEX,Americas,28.706111111111035,-102.56888888888898,elevation_constrained_sample,0.7180232558139535,GMTED2010 clip gmted2010_mn15_MEX.tif; coffee_features altitude p10–p90 → band ~1100–1447 m
Mexico,MEX,Americas,27.643611111111035,-105.04388888888897,elevation_constrained_sample,0.6017441860465116,GMTED2010 clip gmted2010_mn15_MEX.tif; coffee_features altitude p10–p90 → band ~1100–1447 m
Mexico,MEX,Americas,27.63944444444437,-102.36888888888897,elevation_constrained_sample,0.34593023255813954,GMTED2010 clip gmted2010_mn15_MEX.tif; coffee_features altitude p10–p90 → band ~1100–1447 m
Mexico,MEX,Americas,29.089444444444368,-102.36888888888897,elevation_constrained_sample,0.15,GMTED2010 clip gmted2010_mn15_MEX.tif; coffee_features altitude p10–p90 → band ~1100–1447 m
Mexico,MEX,Americas,28.806111111111036,-103.8147222222223,elevation_constrained_sample,0.6511627906976745,GMTED2010 clip gmted2010_mn15_MEX.tif; coffee_features altitude p10–p90 → band ~1100–1447 m
Mexico,MEX,Americas,28.2102777777777,-102.75638888888898,elevation_constrained_sample,0.18604651162790697,GMTED2010 clip gmted2010_mn15_MEX.tif; coffee_features altitude p10–p90 → band ~1100–1447 m
Mexico,MEX,Americas,18.493611111111043,-103.20638888888897,elevation_constrained_sample,0.6308139534883721,GMTED2010 clip gmted2010_mn15_MEX.tif; coffee_features altitude p10–p90 → band ~1100–1447 m
Mexico,MEX,Americas,26.481111111111037,-100.5272222222223,elevation_constrained_sample,0.9098837209302325,GMTED2010 clip gmted2010_mn15_MEX.tif; coffee_features altitude p10–p90 → band ~1100–1447 m
Mexico,MEX,Americas,31.3602777777777,-106.2022222222223,elevation_constrained_sample,0.32848837209302323,GMTED2010 clip gmted2010_mn15_MEX.tif; coffee_features altitude p10–p90 → band ~1100–1447 m
Mexico,MEX,Americas,28.518611111111035,-104.33555555555564,elevation_constrained_sample,0.7703488372093024,GMTED2010 clip gmted2010_mn15_MEX.tif; coffee_features altitude p10–p90 → band ~1100–1447 m
Mexico,MEX,Americas,22.160277777777708,-99.43138888888897,elevation_constrained_sample,0.38372093023255816,GMTED2010 clip gmted2010_mn15_MEX.tif; coffee_features altitude p10–p90 → band ~1100–1447 m
Mexico,MEX,Americas,18.564444444444376,-98.76888888888897,elevation_constrained_sample,0.15,GMTED2010 clip gmted2010_mn15_MEX.tif; coffee_features altitude p10–p90 → band ~1100–1447 m
Mexico,MEX,Americas,30.781111111111034,-106.86055555555564,elevation_constrained_sample,0.3313953488372093,GMTED2010 clip gmted2010_mn15_MEX.tif; coffee_features altitude p10–p90 → band ~1100–1447 m
Mexico,MEX,Americas,31.072777777777702,-109.09388888888897,elevation_constrained_sample,0.7005813953488372,GMTED2010 clip gmted2010_mn15_MEX.tif; coffee_features altitude p10–p90 → band ~1100–1447 m
Mexico,MEX,Americas,17.04361111111104,-91.89805555555564,elevation_constrained_sample,0.15,GMTED2010 clip gmted2010_mn15_MEX.tif; coffee_features altitude p10–p90 → band ~1100–1447 m
Mexico,MEX,Americas,27.156111111111038,-108.35222222222231,elevation_constrained_sample,0.4273255813953488,GMTED2010 clip gmted2010_mn15_MEX.tif; coffee_features altitude p10–p90 → band ~1100–1447 m
Mexico,MEX,Americas,29.151944444444368,-105.2147222222223,elevation_constrained_sample,0.1686046511627907,GMTED2010 clip gmted2010_mn15_MEX.tif; coffee_features altitude p10–p90 → band ~1100–1447 m
Mexico,MEX,Americas,27.7727777777777,-105.34805555555563,elevation_constrained_sample,0.8953488372093024,GMTED2010 clip gmted2010_mn15_MEX.tif; coffee_features altitude p10–p90 → band ~1100–1447 m
Mexico,MEX,Americas,23.239444444444374,-100.55638888888897,elevation_constrained_sample,0.6453488372093024,GMTED2010 clip gmted2010_mn15_MEX.tif; coffee_features altitude p10–p90 → band ~1100–1447 m
Mexico,MEX,Americas,28.73944444444437,-105.25638888888898,elevation_constrained_sample,0.46511627906976744,GMTED2010 clip gmted2010_mn15_MEX.tif; coffee_features altitude p10–p90 → band ~1100–1447 m
Mexico,MEX,Americas,28.297777777777704,-102.20638888888897,elevation_constrained_sample,0.627906976744186,GMTED2010 clip gmted2010_mn15_MEX.tif; coffee_features altitude p10–p90 → band ~1100–1447 m
Mexico,MEX,Americas,25.956111111111035,-107.67305555555564,elevation_constrained_sample,0.8924418604651163,GMTED2010 clip gmted2010_mn15_MEX.tif; coffee_features altitude p10–p90 → band ~1100–1447 m
Mexico,MEX,Americas,27.43944444444437,-104.59805555555563,elevation_constrained_sample,0.9709302325581395,GMTED2010 clip gmted2010_mn15_MEX.tif; coffee_features altitude p10–p90 → band ~1100–1447 m
Mexico,MEX,Americas,26.15194444444437,-104.07305555555564,elevation_constrained_sample,0.46511627906976744,GMTED2010 clip gmted2010_mn15_MEX.tif; coffee_features altitude p10–p90 → band ~1100–1447 m
Mexico,MEX,Americas,29.331111111111035,-105.83555555555564,elevation_constrained_sample,0.37790697674418605,GMTED2010 clip gmted2010_mn15_MEX.tif; coffee_features altitude p10–p90 → band ~1100–1447 m
Mexico,MEX,Americas,18.601944444444374,-100.10638888888897,elevation_constrained_sample,0.15,GMTED2010 clip gmted2010_mn15_MEX.tif; coffee_features altitude p10–p90 → band ~1100–1447 m
Mexico,MEX,Americas,16.61027777777771,-96.4522222222223,elevation_constrained_sample,0.7645348837209303,GMTED2010 clip gmted2010_mn15_MEX.tif; coffee_features altitude p10–p90 → band ~1100–1447 m
Mexico,MEX,Americas,29.943611111111036,-106.79388888888897,elevation_constrained_sample,0.813953488372093,GMTED2010 clip gmted2010_mn15_MEX.tif; coffee_features altitude p10–p90 → band ~1100–1447 m
Mexico,MEX,Americas,28.372777777777703,-103.38138888888898,elevation_constrained_sample,0.18023255813953487,GMTED2010 clip gmted2010_mn15_MEX.tif; coffee_features altitude p10–p90 → band ~1100–1447 m
Mexico,MEX,Americas,28.66444444444437,-106.01888888888897,elevation_constrained_sample,0.7936046511627907,GMTED2010 clip gmted2010_mn15_MEX.tif; coffee_features altitude p10–p90 → band ~1100–1447 m
Mexico,MEX,Americas,22.501944444444373,-100.22722222222231,elevation_constrained_sample,0.7005813953488372,GMTED2010 clip gmted2010_mn15_MEX.tif; coffee_features altitude p10–p90 → band ~1100–1447 m
Mexico,MEX,Americas,31.2727777777777,-110.84805555555563,elevation_constrained_sample,0.3488372093023256,GMTED2010 clip gmted2010_mn15_MEX.tif; coffee_features altitude p10–p90 → band ~1100–1447 m
Mexico,MEX,Americas,17.689444444444376,-96.79805555555564,elevation_constrained_sample,0.7238372093023255,GMTED2010 clip gmted2010_mn15_MEX.tif; coffee_features altitude p10–p90 → band ~1100–1447 m
Mexico,MEX,Americas,16.951944444444376,-95.86472222222231,elevation_constrained_sample,0.6104651162790697,GMTED2010 clip gmted2010_mn15_MEX.tif; coffee_features altitude p10–p90 → band ~1100–1447 m
Mexico,MEX,Americas,27.53944444444437,-102.05638888888897,elevation_constrained_sample,0.7267441860465116,GMTED2010 clip gmted2010_mn15_MEX.tif; coffee_features altitude p10–p90 → band ~1100–1447 m
Mexico,MEX,Americas,18.251944444444376,-99.90638888888897,elevation_constrained_sample,0.19476744186046513,GMTED2010 clip gmted2010_mn15_MEX.tif; coffee_features altitude p10–p90 → band ~1100–1447 m
Mexico,MEX,Americas,30.356111111111034,-107.22305555555563,elevation_constrained_sample,0.7383720930232558,GMTED2010 clip gmted2010_mn15_MEX.tif; coffee_features altitude p10–p90 → band ~1100–1447 m
Mexico,MEX,Americas,27.368611111111036,-105.10222222222231,elevation_constrained_sample,0.7383720930232558,GMTED2010 clip gmted2010_mn15_MEX.tif; coffee_features altitude p10–p90 → band ~1100–1447 m
Mexico,MEX,Americas,25.497777777777703,-101.68555555555564,elevation_constrained_sample,0.7790697674418605,GMTED2010 clip gmted2010_mn15_MEX.tif; coffee_features altitude p10–p90 → band ~1100–1447 m
Mexico,MEX,Americas,31.7477777777777,-115.99388888888896,elevation_constrained_sample,0.18023255813953487,GMTED2010 clip gmted2010_mn15_MEX.tif; coffee_features altitude p10–p90 → band ~1100–1447 m
Mexico,MEX,Americas,27.556111111111036,-104.06055555555564,elevation_constrained_sample,0.686046511627907,GMTED2010 clip gmted2010_mn15_MEX.tif; coffee_features altitude p10–p90 → band ~1100–1447 m
Mexico,MEX,Americas,29.9602777777777,-109.9522222222223,elevation_constrained_sample,0.1511627906976744,GMTED2010 clip gmted2010_mn15_MEX.tif; coffee_features altitude p10–p90 → band ~1100–1447 m
Mexico,MEX,Americas,30.806111111111033,-110.36055555555564,elevation_constrained_sample,0.4273255813953488,GMTED2010 clip gmted2010_mn15_MEX.tif; coffee_features altitude p10–p90 → band ~1100–1447 m
Mexico,MEX,Americas,30.9727777777777,-107.86055555555564,elevation_constrained_sample,0.8313953488372093,GMTED2010 clip gmted2010_mn15_MEX.tif; coffee_features altitude p10–p90 → band ~1100–1447 m
Mexico,MEX,Americas,31.2102777777777,-109.5897222222223,elevation_constrained_sample,0.39244186046511625,GMTED2010 clip gmted2010_mn15_MEX.tif; coffee_features altitude p10–p90 → band ~1100–1447 m
Mexico,MEX,Americas,30.32694444444437,-109.2772222222223,elevation_constrained_sample,0.18604651162790697,GMTED2010 clip gmted2010_mn15_MEX.tif; coffee_features altitude p10–p90 → band ~1100–1447 m
Mexico,MEX,Americas,21.94361111111104,-103.78555555555565,elevation_constrained_sample,0.4186046511627907,GMTED2010 clip gmted2010_mn15_MEX.tif; coffee_features altitude p10–p90 → band ~1100–1447 m
Mexico,MEX,Americas,26.21444444444437,-101.91472222222231,elevation_constrained_sample,0.7034883720930233,GMTED2010 clip gmted2010_mn15_MEX.tif; coffee_features altitude p10–p90 → band ~1100–1447 m
Mexico,MEX,Americas,25.67694444444437,-107.4897222222223,elevation_constrained_sample,0.9825581395348837,GMTED2010 clip gmted2010_mn15_MEX.tif; coffee_features altitude p10–p90 → band ~1100–1447 m
Mexico,MEX,Americas,26.28944444444437,-103.4897222222223,elevation_constrained_sample,0.9796511627906976,GMTED2010 clip gmted2010_mn15_MEX.tif; coffee_features altitude p10–p90 → band ~1100–1447 m
Mexico,MEX,Americas,28.206111111111035,-102.54388888888897,elevation_constrained_sample,0.6569767441860465,GMTED2010 clip gmted2010_mn15_MEX.tif; coffee_features altitude p10–p90 → band ~1100–1447 m
Mexico,MEX,Americas,26.618611111111036,-104.04388888888897,elevation_constrained_sample,0.5406976744186046,GMTED2010 clip gmted2010_mn15_MEX.tif; coffee_features altitude p10–p90 → band ~1100–1447 m
Mexico,MEX,Americas,31.343611111111034,-106.53138888888897,elevation_constrained_sample,0.5174418604651163,GMTED2010 clip gmted2010_mn15_MEX.tif; coffee_features altitude p10–p90 → band ~1100–1447 m
Mexico,MEX,Americas,31.581111111111035,-106.58138888888897,elevation_constrained_sample,0.4069767441860465,GMTED2010 clip gmted2010_mn15_MEX.tif; coffee_features altitude p10–p90 → band ~1100–1447 m
Mexico,MEX,Americas,22.04361111111104,-104.43555555555564,elevation_constrained_sample,1.0,GMTED2010 clip gmted2010_mn15_MEX.tif; coffee_features altitude p10–p90 → band ~1100–1447 m
Mexico,MEX,Americas,27.60194444444437,-103.22722222222231,elevation_constrained_sample,0.1744186046511628,GMTED2010 clip gmted2010_mn15_MEX.tif; coffee_features altitude p10–p90 → band ~1100–1447 m
Mexico,MEX,Americas,30.443611111111032,-105.3772222222223,elevation_constrained_sample,0.6017441860465116,GMTED2010 clip gmted2010_mn15_MEX.tif; coffee_features altitude p10–p90 → band ~1100–1447 m
Mexico,MEX,Americas,30.82694444444437,-108.18555555555564,elevation_constrained_sample,0.877906976744186,GMTED2010 clip gmted2010_mn15_MEX.tif; coffee_features altitude p10–p90 → band ~1100–1447 m
Mexico,MEX,Americas,29.6727777777777,-105.71888888888897,elevation_constrained_sample,0.813953488372093,GMTED2010 clip gmted2010_mn15_MEX.tif; coffee_features altitude p10–p90 → band ~1100–1447 m
Mexico,MEX,Americas,28.914444444444367,-108.6397222222223,elevation_constrained_sample,0.7209302325581395,GMTED2010 clip gmted2010_mn15_MEX.tif; coffee_features altitude p10–p90 → band ~1100–1447 m
Mexico,MEX,Americas,29.026944444444368,-105.93138888888897,elevation_constrained_sample,0.313953488372093,GMTED2010 clip gmted2010_mn15_MEX.tif; coffee_features altitude p10–p90 → band ~1100–1447 m
Mexico,MEX,Americas,31.01444444444437,-107.16055555555563,elevation_constrained_sample,0.3546511627906977,GMTED2010 clip gmted2010_mn15_MEX.tif; coffee_features altitude p10–p90 → band ~1100–1447 m
Mexico,MEX,Americas,26.568611111111036,-103.58555555555564,elevation_constrained_sample,0.4680232558139535,GMTED2010 clip gmted2010_mn15_MEX.tif; coffee_features altitude p10–p90 → band ~1100–1447 m
Mexico,MEX,Americas,28.75194444444437,-104.97305555555563,elevation_constrained_sample,0.34011627906976744,GMTED2010 clip gmted2010_mn15_MEX.tif; coffee_features altitude p10–p90 → band ~1100–1447 m
Mexico,MEX,Americas,29.806111111111036,-106.11888888888897,elevation_constrained_sample,0.9941860465116279,GMTED2010 clip gmted2010_mn15_MEX.tif; coffee_features altitude p10–p90 → band ~1100–1447 m
Mexico,MEX,Americas,26.514444444444372,-102.2397222222223,elevation_constrained_sample,0.45348837209302323,GMTED2010 clip gmted2010_mn15_MEX.tif; coffee_features altitude p10–p90 → band ~1100–1447 m
Mexico,MEX,Americas,25.326944444444372,-102.5147222222223,elevation_constrained_sample,0.15,GMTED2010 clip gmted2010_mn15_MEX.tif; coffee_features altitude p10–p90 → band ~1100–1447 m
Mexico,MEX,Americas,25.98944444444437,-102.38555555555564,elevation_constrained_sample,0.3023255813953488,GMTED2010 clip gmted2010_mn15_MEX.tif; coffee_features altitude p10–p90 → band ~1100–1447 m
Mexico,MEX,Americas,27.560277777777703,-105.8647222222223,elevation_constrained_sample,0.875,GMTED2010 clip gmted2010_mn15_MEX.tif; coffee_features altitude p10–p90 → band ~1100–1447 m
Mexico,MEX,Americas,18.664444444444374,-98.04388888888897,elevation_constrained_sample,0.6656976744186046,GMTED2010 clip gmted2010_mn15_MEX.tif; coffee_features altitude p10–p90 → band ~1100–1447 m
Mexico,MEX,Americas,30.593611111111034,-106.77305555555563,elevation_constrained_sample,0.4069767441860465,GMTED2010 clip gmted2010_mn15_MEX.tif; coffee_features altitude p10–p90 → band ~1100–1447 m
Mexico,MEX,Americas,16.381111111111043,-96.87305555555564,elevation_constrained_sample,0.6395348837209303,GMTED2010 clip gmted2010_mn15_MEX.tif; coffee_features altitude p10–p90 → band ~1100–1447 m
Myanmar,MMR,Asia-Pacific,20.714444444444375,96.73944444444425,elevation_constrained_sample,0.15,GMTED2010 clip gmted2010_mn15_MMR.tif; few altitude samples (n=1); min–max padded band
Myanmar,MMR,Asia-Pacific,26.918611111111037,98.21027777777758,elevation_constrained_sample,0.3110367892976589,GMTED2010 clip gmted2010_mn15_MMR.tif; few altitude samples (n=1); min–max padded band
Myanmar,MMR,Asia-Pacific,22.410277777777708,99.13527777777757,elevation_constrained_sample,0.5919732441471572,GMTED2010 clip gmted2010_mn15_MMR.tif; few altitude samples (n=1); min–max padded band
Myanmar,MMR,Asia-Pacific,26.89361111111104,95.76444444444425,elevation_constrained_sample,0.7558528428093646,GMTED2010 clip gmted2010_mn15_MMR.tif; few altitude samples (n=1); min–max padded band
Myanmar,MMR,Asia-Pacific,18.48527777777771,97.01861111111091,elevation_constrained_sample,0.4013377926421405,GMTED2010 clip gmted2010_mn15_MMR.tif; few altitude samples (n=1); min–max padded band
Myanmar,MMR,Asia-Pacific,20.560277777777706,97.36444444444425,elevation_constrained_sample,0.7290969899665551,GMTED2010 clip gmted2010_mn15_MMR.tif; few altitude samples (n=1); min–max padded band
Myanmar,MMR,Asia-Pacific,20.939444444444373,96.73944444444425,elevation_constrained_sample,0.2709030100334448,GMTED2010 clip gmted2010_mn15_MMR.tif; few altitude samples (n=1); min–max padded band
Myanmar,MMR,Asia-Pacific,22.018611111111042,99.28527777777758,elevation_constrained_sample,0.4414715719063545,GMTED2010 clip gmted2010_mn15_MMR.tif; few altitude samples (n=1); min–max padded band
Myanmar,MMR,Asia-Pacific,26.01861111111104,98.58527777777758,elevation_constrained_sample,0.9230769230769231,GMTED2010 clip gmted2010_mn15_MMR.tif; few altitude samples (n=1); min–max padded band
Myanmar,MMR,Asia-Pacific,26.20611111111104,95.28527777777758,elevation_constrained_sample,0.33444816053511706,GMTED2010 clip gmted2010_mn15_MMR.tif; few altitude samples (n=1); min–max padded band
Myanmar,MMR,Asia-Pacific,20.039444444444374,98.11861111111091,elevation_constrained_sample,0.15,GMTED2010 clip gmted2010_mn15_MMR.tif; few altitude samples (n=1); min–max padded band
Myanmar,MMR,Asia-Pacific,25.647777777777705,95.05611111111091,elevation_constrained_sample,0.39464882943143814,GMTED2010 clip gmted2010_mn15_MMR.tif; few altitude samples (n=1); min–max padded band
Myanmar,MMR,Asia-Pacific,21.78111111111104,99.92277777777758,elevation_constrained_sample,0.15,GMTED2010 clip gmted2010_mn15_MMR.tif; few altitude samples (n=1); min–max padded band
Myanmar,MMR,Asia-Pacific,22.501944444444373,93.75194444444425,elevation_constrained_sample,0.15,GMTED2010 clip gmted2010_mn15_MMR.tif; few altitude samples (n=1); min–max padded band
Myanmar,MMR,Asia-Pacific,27.13944444444437,98.27694444444424,elevation_constrained_sample,0.15,GMTED2010 clip gmted2010_mn15_MMR.tif; few altitude samples (n=1); min–max padded band
Myanmar,MMR,Asia-Pacific,20.50611111111104,96.98527777777758,elevation_constrained_sample,0.15,GMTED2010 clip gmted2010_mn15_MMR.tif; few altitude samples (n=1); min–max padded band
Myanmar,MMR,Asia-Pacific,20.797777777777707,96.77694444444424,elevation_constrained_sample,0.15,GMTED2010 clip gmted2010_mn15_MMR.tif; few altitude samples (n=1); min–max padded band
Myanmar,MMR,Asia-Pacific,21.939444444444373,99.2311111111109,elevation_constrained_sample,0.22073578595317725,GMTED2010 clip gmted2010_mn15_MMR.tif; few altitude samples (n=1); min–max padded band
Myanmar,MMR,Asia-Pacific,22.847777777777708,93.75194444444425,elevation_constrained_sample,0.5250836120401338,GMTED2010 clip gmted2010_mn15_MMR.tif; few altitude samples (n=1); min–max padded band
Myanmar,MMR,Asia-Pacific,22.635277777777706,99.03944444444424,elevation_constrained_sample,0.8996655518394648,GMTED2010 clip gmted2010_mn15_MMR.tif; few altitude samples (n=1); min–max padded band
Myanmar,MMR,Asia-Pacific,21.951944444444372,99.69361111111091,elevation_constrained_sample,0.3612040133779264,GMTED2010 clip gmted2010_mn15_MMR.tif; few altitude samples (n=1); min–max padded band
Myanmar,MMR,Asia-Pacific,20.51027777777771,99.14777777777758,elevation_constrained_sample,0.15,GMTED2010 clip gmted2010_mn15_MMR.tif; few altitude samples (n=1); min–max padded band
Myanmar,MMR,Asia-Pacific,21.956111111111042,98.95611111111091,elevation_constrained_sample,0.38127090301003347,GMTED2010 clip gmted2010_mn15_MMR.tif; few altitude samples (n=1); min–max padded band
Myanmar,MMR,Asia-Pacific,22.91444444444437,96.72277777777758,elevation_constrained_sample,0.16722408026755853,GMTED2010 clip gmted2010_mn15_MMR.tif; few altitude samples (n=1); min–max padded band
Myanmar,MMR,Asia-Pacific,19.376944444444376,96.93527777777757,elevation_constrained_sample,0.5919732441471572,GMTED2010 clip gmted2010_mn15_MMR.tif; few altitude samples (n=1); min–max padded band
Myanmar,MMR,Asia-Pacific,19.893611111111042,96.71861111111092,elevation_constrained_sample,0.5384615384615384,GMTED2010 clip gmted2010_mn15_MMR.tif; few altitude samples (n=1); min–max padded band
Myanmar,MMR,Asia-Pacific,20.53111111111104,96.52277777777758,elevation_constrained_sample,0.9063545150501672,GMTED2010 clip gmted2010_mn15_MMR.tif; few altitude samples (n=1); min–max padded band
Myanmar,MMR,Asia-Pacific,21.476944444444374,99.99777777777757,elevation_constrained_sample,0.3879598662207358,GMTED2010 clip gmted2010_mn15_MMR.tif; few altitude samples (n=1); min–max padded band
Myanmar,MMR,Asia-Pacific,27.860277777777704,97.71861111111092,elevation_constrained_sample,0.4013377926421405,GMTED2010 clip gmted2010_mn15_MMR.tif; few altitude samples (n=1); min–max padded band
Myanmar,MMR,Asia-Pacific,21.21027777777771,93.67694444444425,elevation_constrained_sample,0.7725752508361204,GMTED2010 clip gmted2010_mn15_MMR.tif; few altitude samples (n=1); min–max padded band
Myanmar,MMR,Asia-Pacific,19.806111111111043,96.97694444444424,elevation_constrained_sample,0.15,GMTED2010 clip gmted2010_mn15_MMR.tif; few altitude samples (n=1); min–max padded band
Myanmar,MMR,Asia-Pacific,22.989444444444374,96.55611111111091,elevation_constrained_sample,0.431438127090301,GMTED2010 clip gmted2010_mn15_MMR.tif; few altitude samples (n=1); min–max padded band
Myanmar,MMR,Asia-Pacific,25.668611111111037,94.9811111111109,elevation_constrained_sample,0.705685618729097,GMTED2010 clip gmted2010_mn15_MMR.tif; few altitude samples (n=1); min–max padded band
Myanmar,MMR,Asia-Pacific,21.414444444444374,97.53111111111092,elevation_constrained_sample,0.4916387959866221,GMTED2010 clip gmted2010_mn15_MMR.tif; few altitude samples (n=1); min–max padded band
Myanmar,MMR,Asia-Pacific,22.281111111111038,93.30194444444425,elevation_constrained_sample,0.25418060200668896,GMTED2010 clip gmted2010_mn15_MMR.tif; few altitude samples (n=1); min–max padded band
Myanmar,MMR,Asia-Pacific,21.535277777777708,101.02277777777758,elevation_constrained_sample,0.3010033444816054,GMTED2010 clip gmted2010_mn15_MMR.tif; few altitude samples (n=1); min–max padded band
Myanmar,MMR,Asia-Pacific,23.19361111111104,97.11861111111091,elevation_constrained_sample,0.5852842809364549,GMTED2010 clip gmted2010_mn15_MMR.tif; few altitude samples (n=1); min–max padded band
Myanmar,MMR,Asia-Pacific,20.71027777777771,97.06444444444425,elevation_constrained_sample,0.5050167224080268,GMTED2010 clip gmted2010_mn15_MMR.tif; few altitude samples (n=1); min–max padded band
Myanmar,MMR,Asia-Pacific,21.910277777777708,98.98527777777758,elevation_constrained_sample,0.15,GMTED2010 clip gmted2010_mn15_MMR.tif; few altitude samples (n=1); min–max padded band
Myanmar,MMR,Asia-Pacific,20.001944444444376,98.62277777777757,elevation_constrained_sample,0.5518394648829431,GMTED2010 clip gmted2010_mn15_MMR.tif; few altitude samples (n=1); min–max padded band
Myanmar,MMR,Asia-Pacific,25.806111111111036,95.28944444444424,elevation_constrained_sample,0.1605351170568562,GMTED2010 clip gmted2010_mn15_MMR.tif; few altitude samples (n=1); min–max padded band
Myanmar,MMR,Asia-Pacific,19.681111111111043,96.80194444444425,elevation_constrained_sample,0.2508361204013378,GMTED2010 clip gmted2010_mn15_MMR.tif; few altitude samples (n=1); min–max padded band
Myanmar,MMR,Asia-Pacific,25.093611111111038,94.7936111111109,elevation_constrained_sample,0.34782608695652173,GMTED2010 clip gmted2010_mn15_MMR.tif; few altitude samples (n=1); min–max padded band
Myanmar,MMR,Asia-Pacific,20.226944444444374,97.33527777777758,elevation_constrained_sample,0.15,GMTED2010 clip gmted2010_mn15_MMR.tif; few altitude samples (n=1); min–max padded band
Myanmar,MMR,Asia-Pacific,25.885277777777706,95.36027777777758,elevation_constrained_sample,0.33444816053511706,GMTED2010 clip gmted2010_mn15_MMR.tif; few altitude samples (n=1); min–max padded band
Myanmar,MMR,Asia-Pacific,19.58527777777771,96.99777777777757,elevation_constrained_sample,0.15,GMTED2010 clip gmted2010_mn15_MMR.tif; few altitude samples (n=1); min–max padded band
Myanmar,MMR,Asia-Pacific,23.935277777777706,97.44777777777757,elevation_constrained_sample,0.15,GMTED2010 clip gmted2010_mn15_MMR.tif; few altitude samples (n=1); min–max padded band
Myanmar,MMR,Asia-Pacific,20.56861111111104,97.46861111111092,elevation_constrained_sample,0.9431438127090301,GMTED2010 clip gmted2010_mn15_MMR.tif; few altitude samples (n=1); min–max padded band
Myanmar,MMR,Asia-Pacific,20.601944444444374,97.61861111111091,elevation_constrained_sample,0.15,GMTED2010 clip gmted2010_mn15_MMR.tif; few altitude samples (n=1); min–max padded band
Myanmar,MMR,Asia-Pacific,27.381111111111036,97.18527777777757,elevation_constrained_sample,0.3377926421404682,GMTED2010 clip gmted2010_mn15_MMR.tif; few altitude samples (n=1); min–max padded band
Myanmar,MMR,Asia-Pacific,22.951944444444372,99.2936111111109,elevation_constrained_sample,0.15,GMTED2010 clip gmted2010_mn15_MMR.tif; few altitude samples (n=1); min–max padded band
Myanmar,MMR,Asia-Pacific,20.90611111111104,96.75194444444425,elevation_constrained_sample,0.22742474916387959,GMTED2010 clip gmted2010_mn15_MMR.tif; few altitude samples (n=1); min–max padded band
Myanmar,MMR,Asia-Pacific,23.897777777777705,93.45194444444425,elevation_constrained_sample,0.28762541806020064,GMTED2010 clip gmted2010_mn15_MMR.tif; few altitude samples (n=1); min–max padded band
Myanmar,MMR,Asia-Pacific,20.306111111111043,96.82277777777757,elevation_constrained_sample,0.8461538461538461,GMTED2010 clip gmted2010_mn15_MMR.tif; few altitude samples (n=1); min–max padded band
Myanmar,MMR,Asia-Pacific,21.29361111111104,93.60194444444424,elevation_constrained_sample,0.22073578595317725,GMTED2010 clip gmted2010_mn15_MMR.tif; few altitude samples (n=1); min–max padded band
Myanmar,MMR,Asia-Pacific,20.55611111111104,98.74777777777757,elevation_constrained_sample,0.15,GMTED2010 clip gmted2010_mn15_MMR.tif; few altitude samples (n=1); min–max padded band
Myanmar,MMR,Asia-Pacific,26.781111111111038,98.06861111111091,elevation_constrained_sample,0.8127090301003345,GMTED2010 clip gmted2010_mn15_MMR.tif; few altitude samples (n=1); min–max padded band
Myanmar,MMR,Asia-Pacific,22.94361111111104,97.14777777777758,elevation_constrained_sample,0.5083612040133779,GMTED2010 clip gmted2010_mn15_MMR.tif; few altitude samples (n=1); min–max padded band
Myanmar,MMR,Asia-Pacific,26.389444444444372,95.46027777777758,elevation_constrained_sample,1.0,GMTED2010 clip gmted2010_mn15_MMR.tif; few altitude samples (n=1); min–max padded band
Myanmar,MMR,Asia-Pacific,27.093611111111038,97.33944444444424,elevation_constrained_sample,0.8060200668896321,GMTED2010 clip gmted2010_mn15_MMR.tif; few altitude samples (n=1); min–max padded band
Myanmar,MMR,Asia-Pacific,22.201944444444372,93.67694444444425,elevation_constrained_sample,0.6454849498327759,GMTED2010 clip gmted2010_mn15_MMR.tif; few altitude samples (n=1); min–max padded band
Myanmar,MMR,Asia-Pacific,23.085277777777705,99.08944444444424,elevation_constrained_sample,0.3076923076923077,GMTED2010 clip gmted2010_mn15_MMR.tif; few altitude samples (n=1); min–max padded band
Myanmar,MMR,Asia-Pacific,23.485277777777707,98.6686111111109,elevation_constrained_sample,0.5217391304347826,GMTED2010 clip gmted2010_mn15_MMR.tif; few altitude samples (n=1); min–max padded band
Myanmar,MMR,Asia-Pacific,24.35194444444437,97.58944444444424,elevation_constrained_sample,0.21739130434782608,GMTED2010 clip gmted2010_mn15_MMR.tif; few altitude samples (n=1); min–max padded band
Myanmar,MMR,Asia-Pacific,21.80611111111104,99.81444444444425,elevation_constrained_sample,0.5719063545150501,GMTED2010 clip gmted2010_mn15_MMR.tif; few altitude samples (n=1); min–max padded band
Myanmar,MMR,Asia-Pacific,25.96444444444437,95.24361111111091,elevation_constrained_sample,0.5217391304347826,GMTED2010 clip gmted2010_mn15_MMR.tif; few altitude samples (n=1); min–max padded band
Myanmar,MMR,Asia-Pacific,27.818611111111036,97.81027777777757,elevation_constrained_sample,0.8461538461538461,GMTED2010 clip gmted2010_mn15_MMR.tif; few altitude samples (n=1); min–max padded band
Myanmar,MMR,Asia-Pacific,22.38111111111104,93.53944444444424,elevation_constrained_sample,0.4882943143812709,GMTED2010 clip gmted2010_mn15_MMR.tif; few altitude samples (n=1); min–max padded band
Myanmar,MMR,Asia-Pacific,23.076944444444372,97.18944444444425,elevation_constrained_sample,0.9899665551839465,GMTED2010 clip gmted2010_mn15_MMR.tif; few altitude samples (n=1); min–max padded band
Myanmar,MMR,Asia-Pacific,26.293611111111037,95.37694444444425,elevation_constrained_sample,0.8929765886287625,GMTED2010 clip gmted2010_mn15_MMR.tif; few altitude samples (n=1); min–max padded band
Myanmar,MMR,Asia-Pacific,27.056111111111036,97.93944444444425,elevation_constrained_sample,0.4180602006688963,GMTED2010 clip gmted2010_mn15_MMR.tif; few altitude samples (n=1); min–max padded band
Myanmar,MMR,Asia-Pacific,20.03111111111104,98.69361111111091,elevation_constrained_sample,0.47491638795986624,GMTED2010 clip gmted2010_mn15_MMR.tif; few altitude samples (n=1); min–max padded band
Myanmar,MMR,Asia-Pacific,27.28944444444437,98.00611111111091,elevation_constrained_sample,0.22742474916387959,GMTED2010 clip gmted2010_mn15_MMR.tif; few altitude samples (n=1); min–max padded band
Myanmar,MMR,Asia-Pacific,20.59361111111104,96.55611111111091,elevation_constrained_sample,0.725752508361204,GMTED2010 clip gmted2010_mn15_MMR.tif; few altitude samples (n=1); min–max padded band
Myanmar,MMR,Asia-Pacific,22.80611111111104,93.57277777777757,elevation_constrained_sample,0.6354515050167224,GMTED2010 clip gmted2010_mn15_MMR.tif; few altitude samples (n=1); min–max padded band
Myanmar,MMR,Asia-Pacific,19.69361111111104,98.48527777777758,elevation_constrained_sample,0.8963210702341137,GMTED2010 clip gmted2010_mn15_MMR.tif; few altitude samples (n=1); min–max padded band
Myanmar,MMR,Asia-Pacific,23.639444444444372,97.86861111111091,elevation_constrained_sample,0.3979933110367893,GMTED2010 clip gmted2010_mn15_MMR.tif; few altitude samples (n=1); min–max padded band
Myanmar,MMR,Asia-Pacific,23.251944444444373,98.86861111111091,elevation_constrained_sample,0.35451505016722407,GMTED2010 clip gmted2010_mn15_MMR.tif; few altitude samples (n=1); min–max padded band
Myanmar,MMR,Asia-Pacific,21.310277777777706,93.97277777777758,elevation_constrained_sample,0.22742474916387959,GMTED2010 clip gmted2010_mn15_MMR.tif; few altitude samples (n=1); min–max padded band
Myanmar,MMR,Asia-Pacific,22.985277777777707,98.95611111111091,elevation_constrained_sample,0.6454849498327759,GMTED2010 clip gmted2010_mn15_MMR.tif; few altitude samples (n=1); min–max padded band
Panama,PAN,Americas,8.051944444444391,-77.25638888888899,elevation_constrained_sample,0.6956521739130435,GMTED2010 clip gmted2010_mn15_PAN.tif; few altitude samples (n=2); min–max padded band
Panama,PAN,Americas,7.939444444444391,-77.71055555555566,elevation_constrained_sample,0.4882943143812709,GMTED2010 clip gmted2010_mn15_PAN.tif; few altitude samples (n=2); min–max padded band
Panama,PAN,Americas,8.935277777777724,-82.37722222222233,elevation_constrained_sample,0.32441471571906355,GMTED2010 clip gmted2010_mn15_PAN.tif; few altitude samples (n=2); min–max padded band
Panama,PAN,Americas,7.756111111111057,-77.74388888888899,elevation_constrained_sample,0.6923076923076923,GMTED2010 clip gmted2010_mn15_PAN.tif; few altitude samples (n=2); min–max padded band
Panama,PAN,Americas,8.760277777777723,-82.218888888889,elevation_constrained_sample,0.5418060200668896,GMTED2010 clip gmted2010_mn15_PAN.tif; few altitude samples (n=2); min–max padded band
Panama,PAN,Americas,7.622777777777724,-77.97305555555566,elevation_constrained_sample,0.3745819397993311,GMTED2010 clip gmted2010_mn15_PAN.tif; few altitude samples (n=2); min–max padded band
Panama,PAN,Americas,8.747777777777724,-82.22305555555566,elevation_constrained_sample,0.5852842809364549,GMTED2010 clip gmted2010_mn15_PAN.tif; few altitude samples (n=2); min–max padded band
Panama,PAN,Americas,8.75194444444439,-82.69388888888899,elevation_constrained_sample,0.7759197324414716,GMTED2010 clip gmted2010_mn15_PAN.tif; few altitude samples (n=2); min–max padded band
Panama,PAN,Americas,7.764444444444391,-77.61055555555566,elevation_constrained_sample,0.15,GMTED2010 clip gmted2010_mn15_PAN.tif; few altitude samples (n=2); min–max padded band
Panama,PAN,Americas,8.631111111111057,-81.53555555555566,elevation_constrained_sample,0.8662207357859532,GMTED2010 clip gmted2010_mn15_PAN.tif; few altitude samples (n=2); min–max padded band
Panama,PAN,Americas,8.756111111111057,-82.12305555555565,elevation_constrained_sample,0.38127090301003347,GMTED2010 clip gmted2010_mn15_PAN.tif; few altitude samples (n=2); min–max padded band
Panama,PAN,Americas,8.78944444444439,-82.218888888889,elevation_constrained_sample,0.22742474916387959,GMTED2010 clip gmted2010_mn15_PAN.tif; few altitude samples (n=2); min–max padded band
Panama,PAN,Americas,9.12694444444439,-82.66888888888899,elevation_constrained_sample,0.5953177257525084,GMTED2010 clip gmted2010_mn15_PAN.tif; few altitude samples (n=2); min–max padded band
Panama,PAN,Americas,9.28944444444439,-82.61472222222233,elevation_constrained_sample,0.22742474916387959,GMTED2010 clip gmted2010_mn15_PAN.tif; few altitude samples (n=2); min–max padded band
Panama,PAN,Americas,9.38944444444439,-82.86472222222233,elevation_constrained_sample,0.6989966555183946,GMTED2010 clip gmted2010_mn15_PAN.tif; few altitude samples (n=2); min–max padded band
Panama,PAN,Americas,8.547777777777723,-80.84805555555566,elevation_constrained_sample,0.5016722408026756,GMTED2010 clip gmted2010_mn15_PAN.tif; few altitude samples (n=2); min–max padded band
Panama,PAN,Americas,7.747777777777724,-78.24388888888899,elevation_constrained_sample,0.862876254180602,GMTED2010 clip gmted2010_mn15_PAN.tif; few altitude samples (n=2); min–max padded band
Panama,PAN,Americas,8.568611111111057,-80.83555555555566,elevation_constrained_sample,0.6254180602006689,GMTED2010 clip gmted2010_mn15_PAN.tif; few altitude samples (n=2); min–max padded band
Panama,PAN,Americas,8.776944444444391,-82.66888888888899,elevation_constrained_sample,0.9832775919732442,GMTED2010 clip gmted2010_mn15_PAN.tif; few altitude samples (n=2); min–max padded band
Panama,PAN,Americas,8.781111111111057,-82.41888888888899,elevation_constrained_sample,0.979933110367893,GMTED2010 clip gmted2010_mn15_PAN.tif; few altitude samples (n=2); min–max padded band
Panama,PAN,Americas,8.714444444444391,-82.61472222222233,elevation_constrained_sample,0.15,GMTED2010 clip gmted2010_mn15_PAN.tif; few altitude samples (n=2); min–max padded band
Panama,PAN,Americas,9.122777777777724,-82.56055555555565,elevation_constrained_sample,0.15719063545150502,GMTED2010 clip gmted2010_mn15_PAN.tif; few altitude samples (n=2); min–max padded band
Panama,PAN,Americas,8.56444444444439,-81.28972222222232,elevation_constrained_sample,0.6789297658862876,GMTED2010 clip gmted2010_mn15_PAN.tif; few altitude samples (n=2); min–max padded band
Panama,PAN,Americas,8.722777777777724,-81.84805555555566,elevation_constrained_sample,0.5451505016722408,GMTED2010 clip gmted2010_mn15_PAN.tif; few altitude samples (n=2); min–max padded band
Panama,PAN,Americas,7.693611111111057,-78.20222222222233,elevation_constrained_sample,0.15,GMTED2010 clip gmted2010_mn15_PAN.tif; few altitude samples (n=2); min–max padded band
Panama,PAN,Americas,7.797777777777724,-77.71472222222232,elevation_constrained_sample,0.47491638795986624,GMTED2010 clip gmted2010_mn15_PAN.tif; few altitude samples (n=2); min–max padded band
Panama,PAN,Americas,8.910277777777724,-82.32305555555565,elevation_constrained_sample,0.7759197324414716,GMTED2010 clip gmted2010_mn15_PAN.tif; few altitude samples (n=2); min–max padded band
Panama,PAN,Americas,8.57694444444439,-81.29805555555566,elevation_constrained_sample,0.15,GMTED2010 clip gmted2010_mn15_PAN.tif; few altitude samples (n=2); min–max padded band
Panama,PAN,Americas,8.63944444444439,-82.02722222222232,elevation_constrained_sample,0.5050167224080268,GMTED2010 clip gmted2010_mn15_PAN.tif; few altitude samples (n=2); min–max padded band
Panama,PAN,Americas,8.593611111111057,-80.97722222222232,elevation_constrained_sample,0.9230769230769231,GMTED2010 clip gmted2010_mn15_PAN.tif; few altitude samples (n=2); min–max padded band
Panama,PAN,Americas,8.681111111111058,-82.22305555555566,elevation_constrained_sample,0.6287625418060201,GMTED2010 clip gmted2010_mn15_PAN.tif; few altitude samples (n=2); min–max padded band
Panama,PAN,Americas,8.972777777777724,-82.52722222222232,elevation_constrained_sample,0.882943143812709,GMTED2010 clip gmted2010_mn15_PAN.tif; few altitude samples (n=2); min–max padded band
Panama,PAN,Americas,8.531111111111057,-81.27722222222232,elevation_constrained_sample,0.6086956521739131,GMTED2010 clip gmted2010_mn15_PAN.tif; few altitude samples (n=2); min–max padded band
Panama,PAN,Americas,8.551944444444391,-80.89805555555566,elevation_constrained_sample,0.24414715719063546,GMTED2010 clip gmted2010_mn15_PAN.tif; few altitude samples (n=2); min–max padded band
Panama,PAN,Americas,8.722777777777724,-82.60638888888899,elevation_constrained_sample,0.49498327759197325,GMTED2010 clip gmted2010_mn15_PAN.tif; few altitude samples (n=2); min–max padded band
Panama,PAN,Americas,9.22694444444439,-82.893888888889,elevation_constrained_sample,0.42474916387959866,GMTED2010 clip gmted2010_mn15_PAN.tif; few altitude samples (n=2); min–max padded band
Panama,PAN,Americas,8.47694444444439,-81.706388888889,elevation_constrained_sample,0.2608695652173913,GMTED2010 clip gmted2010_mn15_PAN.tif; few altitude samples (n=2); min–max padded band
Panama,PAN,Americas,8.70194444444439,-82.51055555555565,elevation_constrained_sample,0.15,GMTED2010 clip gmted2010_mn15_PAN.tif; few altitude samples (n=2); min–max padded band
Panama,PAN,Americas,8.572777777777723,-80.86055555555566,elevation_constrained_sample,0.35785953177257523,GMTED2010 clip gmted2010_mn15_PAN.tif; few altitude samples (n=2); min–max padded band
Panama,PAN,Americas,8.706111111111056,-81.50222222222233,elevation_constrained_sample,0.9765886287625418,GMTED2010 clip gmted2010_mn15_PAN.tif; few altitude samples (n=2); min–max padded band
Panama,PAN,Americas,8.51444444444439,-81.29388888888899,elevation_constrained_sample,0.822742474916388,GMTED2010 clip gmted2010_mn15_PAN.tif; few altitude samples (n=2); min–max padded band
Panama,PAN,Americas,8.547777777777723,-81.23972222222233,elevation_constrained_sample,0.24414715719063546,GMTED2010 clip gmted2010_mn15_PAN.tif; few altitude samples (n=2); min–max padded band
Panama,PAN,Americas,8.62694444444439,-82.13972222222233,elevation_constrained_sample,0.6354515050167224,GMTED2010 clip gmted2010_mn15_PAN.tif; few altitude samples (n=2); min–max padded band
Panama,PAN,Americas,8.510277777777723,-80.83555555555566,elevation_constrained_sample,0.7290969899665551,GMTED2010 clip gmted2010_mn15_PAN.tif; few altitude samples (n=2); min–max padded band
Panama,PAN,Americas,9.022777777777723,-82.61472222222233,elevation_constrained_sample,0.5986622073578596,GMTED2010 clip gmted2010_mn15_PAN.tif; few altitude samples (n=2); min–max padded band
Panama,PAN,Americas,8.806111111111058,-82.43138888888899,elevation_constrained_sample,0.7357859531772575,GMTED2010 clip gmted2010_mn15_PAN.tif; few altitude samples (n=2); min–max padded band
Panama,PAN,Americas,8.818611111111057,-82.75638888888899,elevation_constrained_sample,0.6722408026755853,GMTED2010 clip gmted2010_mn15_PAN.tif; few altitude samples (n=2); min–max padded band
Panama,PAN,Americas,8.760277777777723,-82.65222222222232,elevation_constrained_sample,1.0,GMTED2010 clip gmted2010_mn15_PAN.tif; few altitude samples (n=2); min–max padded band
Panama,PAN,Americas,8.12694444444439,-77.30222222222233,elevation_constrained_sample,0.7859531772575251,GMTED2010 clip gmted2010_mn15_PAN.tif; few altitude samples (n=2); min–max padded band
Panama,PAN,Americas,7.610277777777725,-77.62722222222233,elevation_constrained_sample,0.7859531772575251,GMTED2010 clip gmted2010_mn15_PAN.tif; few altitude samples (n=2); min–max padded band
Panama,PAN,Americas,8.722777777777724,-82.61055555555566,elevation_constrained_sample,0.4682274247491639,GMTED2010 clip gmted2010_mn15_PAN.tif; few altitude samples (n=2); min–max padded band
Panama,PAN,Americas,8.518611111111056,-80.99388888888899,elevation_constrained_sample,0.27759197324414714,GMTED2010 clip gmted2010_mn15_PAN.tif; few altitude samples (n=2); min–max padded band
Panama,PAN,Americas,9.13944444444439,-82.67305555555566,elevation_constrained_sample,0.2608695652173913,GMTED2010 clip gmted2010_mn15_PAN.tif; few altitude samples (n=2); min–max padded band
Panama,PAN,Americas,8.53944444444439,-81.51472222222233,elevation_constrained_sample,0.15,GMTED2010 clip gmted2010_mn15_PAN.tif; few altitude samples (n=2); min–max padded band
Panama,PAN,Americas,8.73944444444439,-82.25222222222233,elevation_constrained_sample,0.34448160535117056,GMTED2010 clip gmted2010_mn15_PAN.tif; few altitude samples (n=2); min–max padded band
Panama,PAN,Americas,8.781111111111057,-82.44388888888899,elevation_constrained_sample,0.5351170568561873,GMTED2010 clip gmted2010_mn15_PAN.tif; few altitude samples (n=2); min–max padded band
Panama,PAN,Americas,8.75194444444439,-82.31055555555565,elevation_constrained_sample,0.9765886287625418,GMTED2010 clip gmted2010_mn15_PAN.tif; few altitude samples (n=2); min–max padded band
Panama,PAN,Americas,8.556111111111058,-80.73138888888899,elevation_constrained_sample,0.42474916387959866,GMTED2010 clip gmted2010_mn15_PAN.tif; few altitude samples (n=2); min–max padded band
Panama,PAN,Americas,8.610277777777723,-80.89805555555566,elevation_constrained_sample,0.7792642140468228,GMTED2010 clip gmted2010_mn15_PAN.tif; few altitude samples (n=2); min–max padded band
Panama,PAN,Americas,8.631111111111057,-80.88555555555565,elevation_constrained_sample,0.27759197324414714,GMTED2010 clip gmted2010_mn15_PAN.tif; few altitude samples (n=2); min–max padded band
Panama,PAN,Americas,8.535277777777724,-81.31055555555565,elevation_constrained_sample,0.31438127090301005,GMTED2010 clip gmted2010_mn15_PAN.tif; few altitude samples (n=2); min–max padded band
Panama,PAN,Americas,8.526944444444391,-81.77722222222232,elevation_constrained_sample,0.5150501672240803,GMTED2010 clip gmted2010_mn15_PAN.tif; few altitude samples (n=2); min–max padded band
Panama,PAN,Americas,8.585277777777723,-81.56055555555565,elevation_constrained_sample,0.6421404682274248,GMTED2010 clip gmted2010_mn15_PAN.tif; few altitude samples (n=2); min–max padded band
Panama,PAN,Americas,8.806111111111058,-82.74388888888899,elevation_constrained_sample,0.15,GMTED2010 clip gmted2010_mn15_PAN.tif; few altitude samples (n=2); min–max padded band
Panama,PAN,Americas,8.922777777777723,-82.36055555555566,elevation_constrained_sample,0.8561872909698997,GMTED2010 clip gmted2010_mn15_PAN.tif; few altitude samples (n=2); min–max padded band
Panama,PAN,Americas,8.56444444444439,-81.45222222222233,elevation_constrained_sample,0.8361204013377926,GMTED2010 clip gmted2010_mn15_PAN.tif; few altitude samples (n=2); min–max padded band
Panama,PAN,Americas,7.664444444444391,-77.656388888889,elevation_constrained_sample,0.7357859531772575,GMTED2010 clip gmted2010_mn15_PAN.tif; few altitude samples (n=2); min–max padded band
Panama,PAN,Americas,9.397777777777723,-82.86055555555566,elevation_constrained_sample,0.5585284280936454,GMTED2010 clip gmted2010_mn15_PAN.tif; few altitude samples (n=2); min–max padded band
Panama,PAN,Americas,8.593611111111057,-81.33555555555566,elevation_constrained_sample,0.15,GMTED2010 clip gmted2010_mn15_PAN.tif; few altitude samples (n=2); min–max padded band
Panama,PAN,Americas,8.560277777777724,-81.33555555555566,elevation_constrained_sample,0.9130434782608695,GMTED2010 clip gmted2010_mn15_PAN.tif; few altitude samples (n=2); min–max padded band
Panama,PAN,Americas,8.526944444444391,-81.36888888888899,elevation_constrained_sample,0.44481605351170567,GMTED2010 clip gmted2010_mn15_PAN.tif; few altitude samples (n=2); min–max padded band
Panama,PAN,Americas,8.985277777777723,-82.54388888888899,elevation_constrained_sample,0.1505016722408027,GMTED2010 clip gmted2010_mn15_PAN.tif; few altitude samples (n=2); min–max padded band
Panama,PAN,Americas,8.62694444444439,-82.03972222222232,elevation_constrained_sample,0.8862876254180602,GMTED2010 clip gmted2010_mn15_PAN.tif; few altitude samples (n=2); min–max padded band
Panama,PAN,Americas,9.08944444444439,-82.69388888888899,elevation_constrained_sample,0.979933110367893,GMTED2010 clip gmted2010_mn15_PAN.tif; few altitude samples (n=2); min–max padded band
Panama,PAN,Americas,7.576944444444391,-77.52722222222232,elevation_constrained_sample,0.3979933110367893,GMTED2010 clip gmted2010_mn15_PAN.tif; few altitude samples (n=2); min–max padded band
Panama,PAN,Americas,8.75194444444439,-82.47305555555566,elevation_constrained_sample,0.7792642140468228,GMTED2010 clip gmted2010_mn15_PAN.tif; few altitude samples (n=2); min–max padded band
Panama,PAN,Americas,8.493611111111058,-81.26055555555565,elevation_constrained_sample,0.3612040133779264,GMTED2010 clip gmted2010_mn15_PAN.tif; few altitude samples (n=2); min–max padded band
Panama,PAN,Americas,8.697777777777723,-82.57722222222232,elevation_constrained_sample,0.15,GMTED2010 clip gmted2010_mn15_PAN.tif; few altitude samples (n=2); min–max padded band
Panama,PAN,Americas,8.722777777777724,-82.63555555555565,elevation_constrained_sample,0.1605351170568562,GMTED2010 clip gmted2010_mn15_PAN.tif; few altitude samples (n=2); min–max padded band
Panama,PAN,Americas,8.022777777777724,-77.24805555555567,elevation_constrained_sample,0.5652173913043478,GMTED2010 clip gmted2010_mn15_PAN.tif; few altitude samples (n=2); min–max padded band
Peru,PER,Americas,-18.156388888888934,-69.956388888889,elevation_constrained_sample,0.7482993197278912,GMTED2010 clip gmted2010_mn15_PER.tif; coffee_features altitude p10–p90 → band ~1500–1805 m
Peru,PER,Americas,-5.489722222222277,-77.49805555555565,elevation_constrained_sample,0.5578231292517006,GMTED2010 clip gmted2010_mn15_PER.tif; coffee_features altitude p10–p90 → band ~1500–1805 m
Peru,PER,Americas,-12.627222222222272,-72.77305555555566,elevation_constrained_sample,0.15,GMTED2010 clip gmted2010_mn15_PER.tif; coffee_features altitude p10–p90 → band ~1500–1805 m
Peru,PER,Americas,-17.7105555555556,-70.30222222222233,elevation_constrained_sample,0.2619047619047619,GMTED2010 clip gmted2010_mn15_PER.tif; coffee_features altitude p10–p90 → band ~1500–1805 m
Peru,PER,Americas,-9.51888888888894,-75.89805555555566,elevation_constrained_sample,0.15,GMTED2010 clip gmted2010_mn15_PER.tif; coffee_features altitude p10–p90 → band ~1500–1805 m
Peru,PER,Americas,-5.639722222222276,-79.34805555555566,elevation_constrained_sample,0.8435374149659864,GMTED2010 clip gmted2010_mn15_PER.tif; coffee_features altitude p10–p90 → band ~1500–1805 m
Peru,PER,Americas,-14.87722222222227,-74.83555555555566,elevation_constrained_sample,0.8945578231292517,GMTED2010 clip gmted2010_mn15_PER.tif; coffee_features altitude p10–p90 → band ~1500–1805 m
Peru,PER,Americas,-16.043888888888937,-73.86888888888899,elevation_constrained_sample,0.15,GMTED2010 clip gmted2010_mn15_PER.tif; coffee_features altitude p10–p90 → band ~1500–1805 m
Peru,PER,Americas,-15.15222222222227,-74.53555555555566,elevation_constrained_sample,0.8027210884353742,GMTED2010 clip gmted2010_mn15_PER.tif; coffee_features altitude p10–p90 → band ~1500–1805 m
Peru,PER,Americas,-12.989722222222271,-73.418888888889,elevation_constrained_sample,0.7380952380952381,GMTED2010 clip gmted2010_mn15_PER.tif; coffee_features altitude p10–p90 → band ~1500–1805 m
Peru,PER,Americas,-6.168888888888943,-78.67722222222233,elevation_constrained_sample,0.32653061224489793,GMTED2010 clip gmted2010_mn15_PER.tif; coffee_features altitude p10–p90 → band ~1500–1805 m
Peru,PER,Americas,-8.081388888888942,-76.86888888888899,elevation_constrained_sample,0.7108843537414966,GMTED2010 clip gmted2010_mn15_PER.tif; coffee_features altitude p10–p90 → band ~1500–1805 m
Peru,PER,Americas,-4.693888888888943,-79.65638888888898,elevation_constrained_sample,0.8027210884353742,GMTED2010 clip gmted2010_mn15_PER.tif; coffee_features altitude p10–p90 → band ~1500–1805 m
Peru,PER,Americas,-3.323055555555611,-78.08555555555566,elevation_constrained_sample,0.445578231292517,GMTED2010 clip gmted2010_mn15_PER.tif; coffee_features altitude p10–p90 → band ~1500–1805 m
Peru,PER,Americas,-5.560555555555609,-77.93555555555565,elevation_constrained_sample,0.6428571428571429,GMTED2010 clip gmted2010_mn15_PER.tif; coffee_features altitude p10–p90 → band ~1500–1805 m
Peru,PER,Americas,-6.07305555555561,-78.44805555555565,elevation_constrained_sample,0.6598639455782312,GMTED2010 clip gmted2010_mn15_PER.tif; coffee_features altitude p10–p90 → band ~1500–1805 m
Peru,PER,Americas,-16.123055555555602,-72.718888888889,elevation_constrained_sample,0.3741496598639456,GMTED2010 clip gmted2010_mn15_PER.tif; coffee_features altitude p10–p90 → band ~1500–1805 m
Peru,PER,Americas,-9.639722222222273,-77.97305555555566,elevation_constrained_sample,0.15,GMTED2010 clip gmted2010_mn15_PER.tif; coffee_features altitude p10–p90 → band ~1500–1805 m
Peru,PER,Americas,-8.489722222222275,-76.10222222222232,elevation_constrained_sample,0.15,GMTED2010 clip gmted2010_mn15_PER.tif; coffee_features altitude p10–p90 → band ~1500–1805 m
Peru,PER,Americas,-6.635555555555609,-77.26472222222233,elevation_constrained_sample,0.15,GMTED2010 clip gmted2010_mn15_PER.tif; coffee_features altitude p10–p90 → band ~1500–1805 m
Peru,PER,Americas,-13.498055555555604,-70.35222222222232,elevation_constrained_sample,0.22448979591836735,GMTED2010 clip gmted2010_mn15_PER.tif; coffee_features altitude p10–p90 → band ~1500–1805 m
Peru,PER,Americas,-11.593888888888939,-74.26055555555565,elevation_constrained_sample,0.15,GMTED2010 clip gmted2010_mn15_PER.tif; coffee_features altitude p10–p90 → band ~1500–1805 m
Peru,PER,Americas,-13.727222222222272,-69.18972222222233,elevation_constrained_sample,0.19727891156462585,GMTED2010 clip gmted2010_mn15_PER.tif; coffee_features altitude p10–p90 → band ~1500–1805 m
Peru,PER,Americas,-9.614722222222273,-74.59805555555566,elevation_constrained_sample,0.272108843537415,GMTED2010 clip gmted2010_mn15_PER.tif; coffee_features altitude p10–p90 → band ~1500–1805 m
Peru,PER,Americas,-4.789722222222277,-79.81472222222233,elevation_constrained_sample,0.9217687074829932,GMTED2010 clip gmted2010_mn15_PER.tif; coffee_features altitude p10–p90 → band ~1500–1805 m
Peru,PER,Americas,-10.83138888888894,-74.05638888888899,elevation_constrained_sample,0.32653061224489793,GMTED2010 clip gmted2010_mn15_PER.tif; coffee_features altitude p10–p90 → band ~1500–1805 m
Peru,PER,Americas,-7.1855555555556085,-79.11055555555566,elevation_constrained_sample,0.30272108843537415,GMTED2010 clip gmted2010_mn15_PER.tif; coffee_features altitude p10–p90 → band ~1500–1805 m
Peru,PER,Americas,-8.023055555555608,-76.956388888889,elevation_constrained_sample,0.4523809523809524,GMTED2010 clip gmted2010_mn15_PER.tif; coffee_features altitude p10–p90 → band ~1500–1805 m
Peru,PER,Americas,-8.043888888888942,-76.12722222222233,elevation_constrained_sample,0.5884353741496599,GMTED2010 clip gmted2010_mn15_PER.tif; coffee_features altitude p10–p90 → band ~1500–1805 m
Peru,PER,Americas,-16.1980555555556,-72.07722222222233,elevation_constrained_sample,0.8469387755102041,GMTED2010 clip gmted2010_mn15_PER.tif; coffee_features altitude p10–p90 → band ~1500–1805 m
Peru,PER,Americas,-7.243888888888942,-78.78555555555566,elevation_constrained_sample,0.391156462585034,GMTED2010 clip gmted2010_mn15_PER.tif; coffee_features altitude p10–p90 → band ~1500–1805 m
Peru,PER,Americas,-12.693888888888939,-73.18138888888899,elevation_constrained_sample,0.4557823129251701,GMTED2010 clip gmted2010_mn15_PER.tif; coffee_features altitude p10–p90 → band ~1500–1805 m
Peru,PER,Americas,-12.568888888888939,-73.91472222222232,elevation_constrained_sample,0.46938775510204084,GMTED2010 clip gmted2010_mn15_PER.tif; coffee_features altitude p10–p90 → band ~1500–1805 m
Peru,PER,Americas,-16.348055555555604,-72.01472222222233,elevation_constrained_sample,0.36394557823129253,GMTED2010 clip gmted2010_mn15_PER.tif; coffee_features altitude p10–p90 → band ~1500–1805 m
Peru,PER,Americas,-5.498055555555609,-78.08972222222232,elevation_constrained_sample,0.608843537414966,GMTED2010 clip gmted2010_mn15_PER.tif; coffee_features altitude p10–p90 → band ~1500–1805 m
Peru,PER,Americas,-7.956388888888942,-76.85222222222232,elevation_constrained_sample,0.15,GMTED2010 clip gmted2010_mn15_PER.tif; coffee_features altitude p10–p90 → band ~1500–1805 m
Peru,PER,Americas,-12.918888888888938,-73.66055555555566,elevation_constrained_sample,0.15,GMTED2010 clip gmted2010_mn15_PER.tif; coffee_features altitude p10–p90 → band ~1500–1805 m
Peru,PER,Americas,-5.856388888888943,-78.61472222222233,elevation_constrained_sample,0.6258503401360545,GMTED2010 clip gmted2010_mn15_PER.tif; coffee_features altitude p10–p90 → band ~1500–1805 m
Peru,PER,Americas,-12.723055555555606,-73.88972222222233,elevation_constrained_sample,0.2687074829931973,GMTED2010 clip gmted2010_mn15_PER.tif; coffee_features altitude p10–p90 → band ~1500–1805 m
Peru,PER,Americas,-15.993888888888936,-72.98555555555566,elevation_constrained_sample,0.15,GMTED2010 clip gmted2010_mn15_PER.tif; coffee_features altitude p10–p90 → band ~1500–1805 m
Peru,PER,Americas,-6.777222222222275,-78.19388888888899,elevation_constrained_sample,0.17346938775510204,GMTED2010 clip gmted2010_mn15_PER.tif; coffee_features altitude p10–p90 → band ~1500–1805 m
Peru,PER,Americas,-8.75638888888894,-77.88138888888899,elevation_constrained_sample,0.1870748299319728,GMTED2010 clip gmted2010_mn15_PER.tif; coffee_features altitude p10–p90 → band ~1500–1805 m
Peru,PER,Americas,-12.502222222222272,-72.518888888889,elevation_constrained_sample,0.7755102040816326,GMTED2010 clip gmted2010_mn15_PER.tif; coffee_features altitude p10–p90 → band ~1500–1805 m
Peru,PER,Americas,-15.968888888888936,-73.906388888889,elevation_constrained_sample,0.15306122448979592,GMTED2010 clip gmted2010_mn15_PER.tif; coffee_features altitude p10–p90 → band ~1500–1805 m
Peru,PER,Americas,-5.593888888888943,-77.63555555555565,elevation_constrained_sample,0.15,GMTED2010 clip gmted2010_mn15_PER.tif; coffee_features altitude p10–p90 → band ~1500–1805 m
Peru,PER,Americas,-15.156388888888937,-74.64805555555566,elevation_constrained_sample,0.3299319727891156,GMTED2010 clip gmted2010_mn15_PER.tif; coffee_features altitude p10–p90 → band ~1500–1805 m
Peru,PER,Americas,-12.360555555555605,-72.593888888889,elevation_constrained_sample,0.7380952380952381,GMTED2010 clip gmted2010_mn15_PER.tif; coffee_features altitude p10–p90 → band ~1500–1805 m
Peru,PER,Americas,-9.260555555555607,-76.12722222222233,elevation_constrained_sample,0.15,GMTED2010 clip gmted2010_mn15_PER.tif; coffee_features altitude p10–p90 → band ~1500–1805 m
Peru,PER,Americas,-12.706388888888938,-73.93138888888899,elevation_constrained_sample,0.7482993197278912,GMTED2010 clip gmted2010_mn15_PER.tif; coffee_features altitude p10–p90 → band ~1500–1805 m
Peru,PER,Americas,-5.981388888888943,-78.16472222222232,elevation_constrained_sample,0.15,GMTED2010 clip gmted2010_mn15_PER.tif; coffee_features altitude p10–p90 → band ~1500–1805 m
Peru,PER,Americas,-10.939722222222272,-74.37305555555567,elevation_constrained_sample,0.15,GMTED2010 clip gmted2010_mn15_PER.tif; coffee_features altitude p10–p90 → band ~1500–1805 m
Peru,PER,Americas,-7.564722222222275,-77.75222222222233,elevation_constrained_sample,0.8367346938775511,GMTED2010 clip gmted2010_mn15_PER.tif; coffee_features altitude p10–p90 → band ~1500–1805 m
Peru,PER,Americas,-17.22722222222227,-70.88972222222233,elevation_constrained_sample,0.7517006802721088,GMTED2010 clip gmted2010_mn15_PER.tif; coffee_features altitude p10–p90 → band ~1500–1805 m
Peru,PER,Americas,-6.523055555555609,-77.56055555555565,elevation_constrained_sample,0.7278911564625851,GMTED2010 clip gmted2010_mn15_PER.tif; coffee_features altitude p10–p90 → band ~1500–1805 m
Peru,PER,Americas,-10.435555555555606,-74.23972222222233,elevation_constrained_sample,0.5204081632653061,GMTED2010 clip gmted2010_mn15_PER.tif; coffee_features altitude p10–p90 → band ~1500–1805 m
Peru,PER,Americas,-6.506388888888942,-76.91055555555566,elevation_constrained_sample,0.25510204081632654,GMTED2010 clip gmted2010_mn15_PER.tif; coffee_features altitude p10–p90 → band ~1500–1805 m
Peru,PER,Americas,-12.048055555555605,-72.343888888889,elevation_constrained_sample,0.5306122448979592,GMTED2010 clip gmted2010_mn15_PER.tif; coffee_features altitude p10–p90 → band ~1500–1805 m
Peru,PER,Americas,-16.298055555555603,-72.18555555555567,elevation_constrained_sample,0.15,GMTED2010 clip gmted2010_mn15_PER.tif; coffee_features altitude p10–p90 → band ~1500–1805 m
Peru,PER,Americas,-14.052222222222271,-69.36888888888899,elevation_constrained_sample,0.6904761904761905,GMTED2010 clip gmted2010_mn15_PER.tif; coffee_features altitude p10–p90 → band ~1500–1805 m
Peru,PER,Americas,-11.93138888888894,-76.76055555555565,elevation_constrained_sample,0.15,GMTED2010 clip gmted2010_mn15_PER.tif; coffee_features altitude p10–p90 → band ~1500–1805 m
Peru,PER,Americas,-6.423055555555609,-79.34388888888898,elevation_constrained_sample,0.15,GMTED2010 clip gmted2010_mn15_PER.tif; coffee_features altitude p10–p90 → band ~1500–1805 m
Peru,PER,Americas,-7.589722222222275,-77.01472222222233,elevation_constrained_sample,0.6564625850340136,GMTED2010 clip gmted2010_mn15_PER.tif; coffee_features altitude p10–p90 → band ~1500–1805 m
Peru,PER,Americas,-11.860555555555605,-73.47722222222232,elevation_constrained_sample,0.673469387755102,GMTED2010 clip gmted2010_mn15_PER.tif; coffee_features altitude p10–p90 → band ~1500–1805 m
Peru,PER,Americas,-5.89805555555561,-78.01055555555565,elevation_constrained_sample,0.9251700680272109,GMTED2010 clip gmted2010_mn15_PER.tif; coffee_features altitude p10–p90 → band ~1500–1805 m
Peru,PER,Americas,-7.506388888888941,-77.85222222222232,elevation_constrained_sample,0.8605442176870748,GMTED2010 clip gmted2010_mn15_PER.tif; coffee_features altitude p10–p90 → band ~1500–1805 m
Peru,PER,Americas,-14.202222222222272,-75.39805555555566,elevation_constrained_sample,0.5680272108843537,GMTED2010 clip gmted2010_mn15_PER.tif; coffee_features altitude p10–p90 → band ~1500–1805 m
Peru,PER,Americas,-5.04805555555561,-78.83555555555566,elevation_constrained_sample,0.9795918367346939,GMTED2010 clip gmted2010_mn15_PER.tif; coffee_features altitude p10–p90 → band ~1500–1805 m
Peru,PER,Americas,-14.023055555555604,-69.11888888888899,elevation_constrained_sample,0.5272108843537415,GMTED2010 clip gmted2010_mn15_PER.tif; coffee_features altitude p10–p90 → band ~1500–1805 m
Peru,PER,Americas,-14.12722222222227,-68.97722222222234,elevation_constrained_sample,0.8231292517006803,GMTED2010 clip gmted2010_mn15_PER.tif; coffee_features altitude p10–p90 → band ~1500–1805 m
Peru,PER,Americas,-16.36472222222227,-71.88138888888899,elevation_constrained_sample,0.46598639455782315,GMTED2010 clip gmted2010_mn15_PER.tif; coffee_features altitude p10–p90 → band ~1500–1805 m
Peru,PER,Americas,-15.95222222222227,-73.22305555555566,elevation_constrained_sample,0.717687074829932,GMTED2010 clip gmted2010_mn15_PER.tif; coffee_features altitude p10–p90 → band ~1500–1805 m
Peru,PER,Americas,-10.314722222222274,-77.52305555555566,elevation_constrained_sample,0.7210884353741497,GMTED2010 clip gmted2010_mn15_PER.tif; coffee_features altitude p10–p90 → band ~1500–1805 m
Peru,PER,Americas,-17.368888888888936,-70.83972222222233,elevation_constrained_sample,0.282312925170068,GMTED2010 clip gmted2010_mn15_PER.tif; coffee_features altitude p10–p90 → band ~1500–1805 m
Peru,PER,Americas,-11.068888888888939,-74.60222222222232,elevation_constrained_sample,0.24489795918367346,GMTED2010 clip gmted2010_mn15_PER.tif; coffee_features altitude p10–p90 → band ~1500–1805 m
Peru,PER,Americas,-5.318888888888943,-79.03555555555566,elevation_constrained_sample,1.0,GMTED2010 clip gmted2010_mn15_PER.tif; coffee_features altitude p10–p90 → band ~1500–1805 m
Peru,PER,Americas,-6.156388888888943,-79.01472222222232,elevation_constrained_sample,1.0,GMTED2010 clip gmted2010_mn15_PER.tif; coffee_features altitude p10–p90 → band ~1500–1805 m
Peru,PER,Americas,-13.181388888888938,-76.07305555555565,elevation_constrained_sample,0.2925170068027211,GMTED2010 clip gmted2010_mn15_PER.tif; coffee_features altitude p10–p90 → band ~1500–1805 m
Peru,PER,Americas,-10.99388888888894,-75.38972222222233,elevation_constrained_sample,0.8299319727891157,GMTED2010 clip gmted2010_mn15_PER.tif; coffee_features altitude p10–p90 → band ~1500–1805 m
Peru,PER,Americas,-10.685555555555606,-74.81472222222233,elevation_constrained_sample,0.15,GMTED2010 clip gmted2010_mn15_PER.tif; coffee_features altitude p10–p90 → band ~1500–1805 m
Peru,PER,Americas,-6.714722222222275,-77.24805555555565,elevation_constrained_sample,0.1564625850340136,GMTED2010 clip gmted2010_mn15_PER.tif; coffee_features altitude p10–p90 → band ~1500–1805 m
Taiwan,TWN,Asia-Pacific,23.22277777777771,120.59777777777754,elevation_constrained_sample,0.1946524064171123,GMTED2010 clip gmted2010_mn15_TWN.tif; coffee_features altitude p10–p90 → band ~400–1350 m
Taiwan,TWN,Asia-Pacific,22.756111111111046,120.76027777777755,elevation_constrained_sample,0.15,GMTED2010 clip gmted2010_mn15_TWN.tif; coffee_features altitude p10–p90 → band ~400–1350 m
Taiwan,TWN,Asia-Pacific,24.843611111111045,121.52277777777753,elevation_constrained_sample,0.15,GMTED2010 clip gmted2010_mn15_TWN.tif; coffee_features altitude p10–p90 → band ~400–1350 m
Taiwan,TWN,Asia-Pacific,23.093611111111045,120.68111111111088,elevation_constrained_sample,0.15,GMTED2010 clip gmted2010_mn15_TWN.tif; coffee_features altitude p10–p90 → band ~400–1350 m
Taiwan,TWN,Asia-Pacific,24.18527777777771,121.6144444444442,elevation_constrained_sample,0.7411764705882353,GMTED2010 clip gmted2010_mn15_TWN.tif; coffee_features altitude p10–p90 → band ~400–1350 m
Taiwan,TWN,Asia-Pacific,23.306111111111043,120.7519444444442,elevation_constrained_sample,1.0,GMTED2010 clip gmted2010_mn15_TWN.tif; coffee_features altitude p10–p90 → band ~400–1350 m
Taiwan,TWN,Asia-Pacific,23.864444444444377,120.89361111111087,elevation_constrained_sample,0.45240641711229945,GMTED2010 clip gmted2010_mn15_TWN.tif; coffee_features altitude p10–p90 → band ~400–1350 m
Taiwan,TWN,Asia-Pacific,24.868611111111043,121.69777777777755,elevation_constrained_sample,0.18716577540106952,GMTED2010 clip gmted2010_mn15_TWN.tif; coffee_features altitude p10–p90 → band ~400–1350 m
Taiwan,TWN,Asia-Pacific,22.54777777777771,120.9269444444442,elevation_constrained_sample,0.32941176470588235,GMTED2010 clip gmted2010_mn15_TWN.tif; coffee_features altitude p10–p90 → band ~400–1350 m
Taiwan,TWN,Asia-Pacific,23.126944444444376,121.2519444444442,elevation_constrained_sample,0.15,GMTED2010 clip gmted2010_mn15_TWN.tif; coffee_features altitude p10–p90 → band ~400–1350 m
Taiwan,TWN,Asia-Pacific,24.831111111111042,121.71027777777753,elevation_constrained_sample,0.36149732620320857,GMTED2010 clip gmted2010_mn15_TWN.tif; coffee_features altitude p10–p90 → band ~400–1350 m
Taiwan,TWN,Asia-Pacific,23.63944444444438,121.5019444444442,elevation_constrained_sample,0.15,GMTED2010 clip gmted2010_mn15_TWN.tif; coffee_features altitude p10–p90 → band ~400–1350 m
Taiwan,TWN,Asia-Pacific,24.33944444444438,120.84777777777754,elevation_constrained_sample,0.15,GMTED2010 clip gmted2010_mn15_TWN.tif; coffee_features altitude p10–p90 → band ~400–1350 m
Taiwan,TWN,Asia-Pacific,25.22277777777771,121.58111111111087,elevation_constrained_sample,0.2053475935828877,GMTED2010 clip gmted2010_mn15_TWN.tif; coffee_features altitude p10–p90 → band ~400–1350 m
Taiwan,TWN,Asia-Pacific,24.426944444444377,121.73111111111088,elevation_constrained_sample,0.15,GMTED2010 clip gmted2010_mn15_TWN.tif; coffee_features altitude p10–p90 → band ~400–1350 m
Taiwan,TWN,Asia-Pacific,23.87277777777771,120.88944444444421,elevation_constrained_sample,0.2962566844919786,GMTED2010 clip gmted2010_mn15_TWN.tif; coffee_features altitude p10–p90 → band ~400–1350 m
Taiwan,TWN,Asia-Pacific,24.343611111111045,121.58111111111087,elevation_constrained_sample,0.7850267379679144,GMTED2010 clip gmted2010_mn15_TWN.tif; coffee_features altitude p10–p90 → band ~400–1350 m
Taiwan,TWN,Asia-Pacific,22.931111111111043,120.88527777777755,elevation_constrained_sample,0.9401069518716577,GMTED2010 clip gmted2010_mn15_TWN.tif; coffee_features altitude p10–p90 → band ~400–1350 m
Taiwan,TWN,Asia-Pacific,23.626944444444376,121.34361111111087,elevation_constrained_sample,0.386096256684492,GMTED2010 clip gmted2010_mn15_TWN.tif; coffee_features altitude p10–p90 → band ~400–1350 m
Taiwan,TWN,Asia-Pacific,23.993611111111043,120.91027777777754,elevation_constrained_sample,0.24598930481283424,GMTED2010 clip gmted2010_mn15_TWN.tif; coffee_features altitude p10–p90 → band ~400–1350 m
Taiwan,TWN,Asia-Pacific,24.743611111111043,121.47277777777754,elevation_constrained_sample,0.6171122994652406,GMTED2010 clip gmted2010_mn15_TWN.tif; coffee_features altitude p10–p90 → band ~400–1350 m
Taiwan,TWN,Asia-Pacific,22.88944444444438,120.96861111111087,elevation_constrained_sample,0.5336898395721925,GMTED2010 clip gmted2010_mn15_TWN.tif; coffee_features altitude p10–p90 → band ~400–1350 m
Taiwan,TWN,Asia-Pacific,23.881111111111043,121.34777777777754,elevation_constrained_sample,0.7561497326203208,GMTED2010 clip gmted2010_mn15_TWN.tif; coffee_features altitude p10–p90 → band ~400–1350 m
Taiwan,TWN,Asia-Pacific,23.743611111111043,120.83527777777755,elevation_constrained_sample,0.5401069518716578,GMTED2010 clip gmted2010_mn15_TWN.tif; coffee_features altitude p10–p90 → band ~400–1350 m
Taiwan,TWN,Asia-Pacific,23.37277777777771,121.28111111111087,elevation_constrained_sample,0.4406417112299465,GMTED2010 clip gmted2010_mn15_TWN.tif; coffee_features altitude p10–p90 → band ~400–1350 m
Taiwan,TWN,Asia-Pacific,23.726944444444378,121.1269444444442,elevation_constrained_sample,0.6983957219251337,GMTED2010 clip gmted2010_mn15_TWN.tif; coffee_features altitude p10–p90 → band ~400–1350 m
Taiwan,TWN,Asia-Pacific,22.522777777777712,120.73527777777754,elevation_constrained_sample,0.651336898395722,GMTED2010 clip gmted2010_mn15_TWN.tif; coffee_features altitude p10–p90 → band ~400–1350 m
Taiwan,TWN,Asia-Pacific,23.868611111111043,120.8644444444442,elevation_constrained_sample,0.2727272727272727,GMTED2010 clip gmted2010_mn15_TWN.tif; coffee_features altitude p10–p90 → band ~400–1350 m
Taiwan,TWN,Asia-Pacific,23.081111111111046,120.68111111111088,elevation_constrained_sample,0.15,GMTED2010 clip gmted2010_mn15_TWN.tif; coffee_features altitude p10–p90 → band ~400–1350 m
Taiwan,TWN,Asia-Pacific,24.67277777777771,121.1769444444442,elevation_constrained_sample,0.5037433155080214,GMTED2010 clip gmted2010_mn15_TWN.tif; coffee_features altitude p10–p90 → band ~400–1350 m
Taiwan,TWN,Asia-Pacific,25.143611111111042,121.58944444444421,elevation_constrained_sample,0.22994652406417113,GMTED2010 clip gmted2010_mn15_TWN.tif; coffee_features altitude p10–p90 → band ~400–1350 m
Taiwan,TWN,Asia-Pacific,24.94777777777771,121.68111111111088,elevation_constrained_sample,0.15,GMTED2010 clip gmted2010_mn15_TWN.tif; coffee_features altitude p10–p90 → band ~400–1350 m
Taiwan,TWN,Asia-Pacific,24.389444444444376,121.63944444444421,elevation_constrained_sample,0.20320855614973263,GMTED2010 clip gmted2010_mn15_TWN.tif; coffee_features altitude p10–p90 → band ~400–1350 m
Taiwan,TWN,Asia-Pacific,23.51444444444438,121.29777777777754,elevation_constrained_sample,0.760427807486631,GMTED2010 clip gmted2010_mn15_TWN.tif; coffee_features altitude p10–p90 → band ~400–1350 m
Taiwan,TWN,Asia-Pacific,24.56027777777771,121.76861111111087,elevation_constrained_sample,0.37433155080213903,GMTED2010 clip gmted2010_mn15_TWN.tif; coffee_features altitude p10–p90 → band ~400–1350 m
Taiwan,TWN,Asia-Pacific,24.24777777777771,120.88944444444421,elevation_constrained_sample,0.2449197860962567,GMTED2010 clip gmted2010_mn15_TWN.tif; coffee_features altitude p10–p90 → band ~400–1350 m
Taiwan,TWN,Asia-Pacific,23.893611111111042,121.02694444444421,elevation_constrained_sample,0.8320855614973262,GMTED2010 clip gmted2010_mn15_TWN.tif; coffee_features altitude p10–p90 → band ~400–1350 m
Taiwan,TWN,Asia-Pacific,23.56027777777771,120.7394444444442,elevation_constrained_sample,0.6385026737967915,GMTED2010 clip gmted2010_mn15_TWN.tif; coffee_features altitude p10–p90 → band ~400–1350 m
Taiwan,TWN,Asia-Pacific,23.15194444444438,121.35194444444421,elevation_constrained_sample,0.15,GMTED2010 clip gmted2010_mn15_TWN.tif; coffee_features altitude p10–p90 → band ~400–1350 m
Taiwan,TWN,Asia-Pacific,24.618611111111043,121.30611111111088,elevation_constrained_sample,0.6877005347593583,GMTED2010 clip gmted2010_mn15_TWN.tif; coffee_features altitude p10–p90 → band ~400–1350 m
Taiwan,TWN,Asia-Pacific,24.52277777777771,121.78527777777754,elevation_constrained_sample,0.532620320855615,GMTED2010 clip gmted2010_mn15_TWN.tif; coffee_features altitude p10–p90 → band ~400–1350 m
Taiwan,TWN,Asia-Pacific,23.131111111111046,120.77277777777755,elevation_constrained_sample,0.5925133689839572,GMTED2010 clip gmted2010_mn15_TWN.tif; coffee_features altitude p10–p90 → band ~400–1350 m
Taiwan,TWN,Asia-Pacific,24.41027777777771,121.66027777777754,elevation_constrained_sample,0.8941176470588236,GMTED2010 clip gmted2010_mn15_TWN.tif; coffee_features altitude p10–p90 → band ~400–1350 m
Taiwan,TWN,Asia-Pacific,22.76444444444438,120.77694444444421,elevation_constrained_sample,0.7422459893048128,GMTED2010 clip gmted2010_mn15_TWN.tif; coffee_features altitude p10–p90 → band ~400–1350 m
Taiwan,TWN,Asia-Pacific,23.38527777777771,120.58527777777755,elevation_constrained_sample,0.17754010695187167,GMTED2010 clip gmted2010_mn15_TWN.tif; coffee_features altitude p10–p90 → band ~400–1350 m
Taiwan,TWN,Asia-Pacific,24.61027777777771,121.64777777777753,elevation_constrained_sample,0.15,GMTED2010 clip gmted2010_mn15_TWN.tif; coffee_features altitude p10–p90 → band ~400–1350 m
Taiwan,TWN,Asia-Pacific,22.460277777777712,120.81027777777754,elevation_constrained_sample,0.3016042780748663,GMTED2010 clip gmted2010_mn15_TWN.tif; coffee_features altitude p10–p90 → band ~400–1350 m
Taiwan,TWN,Asia-Pacific,24.58944444444438,121.26861111111087,elevation_constrained_sample,0.9155080213903743,GMTED2010 clip gmted2010_mn15_TWN.tif; coffee_features altitude p10–p90 → band ~400–1350 m
Taiwan,TWN,Asia-Pacific,24.164444444444378,120.79777777777754,elevation_constrained_sample,0.1946524064171123,GMTED2010 clip gmted2010_mn15_TWN.tif; coffee_features altitude p10–p90 → band ~400–1350 m
Taiwan,TWN,Asia-Pacific,23.351944444444378,120.51027777777755,elevation_constrained_sample,0.15,GMTED2010 clip gmted2010_mn15_TWN.tif; coffee_features altitude p10–p90 → band ~400–1350 m
Taiwan,TWN,Asia-Pacific,23.522777777777712,120.62277777777754,elevation_constrained_sample,0.2620320855614973,GMTED2010 clip gmted2010_mn15_TWN.tif; coffee_features altitude p10–p90 → band ~400–1350 m
Taiwan,TWN,Asia-Pacific,23.45194444444438,121.29361111111088,elevation_constrained_sample,0.49625668449197863,GMTED2010 clip gmted2010_mn15_TWN.tif; coffee_features altitude p10–p90 → band ~400–1350 m
Taiwan,TWN,Asia-Pacific,23.926944444444377,120.84777777777754,elevation_constrained_sample,0.6074866310160428,GMTED2010 clip gmted2010_mn15_TWN.tif; coffee_features altitude p10–p90 → band ~400–1350 m
Taiwan,TWN,Asia-Pacific,24.52694444444438,121.46027777777753,elevation_constrained_sample,0.6064171122994653,GMTED2010 clip gmted2010_mn15_TWN.tif; coffee_features altitude p10–p90 → band ~400–1350 m
Taiwan,TWN,Asia-Pacific,23.67277777777771,121.35611111111088,elevation_constrained_sample,0.9989304812834224,GMTED2010 clip gmted2010_mn15_TWN.tif; coffee_features altitude p10–p90 → band ~400–1350 m
Taiwan,TWN,Asia-Pacific,22.676944444444377,120.92277777777754,elevation_constrained_sample,0.3358288770053476,GMTED2010 clip gmted2010_mn15_TWN.tif; coffee_features altitude p10–p90 → band ~400–1350 m
Taiwan,TWN,Asia-Pacific,22.918611111111044,120.67277777777754,elevation_constrained_sample,0.5721925133689839,GMTED2010 clip gmted2010_mn15_TWN.tif; coffee_features altitude p10–p90 → band ~400–1350 m
Taiwan,TWN,Asia-Pacific,22.443611111111046,120.78944444444421,elevation_constrained_sample,0.6417112299465241,GMTED2010 clip gmted2010_mn15_TWN.tif; coffee_features altitude p10–p90 → band ~400–1350 m
Taiwan,TWN,Asia-Pacific,22.885277777777713,120.70611111111087,elevation_constrained_sample,0.6502673796791444,GMTED2010 clip gmted2010_mn15_TWN.tif; coffee_features altitude p10–p90 → band ~400–1350 m
Taiwan,TWN,Asia-Pacific,24.101944444444378,120.86861111111088,elevation_constrained_sample,0.22994652406417113,GMTED2010 clip gmted2010_mn15_TWN.tif; coffee_features altitude p10–p90 → band ~400–1350 m
Taiwan,TWN,Asia-Pacific,22.926944444444377,120.93111111111088,elevation_constrained_sample,0.9700534759358289,GMTED2010 clip gmted2010_mn15_TWN.tif; coffee_features altitude p10–p90 → band ~400–1350 m
Taiwan,TWN,Asia-Pacific,24.07277777777771,120.91027777777754,elevation_constrained_sample,0.20320855614973263,GMTED2010 clip gmted2010_mn15_TWN.tif; coffee_features altitude p10–p90 → band ~400–1350 m
Taiwan,TWN,Asia-Pacific,24.764444444444376,121.60194444444421,elevation_constrained_sample,0.3711229946524064,GMTED2010 clip gmted2010_mn15_TWN.tif; coffee_features altitude p10–p90 → band ~400–1350 m
Taiwan,TWN,Asia-Pacific,24.12277777777771,120.83111111111087,elevation_constrained_sample,0.46203208556149733,GMTED2010 clip gmted2010_mn15_TWN.tif; coffee_features altitude p10–p90 → band ~400–1350 m
Taiwan,TWN,Asia-Pacific,24.068611111111043,120.88944444444421,elevation_constrained_sample,0.15,GMTED2010 clip gmted2010_mn15_TWN.tif; coffee_features altitude p10–p90 → band ~400–1350 m
Taiwan,TWN,Asia-Pacific,24.506111111111043,121.44361111111087,elevation_constrained_sample,0.45240641711229945,GMTED2010 clip gmted2010_mn15_TWN.tif; coffee_features altitude p10–p90 → band ~400–1350 m
Taiwan,TWN,Asia-Pacific,23.918611111111044,120.93111111111088,elevation_constrained_sample,0.3304812834224599,GMTED2010 clip gmted2010_mn15_TWN.tif; coffee_features altitude p10–p90 → band ~400–1350 m
Taiwan,TWN,Asia-Pacific,22.481111111111044,120.79361111111088,elevation_constrained_sample,0.9197860962566845,GMTED2010 clip gmted2010_mn15_TWN.tif; coffee_features altitude p10–p90 → band ~400–1350 m
Taiwan,TWN,Asia-Pacific,24.41027777777771,120.83111111111087,elevation_constrained_sample,0.15,GMTED2010 clip gmted2010_mn15_TWN.tif; coffee_features altitude p10–p90 → band ~400–1350 m
Taiwan,TWN,Asia-Pacific,24.101944444444378,121.08527777777753,elevation_constrained_sample,0.6962566844919786,GMTED2010 clip gmted2010_mn15_TWN.tif; coffee_features altitude p10–p90 → band ~400–1350 m
Taiwan,TWN,Asia-Pacific,23.868611111111043,120.97277777777754,elevation_constrained_sample,0.3700534759358289,GMTED2010 clip gmted2010_mn15_TWN.tif; coffee_features altitude p10–p90 → band ~400–1350 m
Taiwan,TWN,Asia-Pacific,23.17277777777771,121.33944444444421,elevation_constrained_sample,0.679144385026738,GMTED2010 clip gmted2010_mn15_TWN.tif; coffee_features altitude p10–p90 → band ~400–1350 m
Taiwan,TWN,Asia-Pacific,23.83944444444438,121.01861111111087,elevation_constrained_sample,0.732620320855615,GMTED2010 clip gmted2010_mn15_TWN.tif; coffee_features altitude p10–p90 → band ~400–1350 m
Taiwan,TWN,Asia-Pacific,23.456111111111046,120.6269444444442,elevation_constrained_sample,0.15,GMTED2010 clip gmted2010_mn15_TWN.tif; coffee_features altitude p10–p90 → band ~400–1350 m
Taiwan,TWN,Asia-Pacific,22.693611111111046,120.94777777777755,elevation_constrained_sample,0.879144385026738,GMTED2010 clip gmted2010_mn15_TWN.tif; coffee_features altitude p10–p90 → band ~400–1350 m
Taiwan,TWN,Asia-Pacific,23.618611111111043,120.89777777777753,elevation_constrained_sample,0.33475935828877007,GMTED2010 clip gmted2010_mn15_TWN.tif; coffee_features altitude p10–p90 → band ~400–1350 m
Taiwan,TWN,Asia-Pacific,22.356111111111044,120.81861111111087,elevation_constrained_sample,0.15,GMTED2010 clip gmted2010_mn15_TWN.tif; coffee_features altitude p10–p90 → band ~400–1350 m
Taiwan,TWN,Asia-Pacific,22.876944444444376,121.16861111111088,elevation_constrained_sample,0.2021390374331551,GMTED2010 clip gmted2010_mn15_TWN.tif; coffee_features altitude p10–p90 → band ~400–1350 m
Taiwan,TWN,Asia-Pacific,23.893611111111042,120.95194444444421,elevation_constrained_sample,0.2374331550802139,GMTED2010 clip gmted2010_mn15_TWN.tif; coffee_features altitude p10–p90 → band ~400–1350 m
Taiwan,TWN,Asia-Pacific,25.168611111111044,121.55611111111088,elevation_constrained_sample,0.6620320855614973,GMTED2010 clip gmted2010_mn15_TWN.tif; coffee_features altitude p10–p90 → band ~400–1350 m
Thailand,THA,Asia-Pacific,18.381111111111046,98.08527777777753,elevation_constrained_sample,0.5808,GMTED2010 clip gmted2010_mn15_THA.tif; coffee_features altitude p10–p90 → band ~920–1545 m
Thailand,THA,Asia-Pacific,19.568611111111046,98.0519444444442,elevation_constrained_sample,0.168,GMTED2010 clip gmted2010_mn15_THA.tif; coffee_features altitude p10–p90 → band ~920–1545 m
Thailand,THA,Asia-Pacific,18.197777777777713,98.1894444444442,elevation_constrained_sample,0.2112,GMTED2010 clip gmted2010_mn15_THA.tif; coffee_features altitude p10–p90 → band ~920–1545 m
Thailand,THA,Asia-Pacific,18.789444444444378,98.49777777777753,elevation_constrained_sample,0.816,GMTED2010 clip gmted2010_mn15_THA.tif; coffee_features altitude p10–p90 → band ~920–1545 m
Thailand,THA,Asia-Pacific,19.568611111111046,98.7769444444442,elevation_constrained_sample,0.7728,GMTED2010 clip gmted2010_mn15_THA.tif; coffee_features altitude p10–p90 → band ~920–1545 m
Thailand,THA,Asia-Pacific,16.526944444444382,100.99361111111087,elevation_constrained_sample,0.15,GMTED2010 clip gmted2010_mn15_THA.tif; coffee_features altitude p10–p90 → band ~920–1545 m
Thailand,THA,Asia-Pacific,15.272777777777716,98.93111111111087,elevation_constrained_sample,0.1568,GMTED2010 clip gmted2010_mn15_THA.tif; coffee_features altitude p10–p90 → band ~920–1545 m
Thailand,THA,Asia-Pacific,19.397777777777712,99.56027777777753,elevation_constrained_sample,0.15,GMTED2010 clip gmted2010_mn15_THA.tif; coffee_features altitude p10–p90 → band ~920–1545 m
Thailand,THA,Asia-Pacific,18.010277777777713,98.33527777777753,elevation_constrained_sample,0.3696,GMTED2010 clip gmted2010_mn15_THA.tif; coffee_features altitude p10–p90 → band ~920–1545 m
Thailand,THA,Asia-Pacific,18.060277777777713,98.2769444444442,elevation_constrained_sample,0.2928,GMTED2010 clip gmted2010_mn15_THA.tif; coffee_features altitude p10–p90 → band ~920–1545 m
Thailand,THA,Asia-Pacific,19.12694444444438,100.61861111111087,elevation_constrained_sample,0.344,GMTED2010 clip gmted2010_mn15_THA.tif; coffee_features altitude p10–p90 → band ~920–1545 m
Thailand,THA,Asia-Pacific,15.889444444444381,99.06027777777753,elevation_constrained_sample,0.2144,GMTED2010 clip gmted2010_mn15_THA.tif; coffee_features altitude p10–p90 → band ~920–1545 m
Thailand,THA,Asia-Pacific,15.918611111111048,98.93111111111087,elevation_constrained_sample,0.15,GMTED2010 clip gmted2010_mn15_THA.tif; coffee_features altitude p10–p90 → band ~920–1545 m
Thailand,THA,Asia-Pacific,15.281111111111048,98.7519444444442,elevation_constrained_sample,0.784,GMTED2010 clip gmted2010_mn15_THA.tif; coffee_features altitude p10–p90 → band ~920–1545 m
Thailand,THA,Asia-Pacific,19.918611111111044,99.49777777777753,elevation_constrained_sample,0.15,GMTED2010 clip gmted2010_mn15_THA.tif; coffee_features altitude p10–p90 → band ~920–1545 m
Thailand,THA,Asia-Pacific,19.060277777777713,98.34361111111087,elevation_constrained_sample,0.2752,GMTED2010 clip gmted2010_mn15_THA.tif; coffee_features altitude p10–p90 → band ~920–1545 m
Thailand,THA,Asia-Pacific,13.543611111111048,99.19361111111087,elevation_constrained_sample,0.2096,GMTED2010 clip gmted2010_mn15_THA.tif; coffee_features altitude p10–p90 → band ~920–1545 m
Thailand,THA,Asia-Pacific,18.65194444444438,98.32277777777753,elevation_constrained_sample,0.15,GMTED2010 clip gmted2010_mn15_THA.tif; coffee_features altitude p10–p90 → band ~920–1545 m
Thailand,THA,Asia-Pacific,18.92694444444438,98.65611111111087,elevation_constrained_sample,0.15,GMTED2010 clip gmted2010_mn15_THA.tif; coffee_features altitude p10–p90 → band ~920–1545 m
Thailand,THA,Asia-Pacific,9.326944444444385,98.67277777777754,elevation_constrained_sample,0.15,GMTED2010 clip gmted2010_mn15_THA.tif; coffee_features altitude p10–p90 → band ~920–1545 m
Thailand,THA,Asia-Pacific,19.306111111111043,98.5519444444442,elevation_constrained_sample,0.2448,GMTED2010 clip gmted2010_mn15_THA.tif; coffee_features altitude p10–p90 → band ~920–1545 m
Thailand,THA,Asia-Pacific,19.568611111111046,99.6144444444442,elevation_constrained_sample,0.2608,GMTED2010 clip gmted2010_mn15_THA.tif; coffee_features altitude p10–p90 → band ~920–1545 m
Thailand,THA,Asia-Pacific,18.893611111111046,98.2144444444442,elevation_constrained_sample,0.5728,GMTED2010 clip gmted2010_mn15_THA.tif; coffee_features altitude p10–p90 → band ~920–1545 m
Thailand,THA,Asia-Pacific,18.914444444444378,98.5019444444442,elevation_constrained_sample,0.472,GMTED2010 clip gmted2010_mn15_THA.tif; coffee_features altitude p10–p90 → band ~920–1545 m
Thailand,THA,Asia-Pacific,18.68944444444438,98.48111111111086,elevation_constrained_sample,0.92,GMTED2010 clip gmted2010_mn15_THA.tif; coffee_features altitude p10–p90 → band ~920–1545 m
Thailand,THA,Asia-Pacific,19.20194444444438,101.13527777777753,elevation_constrained_sample,0.7648,GMTED2010 clip gmted2010_mn15_THA.tif; coffee_features altitude p10–p90 → band ~920–1545 m
Thailand,THA,Asia-Pacific,17.768611111111046,98.1269444444442,elevation_constrained_sample,0.3584,GMTED2010 clip gmted2010_mn15_THA.tif; coffee_features altitude p10–p90 → band ~920–1545 m
Thailand,THA,Asia-Pacific,13.20611111111105,99.15611111111087,elevation_constrained_sample,0.15,GMTED2010 clip gmted2010_mn15_THA.tif; coffee_features altitude p10–p90 → band ~920–1545 m
Thailand,THA,Asia-Pacific,18.976944444444378,98.44777777777753,elevation_constrained_sample,0.2992,GMTED2010 clip gmted2010_mn15_THA.tif; coffee_features altitude p10–p90 → band ~920–1545 m
Thailand,THA,Asia-Pacific,18.34777777777771,98.51027777777753,elevation_constrained_sample,0.5984,GMTED2010 clip gmted2010_mn15_THA.tif; coffee_features altitude p10–p90 → band ~920–1545 m
Thailand,THA,Asia-Pacific,15.30194444444438,99.06861111111087,elevation_constrained_sample,0.184,GMTED2010 clip gmted2010_mn15_THA.tif; coffee_features altitude p10–p90 → band ~920–1545 m
Thailand,THA,Asia-Pacific,18.34777777777771,98.08111111111087,elevation_constrained_sample,0.2016,GMTED2010 clip gmted2010_mn15_THA.tif; coffee_features altitude p10–p90 → band ~920–1545 m
Thailand,THA,Asia-Pacific,16.868611111111047,101.54777777777753,elevation_constrained_sample,0.15,GMTED2010 clip gmted2010_mn15_THA.tif; coffee_features altitude p10–p90 → band ~920–1545 m
Thailand,THA,Asia-Pacific,16.418611111111048,101.64361111111087,elevation_constrained_sample,0.208,GMTED2010 clip gmted2010_mn15_THA.tif; coffee_features altitude p10–p90 → band ~920–1545 m
Thailand,THA,Asia-Pacific,13.08111111111105,99.11027777777754,elevation_constrained_sample,0.264,GMTED2010 clip gmted2010_mn15_THA.tif; coffee_features altitude p10–p90 → band ~920–1545 m
Thailand,THA,Asia-Pacific,17.285277777777715,98.36027777777754,elevation_constrained_sample,0.6656,GMTED2010 clip gmted2010_mn15_THA.tif; coffee_features altitude p10–p90 → band ~920–1545 m
Thailand,THA,Asia-Pacific,18.131111111111046,98.8144444444442,elevation_constrained_sample,0.15,GMTED2010 clip gmted2010_mn15_THA.tif; coffee_features altitude p10–p90 → band ~920–1545 m
Thailand,THA,Asia-Pacific,17.560277777777713,98.04777777777754,elevation_constrained_sample,0.15,GMTED2010 clip gmted2010_mn15_THA.tif; coffee_features altitude p10–p90 → band ~920–1545 m
Thailand,THA,Asia-Pacific,18.997777777777713,99.81027777777753,elevation_constrained_sample,0.1904,GMTED2010 clip gmted2010_mn15_THA.tif; coffee_features altitude p10–p90 → band ~920–1545 m
Thailand,THA,Asia-Pacific,19.301944444444377,99.10611111111086,elevation_constrained_sample,0.15,GMTED2010 clip gmted2010_mn15_THA.tif; coffee_features altitude p10–p90 → band ~920–1545 m
Thailand,THA,Asia-Pacific,18.76444444444438,98.49361111111087,elevation_constrained_sample,0.8224,GMTED2010 clip gmted2010_mn15_THA.tif; coffee_features altitude p10–p90 → band ~920–1545 m
Thailand,THA,Asia-Pacific,17.647777777777712,98.34361111111087,elevation_constrained_sample,0.15,GMTED2010 clip gmted2010_mn15_THA.tif; coffee_features altitude p10–p90 → band ~920–1545 m
Thailand,THA,Asia-Pacific,18.731111111111044,98.52277777777753,elevation_constrained_sample,0.1984,GMTED2010 clip gmted2010_mn15_THA.tif; coffee_features altitude p10–p90 → band ~920–1545 m
Thailand,THA,Asia-Pacific,19.093611111111045,98.23111111111086,elevation_constrained_sample,0.4784,GMTED2010 clip gmted2010_mn15_THA.tif; coffee_features altitude p10–p90 → band ~920–1545 m
Thailand,THA,Asia-Pacific,19.060277777777713,98.5394444444442,elevation_constrained_sample,0.3376,GMTED2010 clip gmted2010_mn15_THA.tif; coffee_features altitude p10–p90 → band ~920–1545 m
Thailand,THA,Asia-Pacific,16.593611111111045,99.00611111111087,elevation_constrained_sample,0.1632,GMTED2010 clip gmted2010_mn15_THA.tif; coffee_features altitude p10–p90 → band ~920–1545 m
Thailand,THA,Asia-Pacific,16.88944444444438,101.55611111111087,elevation_constrained_sample,0.15,GMTED2010 clip gmted2010_mn15_THA.tif; coffee_features altitude p10–p90 → band ~920–1545 m
Thailand,THA,Asia-Pacific,17.631111111111046,99.4269444444442,elevation_constrained_sample,0.1888,GMTED2010 clip gmted2010_mn15_THA.tif; coffee_features altitude p10–p90 → band ~920–1545 m
Thailand,THA,Asia-Pacific,18.156111111111045,98.31027777777753,elevation_constrained_sample,0.1952,GMTED2010 clip gmted2010_mn15_THA.tif; coffee_features altitude p10–p90 → band ~920–1545 m
Thailand,THA,Asia-Pacific,18.95194444444438,99.48527777777754,elevation_constrained_sample,0.15,GMTED2010 clip gmted2010_mn15_THA.tif; coffee_features altitude p10–p90 → band ~920–1545 m
Thailand,THA,Asia-Pacific,18.851944444444378,98.19777777777753,elevation_constrained_sample,0.2784,GMTED2010 clip gmted2010_mn15_THA.tif; coffee_features altitude p10–p90 → band ~920–1545 m
Thailand,THA,Asia-Pacific,19.435277777777713,99.58111111111087,elevation_constrained_sample,0.15,GMTED2010 clip gmted2010_mn15_THA.tif; coffee_features altitude p10–p90 → band ~920–1545 m
Thailand,THA,Asia-Pacific,15.106111111111048,98.8144444444442,elevation_constrained_sample,0.3872,GMTED2010 clip gmted2010_mn15_THA.tif; coffee_features altitude p10–p90 → band ~920–1545 m
Thailand,THA,Asia-Pacific,18.92694444444438,98.3644444444442,elevation_constrained_sample,0.15,GMTED2010 clip gmted2010_mn15_THA.tif; coffee_features altitude p10–p90 → band ~920–1545 m
Thailand,THA,Asia-Pacific,17.57694444444438,100.8144444444442,elevation_constrained_sample,0.15,GMTED2010 clip gmted2010_mn15_THA.tif; coffee_features altitude p10–p90 → band ~920–1545 m
Thailand,THA,Asia-Pacific,18.518611111111046,98.22277777777754,elevation_constrained_sample,1.0,GMTED2010 clip gmted2010_mn15_THA.tif; coffee_features altitude p10–p90 → band ~920–1545 m
Thailand,THA,Asia-Pacific,13.14361111111105,99.3019444444442,elevation_constrained_sample,0.15,GMTED2010 clip gmted2010_mn15_THA.tif; coffee_features altitude p10–p90 → band ~920–1545 m
Thailand,THA,Asia-Pacific,19.168611111111044,99.7144444444442,elevation_constrained_sample,0.15,GMTED2010 clip gmted2010_mn15_THA.tif; coffee_features altitude p10–p90 → band ~920–1545 m
Thailand,THA,Asia-Pacific,18.893611111111046,101.12277777777753,elevation_constrained_sample,0.2848,GMTED2010 clip gmted2010_mn15_THA.tif; coffee_features altitude p10–p90 → band ~920–1545 m
Thailand,THA,Asia-Pacific,15.231111111111048,98.66027777777754,elevation_constrained_sample,0.8864,GMTED2010 clip gmted2010_mn15_THA.tif; coffee_features altitude p10–p90 → band ~920–1545 m
Thailand,THA,Asia-Pacific,17.231111111111048,98.61861111111087,elevation_constrained_sample,0.15,GMTED2010 clip gmted2010_mn15_THA.tif; coffee_features altitude p10–p90 → band ~920–1545 m
Thailand,THA,Asia-Pacific,16.435277777777713,101.48527777777753,elevation_constrained_sample,0.15,GMTED2010 clip gmted2010_mn15_THA.tif; coffee_features altitude p10–p90 → band ~920–1545 m
Thailand,THA,Asia-Pacific,19.043611111111044,98.66861111111086,elevation_constrained_sample,0.3664,GMTED2010 clip gmted2010_mn15_THA.tif; coffee_features altitude p10–p90 → band ~920–1545 m
Thailand,THA,Asia-Pacific,17.985277777777714,98.28527777777754,elevation_constrained_sample,0.15,GMTED2010 clip gmted2010_mn15_THA.tif; coffee_features altitude p10–p90 → band ~920–1545 m
Thailand,THA,Asia-Pacific,18.90194444444438,99.74777777777753,elevation_constrained_sample,0.15,GMTED2010 clip gmted2010_mn15_THA.tif; coffee_features altitude p10–p90 → band ~920–1545 m
Thailand,THA,Asia-Pacific,19.364444444444377,98.35611111111086,elevation_constrained_sample,0.9952,GMTED2010 clip gmted2010_mn15_THA.tif; coffee_features altitude p10–p90 → band ~920–1545 m
Thailand,THA,Asia-Pacific,6.1936111111110534,101.12277777777753,elevation_constrained_sample,0.15,GMTED2010 clip gmted2010_mn15_THA.tif; coffee_features altitude p10–p90 → band ~920–1545 m
Thailand,THA,Asia-Pacific,16.422777777777714,99.17277777777754,elevation_constrained_sample,0.15,GMTED2010 clip gmted2010_mn15_THA.tif; coffee_features altitude p10–p90 → band ~920–1545 m
Thailand,THA,Asia-Pacific,18.881111111111046,98.84777777777754,elevation_constrained_sample,0.15,GMTED2010 clip gmted2010_mn15_THA.tif; coffee_features altitude p10–p90 → band ~920–1545 m
Thailand,THA,Asia-Pacific,19.510277777777713,98.41861111111086,elevation_constrained_sample,0.15,GMTED2010 clip gmted2010_mn15_THA.tif; coffee_features altitude p10–p90 → band ~920–1545 m
Thailand,THA,Asia-Pacific,17.61444444444438,98.0144444444442,elevation_constrained_sample,0.15,GMTED2010 clip gmted2010_mn15_THA.tif; coffee_features altitude p10–p90 → band ~920–1545 m
Thailand,THA,Asia-Pacific,16.272777777777712,98.99777777777753,elevation_constrained_sample,0.1504,GMTED2010 clip gmted2010_mn15_THA.tif; coffee_features altitude p10–p90 → band ~920–1545 m
Thailand,THA,Asia-Pacific,19.593611111111045,98.5144444444442,elevation_constrained_sample,0.5536,GMTED2010 clip gmted2010_mn15_THA.tif; coffee_features altitude p10–p90 → band ~920–1545 m
Thailand,THA,Asia-Pacific,17.93944444444438,98.28111111111087,elevation_constrained_sample,0.2688,GMTED2010 clip gmted2010_mn15_THA.tif; coffee_features altitude p10–p90 → band ~920–1545 m
Thailand,THA,Asia-Pacific,16.45194444444438,98.98111111111086,elevation_constrained_sample,0.3808,GMTED2010 clip gmted2010_mn15_THA.tif; coffee_features altitude p10–p90 → band ~920–1545 m
Thailand,THA,Asia-Pacific,19.664444444444378,98.3894444444442,elevation_constrained_sample,0.9104,GMTED2010 clip gmted2010_mn15_THA.tif; coffee_features altitude p10–p90 → band ~920–1545 m
Thailand,THA,Asia-Pacific,16.401944444444382,100.93527777777753,elevation_constrained_sample,0.15,GMTED2010 clip gmted2010_mn15_THA.tif; coffee_features altitude p10–p90 → band ~920–1545 m
Thailand,THA,Asia-Pacific,16.07694444444438,99.0144444444442,elevation_constrained_sample,0.8736,GMTED2010 clip gmted2010_mn15_THA.tif; coffee_features altitude p10–p90 → band ~920–1545 m
Thailand,THA,Asia-Pacific,19.006111111111046,98.2394444444442,elevation_constrained_sample,0.2352,GMTED2010 clip gmted2010_mn15_THA.tif; coffee_features altitude p10–p90 → band ~920–1545 m
Thailand,THA,Asia-Pacific,19.75194444444438,98.82277777777753,elevation_constrained_sample,0.248,GMTED2010 clip gmted2010_mn15_THA.tif; coffee_features altitude p10–p90 → band ~920–1545 m
Uganda,UGA,Africa,0.068611111111057,29.797777777777604,elevation_constrained_sample,0.4884318766066838,GMTED2010 clip gmted2010_mn15_UGA.tif; coffee_features altitude p10–p90 → band ~1601–2005 m
Uganda,UGA,Africa,1.3269444444443894,34.74361111111094,elevation_constrained_sample,0.40102827763496146,GMTED2010 clip gmted2010_mn15_UGA.tif; coffee_features altitude p10–p90 → band ~1601–2005 m
Uganda,UGA,Africa,3.726944444444388,34.110277777777604,elevation_constrained_sample,0.8457583547557841,GMTED2010 clip gmted2010_mn15_UGA.tif; coffee_features altitude p10–p90 → band ~1601–2005 m
Uganda,UGA,Africa,-0.7272222222222755,30.62694444444427,elevation_constrained_sample,0.1953727506426735,GMTED2010 clip gmted2010_mn15_UGA.tif; coffee_features altitude p10–p90 → band ~1601–2005 m
Uganda,UGA,Africa,1.2269444444443898,34.3727777777776,elevation_constrained_sample,0.6940874035989717,GMTED2010 clip gmted2010_mn15_UGA.tif; coffee_features altitude p10–p90 → band ~1601–2005 m
Uganda,UGA,Africa,-0.36055555555560925,30.293611111110938,elevation_constrained_sample,0.2390745501285347,GMTED2010 clip gmted2010_mn15_UGA.tif; coffee_features altitude p10–p90 → band ~1601–2005 m
Uganda,UGA,Africa,1.1311111111110566,34.36444444444427,elevation_constrained_sample,0.2416452442159383,GMTED2010 clip gmted2010_mn15_UGA.tif; coffee_features altitude p10–p90 → band ~1601–2005 m
Uganda,UGA,Africa,3.6352777777777217,34.36444444444427,elevation_constrained_sample,0.7634961439588689,GMTED2010 clip gmted2010_mn15_UGA.tif; coffee_features altitude p10–p90 → band ~1601–2005 m
Uganda,UGA,Africa,3.451944444444388,34.2852777777776,elevation_constrained_sample,0.15,GMTED2010 clip gmted2010_mn15_UGA.tif; coffee_features altitude p10–p90 → band ~1601–2005 m
Uganda,UGA,Africa,-1.2272222222222755,29.64361111111094,elevation_constrained_sample,0.46786632390745503,GMTED2010 clip gmted2010_mn15_UGA.tif; coffee_features altitude p10–p90 → band ~1601–2005 m
Uganda,UGA,Africa,3.7227777777777216,34.1602777777776,elevation_constrained_sample,0.15,GMTED2010 clip gmted2010_mn15_UGA.tif; coffee_features altitude p10–p90 → band ~1601–2005 m
Uganda,UGA,Africa,1.047777777777723,34.40611111111094,elevation_constrained_sample,0.7866323907455013,GMTED2010 clip gmted2010_mn15_UGA.tif; coffee_features altitude p10–p90 → band ~1601–2005 m
Uganda,UGA,Africa,2.3852777777777225,30.80194444444427,elevation_constrained_sample,0.15,GMTED2010 clip gmted2010_mn15_UGA.tif; coffee_features altitude p10–p90 → band ~1601–2005 m
Uganda,UGA,Africa,3.6727777777777213,34.22694444444427,elevation_constrained_sample,0.31362467866323906,GMTED2010 clip gmted2010_mn15_UGA.tif; coffee_features altitude p10–p90 → band ~1601–2005 m
Uganda,UGA,Africa,-0.2897222222222764,30.264444444444273,elevation_constrained_sample,0.39845758354755784,GMTED2010 clip gmted2010_mn15_UGA.tif; coffee_features altitude p10–p90 → band ~1601–2005 m
Uganda,UGA,Africa,-1.1813888888889421,30.122777777777607,elevation_constrained_sample,0.7994858611825193,GMTED2010 clip gmted2010_mn15_UGA.tif; coffee_features altitude p10–p90 → band ~1601–2005 m
Uganda,UGA,Africa,-0.8855555555556087,30.397777777777605,elevation_constrained_sample,0.3341902313624679,GMTED2010 clip gmted2010_mn15_UGA.tif; coffee_features altitude p10–p90 → band ~1601–2005 m
Uganda,UGA,Africa,-0.8063888888889421,30.572777777777606,elevation_constrained_sample,0.16966580976863754,GMTED2010 clip gmted2010_mn15_UGA.tif; coffee_features altitude p10–p90 → band ~1601–2005 m
Uganda,UGA,Africa,3.7977777777777213,33.897777777777605,elevation_constrained_sample,1.0,GMTED2010 clip gmted2010_mn15_UGA.tif; coffee_features altitude p10–p90 → band ~1601–2005 m
Uganda,UGA,Africa,-0.23972222222227568,30.485277777777604,elevation_constrained_sample,0.8149100257069408,GMTED2010 clip gmted2010_mn15_UGA.tif; coffee_features altitude p10–p90 → band ~1601–2005 m
Uganda,UGA,Africa,-1.2605555555556087,29.731111111110938,elevation_constrained_sample,0.6452442159383034,GMTED2010 clip gmted2010_mn15_UGA.tif; coffee_features altitude p10–p90 → band ~1601–2005 m
Uganda,UGA,Africa,-1.1813888888889421,29.668611111110938,elevation_constrained_sample,0.46786632390745503,GMTED2010 clip gmted2010_mn15_UGA.tif; coffee_features altitude p10–p90 → band ~1601–2005 m
Uganda,UGA,Africa,-0.7813888888889426,30.560277777777603,elevation_constrained_sample,0.23136246786632392,GMTED2010 clip gmted2010_mn15_UGA.tif; coffee_features altitude p10–p90 → band ~1601–2005 m
Uganda,UGA,Africa,-0.7522222222222759,30.485277777777604,elevation_constrained_sample,0.2776349614395887,GMTED2010 clip gmted2010_mn15_UGA.tif; coffee_features altitude p10–p90 → band ~1601–2005 m
Uganda,UGA,Africa,-1.2813888888889418,29.72694444444427,elevation_constrained_sample,0.7480719794344473,GMTED2010 clip gmted2010_mn15_UGA.tif; coffee_features altitude p10–p90 → band ~1601–2005 m
Uganda,UGA,Africa,0.6477777777777232,30.50611111111094,elevation_constrained_sample,0.15,GMTED2010 clip gmted2010_mn15_UGA.tif; coffee_features altitude p10–p90 → band ~1601–2005 m
Uganda,UGA,Africa,0.0852777777777236,29.860277777777604,elevation_constrained_sample,0.7300771208226221,GMTED2010 clip gmted2010_mn15_UGA.tif; coffee_features altitude p10–p90 → band ~1601–2005 m
Uganda,UGA,Africa,-0.6105555555556093,30.047777777777604,elevation_constrained_sample,0.15,GMTED2010 clip gmted2010_mn15_UGA.tif; coffee_features altitude p10–p90 → band ~1601–2005 m
Uganda,UGA,Africa,-0.4272222222222757,30.418611111110938,elevation_constrained_sample,0.40616966580976865,GMTED2010 clip gmted2010_mn15_UGA.tif; coffee_features altitude p10–p90 → band ~1601–2005 m
Uganda,UGA,Africa,3.5936111111110547,33.63944444444427,elevation_constrained_sample,0.442159383033419,GMTED2010 clip gmted2010_mn15_UGA.tif; coffee_features altitude p10–p90 → band ~1601–2005 m
Uganda,UGA,Africa,-0.7980555555556093,30.014444444444273,elevation_constrained_sample,0.3213367609254499,GMTED2010 clip gmted2010_mn15_UGA.tif; coffee_features altitude p10–p90 → band ~1601–2005 m
Uganda,UGA,Africa,1.0769444444443899,34.3102777777776,elevation_constrained_sample,0.15,GMTED2010 clip gmted2010_mn15_UGA.tif; coffee_features altitude p10–p90 → band ~1601–2005 m
Uganda,UGA,Africa,3.4144444444443884,34.3227777777776,elevation_constrained_sample,0.15,GMTED2010 clip gmted2010_mn15_UGA.tif; coffee_features altitude p10–p90 → band ~1601–2005 m
Uganda,UGA,Africa,2.5311111111110556,34.71444444444427,elevation_constrained_sample,0.8329048843187661,GMTED2010 clip gmted2010_mn15_UGA.tif; coffee_features altitude p10–p90 → band ~1601–2005 m
Uganda,UGA,Africa,3.764444444444388,34.08944444444427,elevation_constrained_sample,0.6143958868894601,GMTED2010 clip gmted2010_mn15_UGA.tif; coffee_features altitude p10–p90 → band ~1601–2005 m
Uganda,UGA,Africa,-0.5647222222222759,30.135277777777606,elevation_constrained_sample,0.15,GMTED2010 clip gmted2010_mn15_UGA.tif; coffee_features altitude p10–p90 → band ~1601–2005 m
Uganda,UGA,Africa,0.3436111111110569,30.035277777777605,elevation_constrained_sample,0.23393316195372751,GMTED2010 clip gmted2010_mn15_UGA.tif; coffee_features altitude p10–p90 → band ~1601–2005 m
Uganda,UGA,Africa,3.5852777777777214,34.1852777777776,elevation_constrained_sample,0.15,GMTED2010 clip gmted2010_mn15_UGA.tif; coffee_features altitude p10–p90 → band ~1601–2005 m
Uganda,UGA,Africa,3.7686111111110545,32.856111111110934,elevation_constrained_sample,0.2493573264781491,GMTED2010 clip gmted2010_mn15_UGA.tif; coffee_features altitude p10–p90 → band ~1601–2005 m
Uganda,UGA,Africa,0.5644444444443901,29.981111111110938,elevation_constrained_sample,0.5449871465295629,GMTED2010 clip gmted2010_mn15_UGA.tif; coffee_features altitude p10–p90 → band ~1601–2005 m
Uganda,UGA,Africa,-1.085555555555609,29.88111111111094,elevation_constrained_sample,0.8046272493573264,GMTED2010 clip gmted2010_mn15_UGA.tif; coffee_features altitude p10–p90 → band ~1601–2005 m
Uganda,UGA,Africa,3.481111111111055,34.268611111110935,elevation_constrained_sample,0.4755784061696658,GMTED2010 clip gmted2010_mn15_UGA.tif; coffee_features altitude p10–p90 → band ~1601–2005 m
Uganda,UGA,Africa,3.5894444444443883,33.63944444444427,elevation_constrained_sample,0.2442159383033419,GMTED2010 clip gmted2010_mn15_UGA.tif; coffee_features altitude p10–p90 → band ~1601–2005 m
Uganda,UGA,Africa,-1.3897222222222751,29.997777777777607,elevation_constrained_sample,0.6709511568123393,GMTED2010 clip gmted2010_mn15_UGA.tif; coffee_features altitude p10–p90 → band ~1601–2005 m
Uganda,UGA,Africa,-0.9438888888889423,29.935277777777607,elevation_constrained_sample,0.9511568123393316,GMTED2010 clip gmted2010_mn15_UGA.tif; coffee_features altitude p10–p90 → band ~1601–2005 m
Uganda,UGA,Africa,-0.3355555555556098,30.435277777777603,elevation_constrained_sample,0.8560411311053985,GMTED2010 clip gmted2010_mn15_UGA.tif; coffee_features altitude p10–p90 → band ~1601–2005 m
Uganda,UGA,Africa,0.16027777777772378,29.785277777777605,elevation_constrained_sample,0.596401028277635,GMTED2010 clip gmted2010_mn15_UGA.tif; coffee_features altitude p10–p90 → band ~1601–2005 m
Uganda,UGA,Africa,-1.2688888888889425,29.61444444444427,elevation_constrained_sample,0.5269922879177378,GMTED2010 clip gmted2010_mn15_UGA.tif; coffee_features altitude p10–p90 → band ~1601–2005 m
Uganda,UGA,Africa,1.7477777777777228,34.6977777777776,elevation_constrained_sample,0.9048843187660668,GMTED2010 clip gmted2010_mn15_UGA.tif; coffee_features altitude p10–p90 → band ~1601–2005 m
Uganda,UGA,Africa,3.701944444444388,34.1852777777776,elevation_constrained_sample,0.3496143958868895,GMTED2010 clip gmted2010_mn15_UGA.tif; coffee_features altitude p10–p90 → band ~1601–2005 m
Uganda,UGA,Africa,-1.1980555555556087,29.83111111111094,elevation_constrained_sample,0.8329048843187661,GMTED2010 clip gmted2010_mn15_UGA.tif; coffee_features altitude p10–p90 → band ~1601–2005 m
Uganda,UGA,Africa,-0.8438888888889426,30.58111111111094,elevation_constrained_sample,0.3033419023136247,GMTED2010 clip gmted2010_mn15_UGA.tif; coffee_features altitude p10–p90 → band ~1601–2005 m
Uganda,UGA,Africa,-0.36055555555560925,30.368611111110937,elevation_constrained_sample,0.5732647814910026,GMTED2010 clip gmted2010_mn15_UGA.tif; coffee_features altitude p10–p90 → band ~1601–2005 m
Uganda,UGA,Africa,-0.9938888888889421,29.722777777777605,elevation_constrained_sample,0.2930591259640103,GMTED2010 clip gmted2010_mn15_UGA.tif; coffee_features altitude p10–p90 → band ~1601–2005 m
Uganda,UGA,Africa,3.3769444444443883,33.610277777777604,elevation_constrained_sample,0.7377892030848329,GMTED2010 clip gmted2010_mn15_UGA.tif; coffee_features altitude p10–p90 → band ~1601–2005 m
Uganda,UGA,Africa,-0.7397222222222757,30.297777777777604,elevation_constrained_sample,0.17737789203084833,GMTED2010 clip gmted2010_mn15_UGA.tif; coffee_features altitude p10–p90 → band ~1601–2005 m
Uganda,UGA,Africa,3.543611111111055,34.18111111111094,elevation_constrained_sample,0.15,GMTED2010 clip gmted2010_mn15_UGA.tif; coffee_features altitude p10–p90 → band ~1601–2005 m
Uganda,UGA,Africa,0.381111111111057,30.09361111111094,elevation_constrained_sample,0.33676092544987146,GMTED2010 clip gmted2010_mn15_UGA.tif; coffee_features altitude p10–p90 → band ~1601–2005 m
Uganda,UGA,Africa,-0.3522222222222764,30.497777777777603,elevation_constrained_sample,0.22879177377892032,GMTED2010 clip gmted2010_mn15_UGA.tif; coffee_features altitude p10–p90 → band ~1601–2005 m
Uganda,UGA,Africa,-0.8813888888889423,30.44361111111094,elevation_constrained_sample,0.18508997429305912,GMTED2010 clip gmted2010_mn15_UGA.tif; coffee_features altitude p10–p90 → band ~1601–2005 m
Uganda,UGA,Africa,3.776944444444388,33.8227777777776,elevation_constrained_sample,0.15,GMTED2010 clip gmted2010_mn15_UGA.tif; coffee_features altitude p10–p90 → band ~1601–2005 m
Uganda,UGA,Africa,-1.2980555555556084,29.92694444444427,elevation_constrained_sample,0.884318766066838,GMTED2010 clip gmted2010_mn15_UGA.tif; coffee_features altitude p10–p90 → band ~1601–2005 m
Uganda,UGA,Africa,-0.6355555555556096,30.060277777777607,elevation_constrained_sample,0.15,GMTED2010 clip gmted2010_mn15_UGA.tif; coffee_features altitude p10–p90 → band ~1601–2005 m
Uganda,UGA,Africa,-0.6230555555556094,30.05194444444427,elevation_constrained_sample,0.18766066838046272,GMTED2010 clip gmted2010_mn15_UGA.tif; coffee_features altitude p10–p90 → band ~1601–2005 m
Uganda,UGA,Africa,-1.3188888888889423,29.993611111110937,elevation_constrained_sample,0.8097686375321337,GMTED2010 clip gmted2010_mn15_UGA.tif; coffee_features altitude p10–p90 → band ~1601–2005 m
Uganda,UGA,Africa,3.4394444444443883,34.335277777777605,elevation_constrained_sample,0.18251928020565553,GMTED2010 clip gmted2010_mn15_UGA.tif; coffee_features altitude p10–p90 → band ~1601–2005 m
Uganda,UGA,Africa,0.3602777777777235,30.010277777777606,elevation_constrained_sample,0.8174807197943444,GMTED2010 clip gmted2010_mn15_UGA.tif; coffee_features altitude p10–p90 → band ~1601–2005 m
Uganda,UGA,Africa,-0.39388888888894247,30.39361111111094,elevation_constrained_sample,0.5347043701799485,GMTED2010 clip gmted2010_mn15_UGA.tif; coffee_features altitude p10–p90 → band ~1601–2005 m
Uganda,UGA,Africa,0.9061111111110565,34.36444444444427,elevation_constrained_sample,0.15,GMTED2010 clip gmted2010_mn15_UGA.tif; coffee_features altitude p10–p90 → band ~1601–2005 m
Uganda,UGA,Africa,3.489444444444388,34.27694444444427,elevation_constrained_sample,0.43444730077120824,GMTED2010 clip gmted2010_mn15_UGA.tif; coffee_features altitude p10–p90 → band ~1601–2005 m
Uganda,UGA,Africa,-1.3688888888889421,30.060277777777607,elevation_constrained_sample,0.9280205655526992,GMTED2010 clip gmted2010_mn15_UGA.tif; coffee_features altitude p10–p90 → band ~1601–2005 m
Uganda,UGA,Africa,-0.3230555555556096,30.35194444444427,elevation_constrained_sample,0.39845758354755784,GMTED2010 clip gmted2010_mn15_UGA.tif; coffee_features altitude p10–p90 → band ~1601–2005 m
Uganda,UGA,Africa,3.7686111111110545,32.91444444444427,elevation_constrained_sample,0.7557840616966581,GMTED2010 clip gmted2010_mn15_UGA.tif; coffee_features altitude p10–p90 → band ~1601–2005 m
Uganda,UGA,Africa,3.4352777777777215,34.23944444444427,elevation_constrained_sample,0.15,GMTED2010 clip gmted2010_mn15_UGA.tif; coffee_features altitude p10–p90 → band ~1601–2005 m
Uganda,UGA,Africa,-1.1355555555556087,29.86444444444427,elevation_constrained_sample,0.9305912596401028,GMTED2010 clip gmted2010_mn15_UGA.tif; coffee_features altitude p10–p90 → band ~1601–2005 m
Uganda,UGA,Africa,1.806111111111056,34.65194444444427,elevation_constrained_sample,0.3444730077120823,GMTED2010 clip gmted2010_mn15_UGA.tif; coffee_features altitude p10–p90 → band ~1601–2005 m
Uganda,UGA,Africa,-1.0397222222222755,29.59361111111094,elevation_constrained_sample,0.19794344473007713,GMTED2010 clip gmted2010_mn15_UGA.tif; coffee_features altitude p10–p90 → band ~1601–2005 m
Uganda,UGA,Africa,-1.2688888888889425,30.064444444444273,elevation_constrained_sample,0.8586118251928021,GMTED2010 clip gmted2010_mn15_UGA.tif; coffee_features altitude p10–p90 → band ~1601–2005 m
Uganda,UGA,Africa,1.8186111111110561,34.831111111110935,elevation_constrained_sample,0.6606683804627249,GMTED2010 clip gmted2010_mn15_UGA.tif; coffee_features altitude p10–p90 → band ~1601–2005 m
Uganda,UGA,Africa,-1.2980555555556084,29.635277777777606,elevation_constrained_sample,0.8817480719794345,GMTED2010 clip gmted2010_mn15_UGA.tif; coffee_features altitude p10–p90 → band ~1601–2005 m
Vietnam,VNM,Asia-Pacific,22.00611111111104,102.51861111111091,elevation_constrained_sample,0.4519650655021834,GMTED2010 clip gmted2010_mn15_VNM.tif; coffee_features altitude p10–p90 → band ~625–1564 m
Vietnam,VNM,Asia-Pacific,11.722777777777713,108.36444444444425,elevation_constrained_sample,0.31768558951965065,GMTED2010 clip gmted2010_mn15_VNM.tif; coffee_features altitude p10–p90 → band ~625–1564 m
Vietnam,VNM,Asia-Pacific,14.86027777777771,107.8561111111109,elevation_constrained_sample,0.38100436681222705,GMTED2010 clip gmted2010_mn15_VNM.tif; coffee_features altitude p10–p90 → band ~625–1564 m
Vietnam,VNM,Asia-Pacific,14.443611111111045,108.52277777777758,elevation_constrained_sample,0.3558951965065502,GMTED2010 clip gmted2010_mn15_VNM.tif; coffee_features altitude p10–p90 → band ~625–1564 m
Vietnam,VNM,Asia-Pacific,15.489444444444377,107.54777777777757,elevation_constrained_sample,0.3307860262008734,GMTED2010 clip gmted2010_mn15_VNM.tif; coffee_features altitude p10–p90 → band ~625–1564 m
Vietnam,VNM,Asia-Pacific,11.743611111111045,108.53944444444424,elevation_constrained_sample,0.4574235807860262,GMTED2010 clip gmted2010_mn15_VNM.tif; coffee_features altitude p10–p90 → band ~625–1564 m
Vietnam,VNM,Asia-Pacific,22.451944444444372,102.57694444444424,elevation_constrained_sample,0.388646288209607,GMTED2010 clip gmted2010_mn15_VNM.tif; coffee_features altitude p10–p90 → band ~625–1564 m
Vietnam,VNM,Asia-Pacific,14.039444444444378,108.24777777777757,elevation_constrained_sample,0.15,GMTED2010 clip gmted2010_mn15_VNM.tif; coffee_features altitude p10–p90 → band ~625–1564 m
Vietnam,VNM,Asia-Pacific,11.797777777777712,108.92694444444425,elevation_constrained_sample,0.3624454148471616,GMTED2010 clip gmted2010_mn15_VNM.tif; coffee_features altitude p10–p90 → band ~625–1564 m
Vietnam,VNM,Asia-Pacific,21.326944444444372,104.91027777777758,elevation_constrained_sample,0.15,GMTED2010 clip gmted2010_mn15_VNM.tif; coffee_features altitude p10–p90 → band ~625–1564 m
Vietnam,VNM,Asia-Pacific,22.585277777777705,104.8436111111109,elevation_constrained_sample,1.0,GMTED2010 clip gmted2010_mn15_VNM.tif; coffee_features altitude p10–p90 → band ~625–1564 m
Vietnam,VNM,Asia-Pacific,21.49361111111104,103.53527777777758,elevation_constrained_sample,0.46943231441048033,GMTED2010 clip gmted2010_mn15_VNM.tif; coffee_features altitude p10–p90 → band ~625–1564 m
Vietnam,VNM,Asia-Pacific,22.28944444444437,102.37694444444425,elevation_constrained_sample,0.35262008733624456,GMTED2010 clip gmted2010_mn15_VNM.tif; coffee_features altitude p10–p90 → band ~625–1564 m
Vietnam,VNM,Asia-Pacific,22.343611111111038,102.45611111111091,elevation_constrained_sample,0.43995633187772926,GMTED2010 clip gmted2010_mn15_VNM.tif; coffee_features altitude p10–p90 → band ~625–1564 m
Vietnam,VNM,Asia-Pacific,12.197777777777713,108.78944444444424,elevation_constrained_sample,0.29694323144104806,GMTED2010 clip gmted2010_mn15_VNM.tif; coffee_features altitude p10–p90 → band ~625–1564 m
Vietnam,VNM,Asia-Pacific,11.53944444444438,107.86861111111091,elevation_constrained_sample,0.15,GMTED2010 clip gmted2010_mn15_VNM.tif; coffee_features altitude p10–p90 → band ~625–1564 m
Vietnam,VNM,Asia-Pacific,14.760277777777711,108.23944444444425,elevation_constrained_sample,0.6353711790393013,GMTED2010 clip gmted2010_mn15_VNM.tif; coffee_features altitude p10–p90 → band ~625–1564 m
Vietnam,VNM,Asia-Pacific,12.235277777777712,108.68944444444423,elevation_constrained_sample,0.7609170305676856,GMTED2010 clip gmted2010_mn15_VNM.tif; coffee_features altitude p10–p90 → band ~625–1564 m
Vietnam,VNM,Asia-Pacific,21.039444444444374,104.00194444444425,elevation_constrained_sample,0.15,GMTED2010 clip gmted2010_mn15_VNM.tif; coffee_features altitude p10–p90 → band ~625–1564 m
Vietnam,VNM,Asia-Pacific,14.918611111111044,108.37277777777757,elevation_constrained_sample,0.8700873362445415,GMTED2010 clip gmted2010_mn15_VNM.tif; coffee_features altitude p10–p90 → band ~625–1564 m
Vietnam,VNM,Asia-Pacific,21.972777777777704,103.56444444444425,elevation_constrained_sample,0.15,GMTED2010 clip gmted2010_mn15_VNM.tif; coffee_features altitude p10–p90 → band ~625–1564 m
Vietnam,VNM,Asia-Pacific,15.22277777777771,108.04777777777757,elevation_constrained_sample,0.15,GMTED2010 clip gmted2010_mn15_VNM.tif; coffee_features altitude p10–p90 → band ~625–1564 m
Vietnam,VNM,Asia-Pacific,11.801944444444379,109.00194444444423,elevation_constrained_sample,0.3395196506550218,GMTED2010 clip gmted2010_mn15_VNM.tif; coffee_features altitude p10–p90 → band ~625–1564 m
Vietnam,VNM,Asia-Pacific,12.864444444444379,108.81027777777757,elevation_constrained_sample,0.3034934497816594,GMTED2010 clip gmted2010_mn15_VNM.tif; coffee_features altitude p10–p90 → band ~625–1564 m
Vietnam,VNM,Asia-Pacific,12.01444444444438,108.1561111111109,elevation_constrained_sample,0.15,GMTED2010 clip gmted2010_mn15_VNM.tif; coffee_features altitude p10–p90 → band ~625–1564 m
Vietnam,VNM,Asia-Pacific,22.072777777777706,103.32694444444424,elevation_constrained_sample,0.7030567685589519,GMTED2010 clip gmted2010_mn15_VNM.tif; coffee_features altitude p10–p90 → band ~625–1564 m
Vietnam,VNM,Asia-Pacific,11.531111111111047,108.0811111111109,elevation_constrained_sample,0.35917030567685587,GMTED2010 clip gmted2010_mn15_VNM.tif; coffee_features altitude p10–p90 → band ~625–1564 m
Vietnam,VNM,Asia-Pacific,22.764444444444372,104.86027777777757,elevation_constrained_sample,0.15,GMTED2010 clip gmted2010_mn15_VNM.tif; coffee_features altitude p10–p90 → band ~625–1564 m
Vietnam,VNM,Asia-Pacific,11.822777777777713,108.6061111111109,elevation_constrained_sample,0.4672489082969432,GMTED2010 clip gmted2010_mn15_VNM.tif; coffee_features altitude p10–p90 → band ~625–1564 m
Vietnam,VNM,Asia-Pacific,22.310277777777706,105.50611111111091,elevation_constrained_sample,0.15,GMTED2010 clip gmted2010_mn15_VNM.tif; coffee_features altitude p10–p90 → band ~625–1564 m
Vietnam,VNM,Asia-Pacific,21.91861111111104,103.96027777777758,elevation_constrained_sample,0.6681222707423581,GMTED2010 clip gmted2010_mn15_VNM.tif; coffee_features altitude p10–p90 → band ~625–1564 m
Vietnam,VNM,Asia-Pacific,20.89361111111104,103.82277777777757,elevation_constrained_sample,0.31877729257641924,GMTED2010 clip gmted2010_mn15_VNM.tif; coffee_features altitude p10–p90 → band ~625–1564 m
Vietnam,VNM,Asia-Pacific,14.489444444444377,108.74361111111091,elevation_constrained_sample,0.21615720524017468,GMTED2010 clip gmted2010_mn15_VNM.tif; coffee_features altitude p10–p90 → band ~625–1564 m
Vietnam,VNM,Asia-Pacific,15.356111111111044,107.7186111111109,elevation_constrained_sample,0.15,GMTED2010 clip gmted2010_mn15_VNM.tif; coffee_features altitude p10–p90 → band ~625–1564 m
Vietnam,VNM,Asia-Pacific,13.093611111111045,108.30194444444425,elevation_constrained_sample,0.17248908296943233,GMTED2010 clip gmted2010_mn15_VNM.tif; coffee_features altitude p10–p90 → band ~625–1564 m
Vietnam,VNM,Asia-Pacific,22.347777777777704,105.9811111111109,elevation_constrained_sample,0.15,GMTED2010 clip gmted2010_mn15_VNM.tif; coffee_features altitude p10–p90 → band ~625–1564 m
Vietnam,VNM,Asia-Pacific,22.322777777777706,102.31027777777757,elevation_constrained_sample,0.42139737991266374,GMTED2010 clip gmted2010_mn15_VNM.tif; coffee_features altitude p10–p90 → band ~625–1564 m
Vietnam,VNM,Asia-Pacific,22.135277777777706,104.05194444444425,elevation_constrained_sample,0.6997816593886463,GMTED2010 clip gmted2010_mn15_VNM.tif; coffee_features altitude p10–p90 → band ~625–1564 m
Vietnam,VNM,Asia-Pacific,21.960277777777705,104.3436111111109,elevation_constrained_sample,0.28056768558951967,GMTED2010 clip gmted2010_mn15_VNM.tif; coffee_features altitude p10–p90 → band ~625–1564 m
Vietnam,VNM,Asia-Pacific,22.210277777777705,103.89361111111091,elevation_constrained_sample,0.8089519650655022,GMTED2010 clip gmted2010_mn15_VNM.tif; coffee_features altitude p10–p90 → band ~625–1564 m
Vietnam,VNM,Asia-Pacific,20.522777777777705,105.22277777777758,elevation_constrained_sample,0.24017467248908297,GMTED2010 clip gmted2010_mn15_VNM.tif; coffee_features altitude p10–p90 → band ~625–1564 m
Vietnam,VNM,Asia-Pacific,20.960277777777705,103.47694444444424,elevation_constrained_sample,0.5600436681222707,GMTED2010 clip gmted2010_mn15_VNM.tif; coffee_features altitude p10–p90 → band ~625–1564 m
Vietnam,VNM,Asia-Pacific,17.35611111111104,106.29777777777757,elevation_constrained_sample,0.15,GMTED2010 clip gmted2010_mn15_VNM.tif; coffee_features altitude p10–p90 → band ~625–1564 m
Vietnam,VNM,Asia-Pacific,15.301944444444377,107.9686111111109,elevation_constrained_sample,0.5087336244541485,GMTED2010 clip gmted2010_mn15_VNM.tif; coffee_features altitude p10–p90 → band ~625–1564 m
Vietnam,VNM,Asia-Pacific,12.239444444444379,108.1686111111109,elevation_constrained_sample,0.15,GMTED2010 clip gmted2010_mn15_VNM.tif; coffee_features altitude p10–p90 → band ~625–1564 m
Vietnam,VNM,Asia-Pacific,22.435277777777706,102.37694444444425,elevation_constrained_sample,0.15,GMTED2010 clip gmted2010_mn15_VNM.tif; coffee_features altitude p10–p90 → band ~625–1564 m
Vietnam,VNM,Asia-Pacific,21.289444444444374,103.73527777777758,elevation_constrained_sample,0.15,GMTED2010 clip gmted2010_mn15_VNM.tif; coffee_features altitude p10–p90 → band ~625–1564 m
Vietnam,VNM,Asia-Pacific,12.447777777777713,108.44777777777757,elevation_constrained_sample,0.3635371179039301,GMTED2010 clip gmted2010_mn15_VNM.tif; coffee_features altitude p10–p90 → band ~625–1564 m
Vietnam,VNM,Asia-Pacific,22.497777777777706,103.75611111111091,elevation_constrained_sample,0.6331877729257642,GMTED2010 clip gmted2010_mn15_VNM.tif; coffee_features altitude p10–p90 → band ~625–1564 m
Vietnam,VNM,Asia-Pacific,16.79361111111104,106.68944444444423,elevation_constrained_sample,0.15,GMTED2010 clip gmted2010_mn15_VNM.tif; coffee_features altitude p10–p90 → band ~625–1564 m
Vietnam,VNM,Asia-Pacific,20.90611111111104,103.28527777777758,elevation_constrained_sample,0.6058951965065502,GMTED2010 clip gmted2010_mn15_VNM.tif; coffee_features altitude p10–p90 → band ~625–1564 m
Vietnam,VNM,Asia-Pacific,22.264444444444372,102.98527777777758,elevation_constrained_sample,0.8176855895196506,GMTED2010 clip gmted2010_mn15_VNM.tif; coffee_features altitude p10–p90 → band ~625–1564 m
Vietnam,VNM,Asia-Pacific,12.322777777777713,108.4686111111109,elevation_constrained_sample,0.24781659388646288,GMTED2010 clip gmted2010_mn15_VNM.tif; coffee_features altitude p10–p90 → band ~625–1564 m
Vietnam,VNM,Asia-Pacific,19.535277777777708,104.16027777777758,elevation_constrained_sample,0.15,GMTED2010 clip gmted2010_mn15_VNM.tif; coffee_features altitude p10–p90 → band ~625–1564 m
Vietnam,VNM,Asia-Pacific,21.147777777777705,104.48527777777758,elevation_constrained_sample,0.41375545851528384,GMTED2010 clip gmted2010_mn15_VNM.tif; coffee_features altitude p10–p90 → band ~625–1564 m
Vietnam,VNM,Asia-Pacific,19.422777777777707,104.51027777777757,elevation_constrained_sample,0.15,GMTED2010 clip gmted2010_mn15_VNM.tif; coffee_features altitude p10–p90 → band ~625–1564 m
Vietnam,VNM,Asia-Pacific,18.86861111111104,104.69777777777757,elevation_constrained_sample,0.34279475982532753,GMTED2010 clip gmted2010_mn15_VNM.tif; coffee_features altitude p10–p90 → band ~625–1564 m
Vietnam,VNM,Asia-Pacific,14.931111111111043,108.4061111111109,elevation_constrained_sample,0.18340611353711792,GMTED2010 clip gmted2010_mn15_VNM.tif; coffee_features altitude p10–p90 → band ~625–1564 m
Vietnam,VNM,Asia-Pacific,22.83944444444437,104.7811111111109,elevation_constrained_sample,0.5403930131004366,GMTED2010 clip gmted2010_mn15_VNM.tif; coffee_features altitude p10–p90 → band ~625–1564 m
Vietnam,VNM,Asia-Pacific,21.439444444444373,103.60194444444424,elevation_constrained_sample,0.25,GMTED2010 clip gmted2010_mn15_VNM.tif; coffee_features altitude p10–p90 → band ~625–1564 m
Vietnam,VNM,Asia-Pacific,22.69361111111104,103.32694444444424,elevation_constrained_sample,0.18777292576419213,GMTED2010 clip gmted2010_mn15_VNM.tif; coffee_features altitude p10–p90 → band ~625–1564 m
Vietnam,VNM,Asia-Pacific,21.16861111111104,103.32694444444424,elevation_constrained_sample,0.8362445414847162,GMTED2010 clip gmted2010_mn15_VNM.tif; coffee_features altitude p10–p90 → band ~625–1564 m
Vietnam,VNM,Asia-Pacific,22.24361111111104,102.53111111111092,elevation_constrained_sample,0.29694323144104806,GMTED2010 clip gmted2010_mn15_VNM.tif; coffee_features altitude p10–p90 → band ~625–1564 m
Vietnam,VNM,Asia-Pacific,21.801944444444374,103.23527777777758,elevation_constrained_sample,0.8493449781659389,GMTED2010 clip gmted2010_mn15_VNM.tif; coffee_features altitude p10–p90 → band ~625–1564 m
Vietnam,VNM,Asia-Pacific,11.956111111111046,107.49361111111091,elevation_constrained_sample,0.15,GMTED2010 clip gmted2010_mn15_VNM.tif; coffee_features altitude p10–p90 → band ~625–1564 m
Vietnam,VNM,Asia-Pacific,12.251944444444378,107.62694444444423,elevation_constrained_sample,0.30131004366812225,GMTED2010 clip gmted2010_mn15_VNM.tif; coffee_features altitude p10–p90 → band ~625–1564 m
Vietnam,VNM,Asia-Pacific,22.19361111111104,102.61861111111091,elevation_constrained_sample,0.5283842794759825,GMTED2010 clip gmted2010_mn15_VNM.tif; coffee_features altitude p10–p90 → band ~625–1564 m
Vietnam,VNM,Asia-Pacific,22.810277777777706,106.2186111111109,elevation_constrained_sample,0.2685589519650655,GMTED2010 clip gmted2010_mn15_VNM.tif; coffee_features altitude p10–p90 → band ~625–1564 m
Vietnam,VNM,Asia-Pacific,21.24361111111104,104.00194444444425,elevation_constrained_sample,0.15,GMTED2010 clip gmted2010_mn15_VNM.tif; coffee_features altitude p10–p90 → band ~625–1564 m
Vietnam,VNM,Asia-Pacific,21.46444444444437,103.50194444444425,elevation_constrained_sample,0.3962882096069869,GMTED2010 clip gmted2010_mn15_VNM.tif; coffee_features altitude p10–p90 → band ~625–1564 m
Vietnam,VNM,Asia-Pacific,13.560277777777712,108.71027777777758,elevation_constrained_sample,0.34170305676855894,GMTED2010 clip gmted2010_mn15_VNM.tif; coffee_features altitude p10–p90 → band ~625–1564 m
Vietnam,VNM,Asia-Pacific,22.597777777777704,102.56861111111091,elevation_constrained_sample,0.47161572052401746,GMTED2010 clip gmted2010_mn15_VNM.tif; coffee_features altitude p10–p90 → band ~625–1564 m
Vietnam,VNM,Asia-Pacific,14.068611111111045,108.38944444444424,elevation_constrained_sample,0.19978165938864628,GMTED2010 clip gmted2010_mn15_VNM.tif; coffee_features altitude p10–p90 → band ~625–1564 m
Vietnam,VNM,Asia-Pacific,13.347777777777711,108.8936111111109,elevation_constrained_sample,0.1615720524017467,GMTED2010 clip gmted2010_mn15_VNM.tif; coffee_features altitude p10–p90 → band ~625–1564 m
Vietnam,VNM,Asia-Pacific,22.093611111111038,103.01027777777757,elevation_constrained_sample,0.7379912663755459,GMTED2010 clip gmted2010_mn15_VNM.tif; coffee_features altitude p10–p90 → band ~625–1564 m
Vietnam,VNM,Asia-Pacific,15.239444444444377,108.3436111111109,elevation_constrained_sample,0.15,GMTED2010 clip gmted2010_mn15_VNM.tif; coffee_features altitude p10–p90 → band ~625–1564 m
Vietnam,VNM,Asia-Pacific,21.689444444444373,104.34777777777758,elevation_constrained_sample,0.8078602620087336,GMTED2010 clip gmted2010_mn15_VNM.tif; coffee_features altitude p10–p90 → band ~625–1564 m
Vietnam,VNM,Asia-Pacific,15.38527777777771,107.54777777777757,elevation_constrained_sample,0.4268558951965066,GMTED2010 clip gmted2010_mn15_VNM.tif; coffee_features altitude p10–p90 → band ~625–1564 m
Vietnam,VNM,Asia-Pacific,14.826944444444377,107.90194444444424,elevation_constrained_sample,0.4585152838427948,GMTED2010 clip gmted2010_mn15_VNM.tif; coffee_features altitude p10–p90 → band ~625–1564 m
Vietnam,VNM,Asia-Pacific,18.726944444444374,105.06444444444425,elevation_constrained_sample,0.15,GMTED2010 clip gmted2010_mn15_VNM.tif; coffee_features altitude p10–p90 → band ~625–1564 m
